Product_Name,Region,Week_Start,Quantity_Sold,Avg_Price,Avg_Temperature,Festival_Names,Num_Days,Festival_Indicator,Holiday_Indicator
Butter (500g),Central,2020-12-28,881,245.63,17.4,No_Festival,3,No,No
Butter (500g),Central,2021-01-04,2114,249.27,17.9,No_Festival,7,No,No
Butter (500g),Central,2021-01-11,1134,248.6,18.1,Makar Sankranti,4,Yes,Yes
Butter (500g),Central,2021-01-18,950,245.99,17.6,No_Festival,4,No,No
Butter (500g),Central,2021-01-25,1627,247.17,17.1,Republic Day,7,Yes,Yes
Butter (500g),Central,2021-02-01,1453,252.89,19.7,No_Festival,5,No,No
Butter (500g),Central,2021-02-08,1583,252.38,22.5,No_Festival,4,No,No
Butter (500g),Central,2021-02-15,1423,251.78,21.8,No_Festival,6,No,No
Butter (500g),Central,2021-02-22,1744,249.2,19.7,No_Festival,6,No,No
Butter (500g),Central,2021-03-01,1271,247.14,27.1,No_Festival,6,No,No
Butter (500g),Central,2021-03-08,1162,249.5,26.6,No_Festival,6,No,No
Butter (500g),Central,2021-03-15,1496,248.74,27.4,No_Festival,5,No,No
Butter (500g),Central,2021-03-22,985,249.77,27.2,No_Festival,3,No,No
Butter (500g),Central,2021-03-29,1586,248.1,30.3,No_Festival,6,No,No
Butter (500g),Central,2021-04-05,958,255.43,31.6,No_Festival,3,No,No
Butter (500g),Central,2021-04-12,1602,249.5,33.9,Baisakhi,7,Yes,Yes
Butter (500g),Central,2021-04-19,584,248.21,34.4,No_Festival,3,No,No
Butter (500g),Central,2021-04-26,1459,248.57,34.8,No_Festival,5,No,No
Butter (500g),Central,2021-05-03,1389,250.26,38.2,No_Festival,5,No,No
Butter (500g),Central,2021-05-10,1250,252.09,37.5,No_Festival,5,No,No
Butter (500g),Central,2021-05-17,1349,249.22,38.5,No_Festival,6,No,No
Butter (500g),Central,2021-05-24,1228,251.02,37.4,No_Festival,5,No,No
Butter (500g),Central,2021-05-31,1938,251.03,36.5,No_Festival,7,No,No
Butter (500g),Central,2021-06-07,1059,250.78,36.5,No_Festival,5,No,No
Butter (500g),Central,2021-06-14,1279,244.75,36.6,No_Festival,6,No,No
Butter (500g),Central,2021-06-21,1134,248.1,36.9,No_Festival,4,No,No
Butter (500g),Central,2021-06-28,499,254.98,36.8,No_Festival,2,No,No
Butter (500g),Central,2021-07-05,2007,249.68,30.4,No_Festival,7,No,No
Butter (500g),Central,2021-07-12,2376,249.25,31.1,No_Festival,7,No,No
Butter (500g),Central,2021-07-19,1624,253.62,31.2,No_Festival,6,No,Yes
Butter (500g),Central,2021-07-26,924,246.24,30.6,No_Festival,4,No,No
Butter (500g),Central,2021-08-02,1881,250.08,29.5,No_Festival,7,No,No
Butter (500g),Central,2021-08-09,1600,250.27,28.9,Independence Day,5,Yes,Yes
Butter (500g),Central,2021-08-16,1404,249.73,30.6,No_Festival,5,No,No
Butter (500g),Central,2021-08-23,1749,251.38,31.0,No_Festival,6,No,No
Butter (500g),Central,2021-08-30,1112,250.93,27.2,No_Festival,4,No,No
Butter (500g),Central,2021-09-06,1380,249.93,30.0,No_Festival,5,No,No
Butter (500g),Central,2021-09-13,2025,248.82,29.2,No_Festival,7,No,No
Butter (500g),Central,2021-09-20,1226,252.53,30.1,No_Festival,6,No,No
Butter (500g),Central,2021-09-27,1357,248.72,28.2,No_Festival,5,No,No
Butter (500g),Central,2021-10-04,1261,249.47,27.6,No_Festival,5,No,No
Butter (500g),Central,2021-10-11,660,250.35,27.3,No_Festival,3,No,No
Butter (500g),Central,2021-10-18,623,248.92,29.2,No_Festival,3,No,No
Butter (500g),Central,2021-10-25,1365,248.03,27.9,No_Festival,6,No,No
Butter (500g),Central,2021-11-01,1118,251.95,22.6,Diwali,5,Yes,Yes
Butter (500g),Central,2021-11-08,1849,251.19,22.3,No_Festival,6,No,No
Butter (500g),Central,2021-11-15,1965,250.88,23.0,Guru Nanak Jayanti,6,Yes,Yes
Butter (500g),Central,2021-11-22,1461,250.25,22.8,No_Festival,5,No,No
Butter (500g),Central,2021-11-29,1297,249.16,19.0,No_Festival,5,No,No
Butter (500g),Central,2021-12-06,1499,250.43,19.5,No_Festival,6,No,No
Butter (500g),Central,2021-12-13,1493,249.95,18.4,No_Festival,6,No,No
Butter (500g),Central,2021-12-20,1050,250.4,16.7,Christmas,4,Yes,Yes
Butter (500g),Central,2021-12-27,1536,252.09,17.6,No_Festival,5,No,No
Butter (500g),Central,2022-01-03,1161,259.76,18.1,No_Festival,5,No,No
Butter (500g),Central,2022-01-10,1679,261.01,17.3,Makar Sankranti,5,Yes,Yes
Butter (500g),Central,2022-01-17,1109,258.69,17.2,No_Festival,5,No,No
Butter (500g),Central,2022-01-24,1266,262.03,18.1,Republic Day,4,Yes,Yes
Butter (500g),Central,2022-01-31,1441,262.14,18.9,No_Festival,6,No,No
Butter (500g),Central,2022-02-07,912,264.94,22.9,No_Festival,5,No,No
Butter (500g),Central,2022-02-14,1602,261.11,22.0,No_Festival,6,No,No
Butter (500g),Central,2022-02-21,1620,259.98,21.3,No_Festival,6,No,No
Butter (500g),Central,2022-02-28,970,265.59,24.2,No_Festival,5,No,No
Butter (500g),Central,2022-03-07,1461,264.72,27.7,No_Festival,6,No,No
Butter (500g),Central,2022-03-14,2073,263.38,26.6,Holi,6,Yes,Yes
Butter (500g),Central,2022-03-21,1510,260.92,27.6,No_Festival,7,No,No
Butter (500g),Central,2022-03-28,933,262.81,28.4,No_Festival,4,No,No
Butter (500g),Central,2022-04-04,1120,260.78,34.9,No_Festival,5,No,No
Butter (500g),Central,2022-04-11,1279,262.26,32.2,Baisakhi,5,Yes,Yes
Butter (500g),Central,2022-04-18,1736,262.24,32.2,No_Festival,7,No,No
Butter (500g),Central,2022-04-25,1423,261.9,33.7,No_Festival,5,No,No
Butter (500g),Central,2022-05-02,2315,264.75,39.3,No_Festival,7,No,Yes
Butter (500g),Central,2022-05-09,676,259.91,39.0,No_Festival,4,No,No
Butter (500g),Central,2022-05-16,1781,261.42,37.9,No_Festival,6,No,No
Butter (500g),Central,2022-05-23,1676,264.14,36.6,No_Festival,6,No,No
Butter (500g),Central,2022-05-30,1475,264.74,36.4,No_Festival,6,No,No
Butter (500g),Central,2022-06-06,1263,261.83,35.0,No_Festival,5,No,No
Butter (500g),Central,2022-06-13,1493,264.15,35.3,No_Festival,5,No,No
Butter (500g),Central,2022-06-20,1557,260.35,35.7,No_Festival,7,No,No
Butter (500g),Central,2022-06-27,957,259.56,38.9,No_Festival,4,No,No
Butter (500g),Central,2022-07-04,1742,263.62,31.1,No_Festival,7,No,Yes
Butter (500g),Central,2022-07-11,1573,260.49,31.2,No_Festival,6,No,No
Butter (500g),Central,2022-07-18,1790,263.76,30.5,No_Festival,6,No,No
Butter (500g),Central,2022-07-25,1325,259.51,31.8,No_Festival,5,No,No
Butter (500g),Central,2022-08-01,2208,260.08,28.8,No_Festival,7,No,No
Butter (500g),Central,2022-08-08,1146,260.67,30.1,Raksha Bandhan,3,Yes,Yes
Butter (500g),Central,2022-08-15,1672,267.14,30.9,Independence Day,6,Yes,Yes
Butter (500g),Central,2022-08-22,1690,262.24,31.2,No_Festival,5,No,No
Butter (500g),Central,2022-08-29,1279,260.12,31.2,No_Festival,4,No,No
Butter (500g),Central,2022-09-05,1463,262.53,30.2,No_Festival,5,No,No
Butter (500g),Central,2022-09-12,1032,260.87,30.7,No_Festival,5,No,No
Butter (500g),Central,2022-09-19,1541,260.01,31.9,No_Festival,5,No,No
Butter (500g),Central,2022-09-26,1374,265.16,29.4,Gandhi Jayanti,5,Yes,Yes
Butter (500g),Central,2022-10-03,1603,262.13,29.4,No_Festival,6,No,No
Butter (500g),Central,2022-10-10,1527,261.11,27.6,No_Festival,6,No,No
Butter (500g),Central,2022-10-17,1389,262.42,27.4,No_Festival,6,No,No
Butter (500g),Central,2022-10-24,1658,264.68,29.0,Diwali,6,Yes,Yes
Butter (500g),Central,2022-10-31,1516,265.6,23.5,No_Festival,6,No,No
Butter (500g),Central,2022-11-07,1305,265.38,22.1,Guru Nanak Jayanti,5,Yes,Yes
Butter (500g),Central,2022-11-14,1042,259.95,21.9,No_Festival,4,No,No
Butter (500g),Central,2022-11-21,1391,263.38,23.0,No_Festival,6,No,No
Butter (500g),Central,2022-11-28,1305,262.83,19.5,No_Festival,5,No,No
Butter (500g),Central,2022-12-05,1335,264.3,18.8,No_Festival,6,No,No
Butter (500g),Central,2022-12-12,1138,264.5,18.4,No_Festival,5,No,No
Butter (500g),Central,2022-12-19,1973,263.99,17.0,Christmas,7,Yes,Yes
Butter (500g),Central,2022-12-26,1454,268.1,18.6,No_Festival,5,No,No
Butter (500g),Central,2023-01-02,1499,277.4,17.8,No_Festival,7,No,No
Butter (500g),Central,2023-01-09,965,275.01,18.0,No_Festival,4,No,No
Butter (500g),Central,2023-01-16,1115,276.0,17.1,No_Festival,4,No,No
Butter (500g),Central,2023-01-23,1808,276.39,17.4,Republic Day,7,Yes,Yes
Butter (500g),Central,2023-01-30,1151,276.44,18.6,No_Festival,4,No,No
Butter (500g),Central,2023-02-06,997,274.96,22.5,No_Festival,4,No,No
Butter (500g),Central,2023-02-13,1290,274.2,21.4,No_Festival,4,No,No
Butter (500g),Central,2023-02-20,1185,276.92,20.5,No_Festival,5,No,No
Butter (500g),Central,2023-02-27,1440,274.38,26.1,No_Festival,5,No,No
Butter (500g),Central,2023-03-06,1386,272.38,27.0,Holi,5,Yes,Yes
Butter (500g),Central,2023-03-13,995,272.2,25.8,No_Festival,5,No,No
Butter (500g),Central,2023-03-20,1185,277.68,26.7,No_Festival,4,No,No
Butter (500g),Central,2023-03-27,1869,272.88,28.1,No_Festival,7,No,No
Butter (500g),Central,2023-04-03,1398,274.46,32.3,No_Festival,6,No,No
Butter (500g),Central,2023-04-10,1725,275.9,32.8,Baisakhi,5,Yes,Yes
Butter (500g),Central,2023-04-17,1232,275.54,34.2,No_Festival,4,No,Yes
Butter (500g),Central,2023-04-24,642,274.41,34.2,No_Festival,3,No,No
Butter (500g),Central,2023-05-01,1182,279.0,37.8,No_Festival,5,No,No
Butter (500g),Central,2023-05-08,1384,276.4,39.0,No_Festival,5,No,No
Butter (500g),Central,2023-05-15,1603,273.15,38.0,No_Festival,6,No,No
Butter (500g),Central,2023-05-22,1886,274.44,39.4,No_Festival,6,No,No
Butter (500g),Central,2023-05-29,726,277.34,35.2,No_Festival,3,No,No
Butter (500g),Central,2023-06-05,1659,278.54,35.7,No_Festival,6,No,No
Butter (500g),Central,2023-06-12,1291,276.97,36.9,No_Festival,4,No,No
Butter (500g),Central,2023-06-19,1547,271.37,36.7,No_Festival,5,No,No
Butter (500g),Central,2023-06-26,1436,274.08,35.1,No_Festival,7,No,Yes
Butter (500g),Central,2023-07-03,1471,278.1,30.9,No_Festival,6,No,No
Butter (500g),Central,2023-07-10,1914,277.48,31.2,No_Festival,7,No,No
Butter (500g),Central,2023-07-17,1369,276.22,32.4,No_Festival,5,No,No
Butter (500g),Central,2023-07-24,949,281.25,31.4,No_Festival,5,No,No
Butter (500g),Central,2023-07-31,983,276.09,29.0,No_Festival,4,No,No
Butter (500g),Central,2023-08-07,1658,275.41,29.4,No_Festival,6,No,No
Butter (500g),Central,2023-08-14,1639,273.54,29.9,Independence Day,6,Yes,Yes
Butter (500g),Central,2023-08-21,1651,273.83,29.6,No_Festival,6,No,No
Butter (500g),Central,2023-08-28,1330,274.85,31.2,Raksha Bandhan,6,Yes,Yes
Butter (500g),Central,2023-09-04,1190,277.54,29.8,No_Festival,6,No,No
Butter (500g),Central,2023-09-11,1282,274.61,29.2,No_Festival,6,No,No
Butter (500g),Central,2023-09-18,1366,271.93,29.9,No_Festival,4,No,No
Butter (500g),Central,2023-09-25,1345,274.26,31.2,No_Festival,4,No,No
Butter (500g),Central,2023-10-02,1973,274.15,29.5,Gandhi Jayanti,5,Yes,Yes
Butter (500g),Central,2023-10-09,954,274.23,27.5,No_Festival,4,No,No
Butter (500g),Central,2023-10-16,1340,275.84,26.8,No_Festival,5,No,No
Butter (500g),Central,2023-10-23,1445,272.14,27.2,No_Festival,6,No,No
Butter (500g),Central,2023-10-30,1871,275.01,24.6,No_Festival,6,No,No
Butter (500g),Central,2023-11-06,1788,277.05,21.2,Diwali,6,Yes,Yes
Butter (500g),Central,2023-11-13,1850,274.78,22.7,No_Festival,6,No,No
Butter (500g),Central,2023-11-20,1383,274.78,22.3,No_Festival,6,No,No
Butter (500g),Central,2023-11-27,1399,275.47,21.7,No_Festival,6,No,No
Butter (500g),Central,2023-12-04,1047,274.02,17.6,No_Festival,4,No,No
Butter (500g),Central,2023-12-11,1025,272.97,20.0,No_Festival,6,No,No
Butter (500g),Central,2023-12-18,1195,275.29,18.7,No_Festival,5,No,No
Butter (500g),Central,2023-12-25,1367,278.68,18.3,No_Festival,5,No,No
Butter (500g),East,2020-12-28,910,250.93,17.6,No_Festival,3,No,No
Butter (500g),East,2021-01-04,1012,252.33,19.6,No_Festival,3,No,No
Butter (500g),East,2021-01-11,1339,250.65,18.6,Makar Sankranti,5,Yes,Yes
Butter (500g),East,2021-01-18,1181,249.65,17.8,No_Festival,6,No,No
Butter (500g),East,2021-01-25,1199,248.34,19.6,No_Festival,4,No,No
Butter (500g),East,2021-02-01,1190,250.31,20.1,No_Festival,6,No,No
Butter (500g),East,2021-02-08,1590,252.71,20.6,No_Festival,6,No,No
Butter (500g),East,2021-02-15,782,250.33,23.1,No_Festival,5,No,No
Butter (500g),East,2021-02-22,1352,251.77,21.1,No_Festival,5,No,No
Butter (500g),East,2021-03-01,746,248.56,27.1,No_Festival,3,No,No
Butter (500g),East,2021-03-08,2050,251.62,25.8,No_Festival,7,No,No
Butter (500g),East,2021-03-15,1211,249.48,27.4,No_Festival,4,No,No
Butter (500g),East,2021-03-22,1866,251.15,26.3,Holi,7,Yes,Yes
Butter (500g),East,2021-03-29,1100,250.39,30.4,No_Festival,5,No,No
Butter (500g),East,2021-04-05,1370,247.31,31.9,No_Festival,6,No,No
Butter (500g),East,2021-04-12,1408,250.06,32.7,Baisakhi,4,Yes,Yes
Butter (500g),East,2021-04-19,555,246.38,30.4,No_Festival,3,No,No
Butter (500g),East,2021-04-26,1366,249.94,32.1,No_Festival,5,No,No
Butter (500g),East,2021-05-03,1855,250.56,34.5,No_Festival,6,No,No
Butter (500g),East,2021-05-10,1749,249.81,35.4,No_Festival,6,No,Yes
Butter (500g),East,2021-05-17,1603,246.03,35.4,No_Festival,5,No,No
Butter (500g),East,2021-05-24,1147,250.59,32.8,No_Festival,4,No,No
Butter (500g),East,2021-05-31,1422,249.49,33.0,No_Festival,6,No,No
Butter (500g),East,2021-06-07,1224,248.93,31.8,No_Festival,5,No,No
Butter (500g),East,2021-06-14,1538,251.71,32.4,No_Festival,6,No,No
Butter (500g),East,2021-06-21,981,249.69,32.3,No_Festival,5,No,No
Butter (500g),East,2021-06-28,1217,248.7,32.9,No_Festival,5,No,No
Butter (500g),East,2021-07-05,1637,248.94,29.7,No_Festival,6,No,No
Butter (500g),East,2021-07-12,1262,252.1,29.3,No_Festival,5,No,No
Butter (500g),East,2021-07-19,935,249.68,29.4,No_Festival,4,No,Yes
Butter (500g),East,2021-07-26,1496,247.46,29.8,No_Festival,6,No,No
Butter (500g),East,2021-08-02,956,248.46,28.5,No_Festival,4,No,No
Butter (500g),East,2021-08-09,1672,249.44,30.2,Independence Day,6,Yes,Yes
Butter (500g),East,2021-08-16,1689,249.18,29.9,Raksha Bandhan,6,Yes,Yes
Butter (500g),East,2021-08-23,946,250.17,30.2,No_Festival,3,No,No
Butter (500g),East,2021-08-30,698,251.68,29.1,No_Festival,3,No,No
Butter (500g),East,2021-09-06,999,246.63,29.2,No_Festival,4,No,No
Butter (500g),East,2021-09-13,741,247.53,28.9,No_Festival,3,No,No
Butter (500g),East,2021-09-20,1881,245.09,28.9,No_Festival,6,No,No
Butter (500g),East,2021-09-27,2020,250.64,27.8,Gandhi Jayanti,7,Yes,Yes
Butter (500g),East,2021-10-04,1422,251.64,26.1,No_Festival,5,No,No
Butter (500g),East,2021-10-11,834,247.8,27.8,Navratri,4,Yes,Yes
Butter (500g),East,2021-10-18,1292,246.63,27.4,No_Festival,5,No,No
Butter (500g),East,2021-10-25,1416,251.47,27.8,No_Festival,6,No,No
Butter (500g),East,2021-11-01,915,250.06,23.9,No_Festival,4,No,No
Butter (500g),East,2021-11-08,1598,246.88,22.1,No_Festival,5,No,No
Butter (500g),East,2021-11-15,1527,252.87,23.4,Guru Nanak Jayanti,5,Yes,Yes
Butter (500g),East,2021-11-22,1379,251.96,21.0,No_Festival,7,No,No
Butter (500g),East,2021-11-29,1311,251.46,18.3,No_Festival,6,No,No
Butter (500g),East,2021-12-06,762,251.5,16.6,No_Festival,4,No,No
Butter (500g),East,2021-12-13,968,253.55,16.4,No_Festival,5,No,No
Butter (500g),East,2021-12-20,1307,252.94,16.7,Christmas,4,Yes,Yes
Butter (500g),East,2021-12-27,1086,252.06,16.1,No_Festival,4,No,No
Butter (500g),East,2022-01-03,1481,262.37,18.6,No_Festival,6,No,No
Butter (500g),East,2022-01-10,1346,260.02,18.2,Makar Sankranti,5,Yes,Yes
Butter (500g),East,2022-01-17,1667,263.24,19.4,No_Festival,7,No,No
Butter (500g),East,2022-01-24,1077,262.47,18.2,No_Festival,4,No,No
Butter (500g),East,2022-01-31,1076,259.99,20.8,No_Festival,5,No,No
Butter (500g),East,2022-02-07,1524,259.48,21.3,No_Festival,5,No,No
Butter (500g),East,2022-02-14,1840,260.1,21.6,No_Festival,7,No,No
Butter (500g),East,2022-02-21,1235,263.12,21.5,No_Festival,5,No,No
Butter (500g),East,2022-02-28,1614,262.11,26.0,No_Festival,6,No,No
Butter (500g),East,2022-03-07,1042,264.15,28.6,No_Festival,5,No,No
Butter (500g),East,2022-03-14,1069,260.31,27.6,No_Festival,4,No,No
Butter (500g),East,2022-03-21,1364,263.38,25.8,No_Festival,5,No,No
Butter (500g),East,2022-03-28,1634,263.67,28.9,No_Festival,6,No,No
Butter (500g),East,2022-04-04,847,265.69,32.2,No_Festival,3,No,No
Butter (500g),East,2022-04-11,1716,264.7,32.3,Baisakhi,6,Yes,Yes
Butter (500g),East,2022-04-18,1472,260.91,32.1,No_Festival,5,No,No
Butter (500g),East,2022-04-25,1058,266.62,32.0,No_Festival,4,No,No
Butter (500g),East,2022-05-02,676,262.8,32.7,No_Festival,3,No,Yes
Butter (500g),East,2022-05-09,1046,257.35,35.4,No_Festival,4,No,No
Butter (500g),East,2022-05-16,1016,257.2,33.7,No_Festival,5,No,No
Butter (500g),East,2022-05-23,1427,266.66,35.6,No_Festival,6,No,No
Butter (500g),East,2022-05-30,1383,260.62,32.4,No_Festival,5,No,No
Butter (500g),East,2022-06-06,1214,261.76,31.6,No_Festival,4,No,No
Butter (500g),East,2022-06-13,978,263.98,33.0,No_Festival,3,No,No
Butter (500g),East,2022-06-20,1766,263.81,32.4,No_Festival,6,No,No
Butter (500g),East,2022-06-27,1460,264.7,31.7,No_Festival,6,No,No
Butter (500g),East,2022-07-04,1154,264.5,30.5,No_Festival,4,No,No
Butter (500g),East,2022-07-11,1645,265.54,30.2,No_Festival,6,No,No
Butter (500g),East,2022-07-18,1680,262.0,29.3,No_Festival,6,No,No
Butter (500g),East,2022-07-25,810,264.47,29.9,No_Festival,3,No,No
Butter (500g),East,2022-08-01,1429,260.01,30.6,No_Festival,6,No,No
Butter (500g),East,2022-08-08,1342,260.18,30.7,Raksha Bandhan,6,Yes,Yes
Butter (500g),East,2022-08-15,1778,261.64,31.2,Janmashtami,6,Yes,Yes
Butter (500g),East,2022-08-22,1434,264.14,29.9,No_Festival,5,No,No
Butter (500g),East,2022-08-29,1364,261.57,29.4,No_Festival,5,No,No
Butter (500g),East,2022-09-05,1977,262.55,29.6,No_Festival,6,No,No
Butter (500g),East,2022-09-12,1156,261.1,28.2,No_Festival,5,No,No
Butter (500g),East,2022-09-19,1940,261.57,30.7,No_Festival,7,No,No
Butter (500g),East,2022-09-26,1215,261.04,27.0,Gandhi Jayanti,6,Yes,Yes
Butter (500g),East,2022-10-03,952,258.41,27.2,No_Festival,3,No,No
Butter (500g),East,2022-10-10,1154,262.87,27.8,No_Festival,5,No,No
Butter (500g),East,2022-10-17,1315,262.94,25.7,No_Festival,6,No,No
Butter (500g),East,2022-10-24,825,258.95,28.2,No_Festival,4,No,No
Butter (500g),East,2022-10-31,1216,263.28,23.6,No_Festival,5,No,No
Butter (500g),East,2022-11-07,1845,264.98,21.8,Guru Nanak Jayanti,6,Yes,Yes
Butter (500g),East,2022-11-14,1250,263.17,23.1,No_Festival,6,No,No
Butter (500g),East,2022-11-21,1534,261.5,21.7,No_Festival,5,No,No
Butter (500g),East,2022-11-28,951,261.0,19.2,No_Festival,3,No,No
Butter (500g),East,2022-12-05,1795,264.16,15.6,No_Festival,7,No,No
Butter (500g),East,2022-12-12,1377,264.88,16.9,No_Festival,6,No,No
Butter (500g),East,2022-12-19,2178,264.7,17.4,Christmas,6,Yes,Yes
Butter (500g),East,2022-12-26,1669,267.61,17.9,No_Festival,6,No,No
Butter (500g),East,2023-01-02,1684,274.23,19.0,No_Festival,5,No,No
Butter (500g),East,2023-01-09,1608,275.0,18.6,Makar Sankranti,5,Yes,Yes
Butter (500g),East,2023-01-16,1284,272.94,18.6,No_Festival,6,No,No
Butter (500g),East,2023-01-23,1752,277.08,19.2,Republic Day,6,Yes,Yes
Butter (500g),East,2023-01-30,1033,274.76,17.8,No_Festival,4,No,No
Butter (500g),East,2023-02-06,977,273.46,22.1,No_Festival,3,No,No
Butter (500g),East,2023-02-13,1759,276.1,20.7,No_Festival,7,No,No
Butter (500g),East,2023-02-20,1652,274.7,19.9,No_Festival,7,No,No
Butter (500g),East,2023-02-27,1418,275.36,24.6,No_Festival,6,No,No
Butter (500g),East,2023-03-06,2088,272.55,27.9,Holi,7,Yes,Yes
Butter (500g),East,2023-03-13,937,277.14,26.4,No_Festival,4,No,No
Butter (500g),East,2023-03-20,1474,275.74,27.4,No_Festival,5,No,No
Butter (500g),East,2023-03-27,1456,272.93,29.6,No_Festival,5,No,No
Butter (500g),East,2023-04-03,1037,274.97,33.6,No_Festival,4,No,No
Butter (500g),East,2023-04-10,1385,275.39,31.5,Baisakhi,6,Yes,Yes
Butter (500g),East,2023-04-17,1383,278.37,31.4,No_Festival,5,No,Yes
Butter (500g),East,2023-04-24,836,276.69,32.2,No_Festival,5,No,No
Butter (500g),East,2023-05-01,1042,275.26,34.0,No_Festival,4,No,No
Butter (500g),East,2023-05-08,1782,274.91,33.2,No_Festival,7,No,No
Butter (500g),East,2023-05-15,2075,274.09,34.2,No_Festival,7,No,No
Butter (500g),East,2023-05-22,1011,274.01,34.8,No_Festival,5,No,No
Butter (500g),East,2023-05-29,1387,276.63,33.7,No_Festival,5,No,No
Butter (500g),East,2023-06-05,1126,274.16,30.5,No_Festival,5,No,No
Butter (500g),East,2023-06-12,1120,274.06,30.9,No_Festival,5,No,No
Butter (500g),East,2023-06-19,1899,275.76,32.7,No_Festival,7,No,No
Butter (500g),East,2023-06-26,1784,274.6,32.2,No_Festival,6,No,Yes
Butter (500g),East,2023-07-03,987,276.1,28.1,No_Festival,4,No,No
Butter (500g),East,2023-07-10,1070,276.15,30.7,No_Festival,5,No,No
Butter (500g),East,2023-07-17,568,275.38,29.6,No_Festival,2,No,No
Butter (500g),East,2023-07-24,1329,275.27,28.8,No_Festival,6,No,No
Butter (500g),East,2023-07-31,1497,274.07,28.1,No_Festival,5,No,No
Butter (500g),East,2023-08-07,1687,275.27,30.6,No_Festival,6,No,No
Butter (500g),East,2023-08-14,1927,279.21,29.9,Independence Day,7,Yes,Yes
Butter (500g),East,2023-08-21,1886,273.66,30.1,No_Festival,7,No,No
Butter (500g),East,2023-08-28,1693,276.54,30.7,Raksha Bandhan,6,Yes,Yes
Butter (500g),East,2023-09-04,1494,272.68,28.5,Janmashtami,5,Yes,Yes
Butter (500g),East,2023-09-11,1309,277.99,27.4,No_Festival,5,No,No
Butter (500g),East,2023-09-18,1459,274.55,30.0,No_Festival,6,No,No
Butter (500g),East,2023-09-25,1642,275.14,28.3,No_Festival,7,No,No
Butter (500g),East,2023-10-02,1946,272.51,26.5,Gandhi Jayanti,7,Yes,Yes
Butter (500g),East,2023-10-09,863,275.02,26.7,No_Festival,4,No,No
Butter (500g),East,2023-10-16,1652,272.9,27.2,No_Festival,6,No,No
Butter (500g),East,2023-10-23,891,279.42,25.1,No_Festival,3,No,No
Butter (500g),East,2023-10-30,1168,274.14,23.4,No_Festival,6,No,No
Butter (500g),East,2023-11-06,1115,270.96,22.3,Diwali,4,Yes,Yes
Butter (500g),East,2023-11-13,2001,276.01,22.6,No_Festival,7,No,No
Butter (500g),East,2023-11-20,1567,274.96,21.4,No_Festival,6,No,No
Butter (500g),East,2023-11-27,1710,274.9,18.6,Guru Nanak Jayanti,5,Yes,Yes
Butter (500g),East,2023-12-04,1559,273.98,16.7,No_Festival,5,No,No
Butter (500g),East,2023-12-11,1570,276.09,17.0,No_Festival,5,No,No
Butter (500g),East,2023-12-18,1327,274.03,15.8,No_Festival,6,No,No
Butter (500g),East,2023-12-25,1073,275.61,17.6,Christmas,5,Yes,Yes
Butter (500g),North,2020-12-28,491,245.98,14.8,No_Festival,2,No,No
Butter (500g),North,2021-01-04,1115,251.47,12.8,No_Festival,5,No,No
Butter (500g),North,2021-01-11,966,252.05,15.1,No_Festival,4,No,No
Butter (500g),North,2021-01-18,1820,248.31,14.3,No_Festival,7,No,No
Butter (500g),North,2021-01-25,2184,250.67,14.4,Republic Day,6,Yes,Yes
Butter (500g),North,2021-02-01,1425,249.77,17.7,No_Festival,5,No,No
Butter (500g),North,2021-02-08,1760,248.28,16.2,No_Festival,6,No,No
Butter (500g),North,2021-02-15,1359,251.45,16.8,No_Festival,5,No,No
Butter (500g),North,2021-02-22,1865,251.41,16.0,No_Festival,7,No,No
Butter (500g),North,2021-03-01,1208,250.78,24.6,No_Festival,6,No,No
Butter (500g),North,2021-03-08,1213,249.19,24.1,No_Festival,5,No,No
Butter (500g),North,2021-03-15,1672,248.3,23.9,No_Festival,7,No,No
Butter (500g),North,2021-03-22,1213,251.3,23.1,Holi,5,Yes,Yes
Butter (500g),North,2021-03-29,1541,248.08,28.7,No_Festival,5,No,No
Butter (500g),North,2021-04-05,2238,249.48,32.6,No_Festival,7,No,No
Butter (500g),North,2021-04-12,1754,252.05,31.8,Baisakhi,6,Yes,Yes
Butter (500g),North,2021-04-19,1545,248.69,32.2,No_Festival,6,No,No
Butter (500g),North,2021-04-26,1034,246.11,36.0,No_Festival,4,No,No
Butter (500g),North,2021-05-03,1446,250.85,38.7,No_Festival,7,No,No
Butter (500g),North,2021-05-10,1563,249.38,39.2,No_Festival,6,No,Yes
Butter (500g),North,2021-05-17,2042,251.81,38.7,No_Festival,7,No,No
Butter (500g),North,2021-05-24,1743,252.14,37.8,No_Festival,6,No,No
Butter (500g),North,2021-05-31,1663,250.12,40.4,No_Festival,6,No,No
Butter (500g),North,2021-06-07,1608,247.0,39.7,No_Festival,6,No,No
Butter (500g),North,2021-06-14,1751,245.31,39.3,No_Festival,7,No,No
Butter (500g),North,2021-06-21,1072,248.27,39.7,No_Festival,5,No,No
Butter (500g),North,2021-06-28,755,251.41,34.8,No_Festival,3,No,No
Butter (500g),North,2021-07-05,1029,251.92,35.7,No_Festival,6,No,No
Butter (500g),North,2021-07-12,1201,247.72,35.6,No_Festival,4,No,No
Butter (500g),North,2021-07-19,1385,247.27,35.4,No_Festival,5,No,Yes
Butter (500g),North,2021-07-26,1085,250.34,35.8,No_Festival,4,No,No
Butter (500g),North,2021-08-02,1213,251.46,34.2,No_Festival,5,No,No
Butter (500g),North,2021-08-09,1349,249.77,33.3,No_Festival,5,No,No
Butter (500g),North,2021-08-16,2279,251.87,33.6,Raksha Bandhan,6,Yes,Yes
Butter (500g),North,2021-08-23,1314,250.79,33.0,No_Festival,6,No,No
Butter (500g),North,2021-08-30,1641,249.71,32.2,No_Festival,6,No,No
Butter (500g),North,2021-09-06,1923,249.33,32.1,No_Festival,6,No,No
Butter (500g),North,2021-09-13,984,250.23,33.7,No_Festival,3,No,No
Butter (500g),North,2021-09-20,1566,250.68,32.1,No_Festival,6,No,No
Butter (500g),North,2021-09-27,1340,249.62,29.2,Gandhi Jayanti,6,Yes,Yes
Butter (500g),North,2021-10-04,1388,250.01,27.7,No_Festival,6,No,No
Butter (500g),North,2021-10-11,1182,253.2,26.3,Navratri,4,Yes,Yes
Butter (500g),North,2021-10-18,1978,248.82,27.2,No_Festival,7,No,No
Butter (500g),North,2021-10-25,1244,251.03,25.6,No_Festival,5,No,No
Butter (500g),North,2021-11-01,1197,248.04,19.5,No_Festival,5,No,No
Butter (500g),North,2021-11-08,1432,252.29,18.5,No_Festival,6,No,No
Butter (500g),North,2021-11-15,1420,249.69,18.2,Guru Nanak Jayanti,5,Yes,Yes
Butter (500g),North,2021-11-22,2160,251.47,19.2,No_Festival,7,No,No
Butter (500g),North,2021-11-29,1597,248.09,14.8,No_Festival,5,No,No
Butter (500g),North,2021-12-06,1359,250.89,14.3,No_Festival,7,No,No
Butter (500g),North,2021-12-13,1460,249.88,15.0,No_Festival,6,No,No
Butter (500g),North,2021-12-20,1541,250.58,14.2,Christmas,6,Yes,Yes
Butter (500g),North,2021-12-27,1252,255.14,14.1,No_Festival,4,No,No
Butter (500g),North,2022-01-03,2054,262.72,14.4,No_Festival,7,No,No
Butter (500g),North,2022-01-10,1152,264.75,14.7,Makar Sankranti,5,Yes,Yes
Butter (500g),North,2022-01-17,1029,262.91,13.4,No_Festival,4,No,No
Butter (500g),North,2022-01-24,1392,258.55,15.1,Republic Day,5,Yes,Yes
Butter (500g),North,2022-01-31,1516,264.07,16.3,No_Festival,6,No,No
Butter (500g),North,2022-02-07,1353,261.26,16.7,No_Festival,6,No,No
Butter (500g),North,2022-02-14,1029,260.84,18.2,No_Festival,4,No,No
Butter (500g),North,2022-02-21,1634,261.9,16.3,No_Festival,6,No,No
Butter (500g),North,2022-02-28,1023,261.17,24.9,No_Festival,4,No,No
Butter (500g),North,2022-03-07,1073,262.43,22.7,No_Festival,5,No,No
Butter (500g),North,2022-03-14,1748,261.35,24.3,Holi,6,Yes,Yes
Butter (500g),North,2022-03-21,1700,262.18,26.0,No_Festival,5,No,No
Butter (500g),North,2022-03-28,785,261.12,29.0,No_Festival,4,No,No
Butter (500g),North,2022-04-04,1685,263.19,33.3,No_Festival,5,No,No
Butter (500g),North,2022-04-11,1071,262.65,31.4,Baisakhi,4,Yes,Yes
Butter (500g),North,2022-04-18,1639,264.53,31.3,No_Festival,6,No,No
Butter (500g),North,2022-04-25,1123,265.39,32.4,No_Festival,5,No,No
Butter (500g),North,2022-05-02,1453,261.12,40.1,No_Festival,4,No,Yes
Butter (500g),North,2022-05-09,1291,262.29,37.0,No_Festival,5,No,No
Butter (500g),North,2022-05-16,1688,264.34,39.1,No_Festival,6,No,No
Butter (500g),North,2022-05-23,1292,263.89,38.8,No_Festival,5,No,No
Butter (500g),North,2022-05-30,1074,259.22,38.8,No_Festival,5,No,No
Butter (500g),North,2022-06-06,1489,263.78,40.1,No_Festival,5,No,No
Butter (500g),North,2022-06-13,1837,263.52,40.2,No_Festival,7,No,No
Butter (500g),North,2022-06-20,1110,263.69,39.3,No_Festival,6,No,No
Butter (500g),North,2022-06-27,1415,261.15,38.1,No_Festival,5,No,No
Butter (500g),North,2022-07-04,723,264.15,35.5,No_Festival,4,No,No
Butter (500g),North,2022-07-11,672,262.0,36.8,No_Festival,3,No,No
Butter (500g),North,2022-07-18,979,264.77,34.8,No_Festival,4,No,No
Butter (500g),North,2022-07-25,1226,265.31,35.9,No_Festival,5,No,No
Butter (500g),North,2022-08-01,1259,261.81,36.5,No_Festival,5,No,No
Butter (500g),North,2022-08-08,1764,262.97,34.9,Raksha Bandhan,6,Yes,Yes
Butter (500g),North,2022-08-15,1261,267.49,34.0,Independence Day,3,Yes,Yes
Butter (500g),North,2022-08-22,1515,265.08,34.2,No_Festival,6,No,No
Butter (500g),North,2022-08-29,1283,264.75,35.0,No_Festival,5,No,No
Butter (500g),North,2022-09-05,1125,263.76,32.7,No_Festival,4,No,No
Butter (500g),North,2022-09-12,1212,261.76,31.6,No_Festival,5,No,No
Butter (500g),North,2022-09-19,1138,261.5,31.0,No_Festival,4,No,No
Butter (500g),North,2022-09-26,1328,263.84,29.7,Gandhi Jayanti,4,Yes,Yes
Butter (500g),North,2022-10-03,1472,265.0,26.8,No_Festival,4,No,No
Butter (500g),North,2022-10-10,1369,260.46,25.3,No_Festival,5,No,No
Butter (500g),North,2022-10-17,1305,260.52,26.0,No_Festival,5,No,No
Butter (500g),North,2022-10-24,1269,263.1,25.6,Diwali,4,Yes,Yes
Butter (500g),North,2022-10-31,1181,263.01,22.4,No_Festival,4,No,No
Butter (500g),North,2022-11-07,1688,263.39,19.9,Guru Nanak Jayanti,5,Yes,Yes
Butter (500g),North,2022-11-14,1416,260.22,17.9,No_Festival,5,No,No
Butter (500g),North,2022-11-21,1327,262.79,19.3,No_Festival,7,No,No
Butter (500g),North,2022-11-28,1452,263.12,17.8,No_Festival,5,No,No
Butter (500g),North,2022-12-05,2082,261.52,15.4,No_Festival,7,No,No
Butter (500g),North,2022-12-12,1258,262.68,15.3,No_Festival,4,No,No
Butter (500g),North,2022-12-19,1150,265.43,14.0,Christmas,6,Yes,Yes
Butter (500g),North,2022-12-26,1305,264.21,13.7,No_Festival,5,No,No
Butter (500g),North,2023-01-02,828,280.84,13.7,No_Festival,3,No,No
Butter (500g),North,2023-01-09,1518,273.24,14.2,Makar Sankranti,5,Yes,Yes
Butter (500g),North,2023-01-16,1393,273.97,13.0,No_Festival,6,No,No
Butter (500g),North,2023-01-23,1612,275.69,13.6,Republic Day,6,Yes,Yes
Butter (500g),North,2023-01-30,1327,279.23,16.8,No_Festival,6,No,No
Butter (500g),North,2023-02-06,1710,275.76,16.3,No_Festival,7,No,No
Butter (500g),North,2023-02-13,1083,272.7,17.2,No_Festival,5,No,No
Butter (500g),North,2023-02-20,920,273.94,16.5,No_Festival,4,No,No
Butter (500g),North,2023-02-27,1745,276.71,22.4,No_Festival,7,No,No
Butter (500g),North,2023-03-06,1278,274.58,24.4,Holi,5,Yes,Yes
Butter (500g),North,2023-03-13,2168,273.58,24.1,No_Festival,7,No,No
Butter (500g),North,2023-03-20,1259,274.92,23.0,No_Festival,4,No,No
Butter (500g),North,2023-03-27,1379,276.31,27.7,No_Festival,6,No,No
Butter (500g),North,2023-04-03,1534,277.07,32.3,No_Festival,6,No,No
Butter (500g),North,2023-04-10,1722,277.96,32.2,Baisakhi,6,Yes,Yes
Butter (500g),North,2023-04-17,1089,268.73,31.9,No_Festival,5,No,Yes
Butter (500g),North,2023-04-24,851,279.3,32.8,No_Festival,3,No,No
Butter (500g),North,2023-05-01,1130,271.27,39.0,No_Festival,4,No,No
Butter (500g),North,2023-05-08,1970,271.56,37.2,No_Festival,7,No,No
Butter (500g),North,2023-05-15,1752,274.63,37.0,No_Festival,7,No,No
Butter (500g),North,2023-05-22,1077,277.4,38.6,No_Festival,5,No,No
Butter (500g),North,2023-05-29,1139,274.21,37.8,No_Festival,4,No,No
Butter (500g),North,2023-06-05,950,275.49,38.8,No_Festival,5,No,No
Butter (500g),North,2023-06-12,1382,276.24,38.5,No_Festival,5,No,No
Butter (500g),North,2023-06-19,1077,276.22,40.3,No_Festival,5,No,No
Butter (500g),North,2023-06-26,1405,275.76,38.7,No_Festival,6,No,Yes
Butter (500g),North,2023-07-03,1662,275.18,36.6,No_Festival,6,No,No
Butter (500g),North,2023-07-10,617,273.9,36.6,No_Festival,3,No,No
Butter (500g),North,2023-07-17,1030,276.08,35.6,No_Festival,4,No,No
Butter (500g),North,2023-07-24,1528,275.49,36.8,No_Festival,7,No,No
Butter (500g),North,2023-07-31,623,277.48,34.2,No_Festival,2,No,No
Butter (500g),North,2023-08-07,1039,275.33,35.0,No_Festival,5,No,No
Butter (500g),North,2023-08-14,1601,276.87,33.6,No_Festival,5,No,No
Butter (500g),North,2023-08-21,1553,275.71,33.5,No_Festival,7,No,No
Butter (500g),North,2023-08-28,1944,277.06,32.0,Raksha Bandhan,6,Yes,Yes
Butter (500g),North,2023-09-04,1265,275.92,31.3,Janmashtami,6,Yes,Yes
Butter (500g),North,2023-09-11,1174,276.77,32.2,No_Festival,4,No,No
Butter (500g),North,2023-09-18,1496,276.95,31.6,No_Festival,6,No,No
Butter (500g),North,2023-09-25,614,277.36,35.8,No_Festival,2,No,No
Butter (500g),North,2023-10-02,1257,275.39,25.2,Gandhi Jayanti,4,Yes,Yes
Butter (500g),North,2023-10-09,1125,271.79,26.4,No_Festival,5,No,No
Butter (500g),North,2023-10-16,1925,271.44,25.3,No_Festival,6,No,No
Butter (500g),North,2023-10-23,1680,271.36,27.0,No_Festival,6,No,No
Butter (500g),North,2023-10-30,1373,275.82,18.7,No_Festival,5,No,No
Butter (500g),North,2023-11-06,1291,275.34,19.2,Diwali,5,Yes,Yes
Butter (500g),North,2023-11-13,1040,280.49,19.3,No_Festival,5,No,No
Butter (500g),North,2023-11-20,1190,277.4,19.4,No_Festival,5,No,No
Butter (500g),North,2023-11-27,1587,276.83,16.2,Guru Nanak Jayanti,5,Yes,Yes
Butter (500g),North,2023-12-04,1623,274.25,14.3,No_Festival,6,No,No
Butter (500g),North,2023-12-11,1090,277.85,15.5,No_Festival,5,No,No
Butter (500g),North,2023-12-18,1192,272.37,14.3,No_Festival,6,No,No
Butter (500g),North,2023-12-25,1966,274.39,13.4,Christmas,6,Yes,Yes
Butter (500g),South,2020-12-28,487,245.94,26.2,No_Festival,2,No,No
Butter (500g),South,2021-01-04,1662,252.85,25.3,No_Festival,6,No,No
Butter (500g),South,2021-01-11,662,252.28,25.1,No_Festival,4,No,No
Butter (500g),South,2021-01-18,1987,251.69,26.7,No_Festival,7,No,No
Butter (500g),South,2021-01-25,1302,249.99,24.1,Republic Day,4,Yes,Yes
Butter (500g),South,2021-02-01,1772,249.21,25.6,No_Festival,7,No,No
Butter (500g),South,2021-02-08,1284,252.21,27.2,No_Festival,5,No,No
Butter (500g),South,2021-02-15,1041,250.37,28.0,No_Festival,4,No,No
Butter (500g),South,2021-02-22,1407,251.2,27.3,No_Festival,5,No,No
Butter (500g),South,2021-03-01,1014,246.08,29.5,No_Festival,4,No,No
Butter (500g),South,2021-03-08,1492,247.23,28.9,No_Festival,7,No,No
Butter (500g),South,2021-03-15,1542,246.79,30.4,No_Festival,5,No,No
Butter (500g),South,2021-03-22,2014,251.04,29.3,Holi,5,Yes,Yes
Butter (500g),South,2021-03-29,1736,248.76,32.1,No_Festival,6,No,No
Butter (500g),South,2021-04-05,1883,251.32,32.1,No_Festival,7,No,No
Butter (500g),South,2021-04-12,1617,248.41,31.4,Baisakhi,6,Yes,Yes
Butter (500g),South,2021-04-19,1513,249.26,31.8,No_Festival,6,No,No
Butter (500g),South,2021-04-26,1214,251.94,33.7,No_Festival,6,No,No
Butter (500g),South,2021-05-03,1115,251.39,35.6,No_Festival,5,No,No
Butter (500g),South,2021-05-10,1477,250.29,34.0,No_Festival,7,No,Yes
Butter (500g),South,2021-05-17,1340,251.62,32.9,No_Festival,5,No,No
Butter (500g),South,2021-05-24,1280,247.89,36.3,No_Festival,4,No,No
Butter (500g),South,2021-05-31,1209,248.25,29.5,No_Festival,5,No,No
Butter (500g),South,2021-06-07,568,253.39,28.6,No_Festival,3,No,No
Butter (500g),South,2021-06-14,1932,249.07,29.6,No_Festival,7,No,No
Butter (500g),South,2021-06-21,1132,250.58,30.5,No_Festival,5,No,No
Butter (500g),South,2021-06-28,1477,252.6,29.1,No_Festival,6,No,No
Butter (500g),South,2021-07-05,1225,248.19,28.0,No_Festival,6,No,No
Butter (500g),South,2021-07-12,1616,248.66,27.8,No_Festival,6,No,No
Butter (500g),South,2021-07-19,1040,248.93,27.4,No_Festival,4,No,Yes
Butter (500g),South,2021-07-26,1238,248.05,28.2,No_Festival,5,No,No
Butter (500g),South,2021-08-02,1269,249.14,26.7,No_Festival,5,No,No
Butter (500g),South,2021-08-09,1653,250.84,28.4,Independence Day,7,Yes,Yes
Butter (500g),South,2021-08-16,1507,249.21,27.5,Raksha Bandhan,5,Yes,Yes
Butter (500g),South,2021-08-23,1738,249.0,28.5,No_Festival,6,No,No
Butter (500g),South,2021-08-30,1139,251.11,29.6,Janmashtami,5,Yes,Yes
Butter (500g),South,2021-09-06,1650,249.42,27.6,No_Festival,7,No,No
Butter (500g),South,2021-09-13,1605,250.77,27.9,No_Festival,6,No,No
Butter (500g),South,2021-09-20,1634,250.93,27.8,No_Festival,7,No,No
Butter (500g),South,2021-09-27,2105,248.53,28.3,Gandhi Jayanti,7,Yes,Yes
Butter (500g),South,2021-10-04,1578,250.06,29.2,No_Festival,6,No,No
Butter (500g),South,2021-10-11,1020,249.96,27.9,Navratri,4,Yes,Yes
Butter (500g),South,2021-10-18,2141,251.49,28.0,No_Festival,7,No,No
Butter (500g),South,2021-10-25,1140,250.06,26.5,No_Festival,5,No,No
Butter (500g),South,2021-11-01,615,251.02,24.9,No_Festival,3,No,No
Butter (500g),South,2021-11-08,1716,249.9,26.3,No_Festival,6,No,No
Butter (500g),South,2021-11-15,810,249.73,25.9,No_Festival,3,No,No
Butter (500g),South,2021-11-22,1574,246.99,24.2,No_Festival,5,No,No
Butter (500g),South,2021-11-29,1822,248.08,24.8,No_Festival,6,No,No
Butter (500g),South,2021-12-06,1549,247.37,24.2,No_Festival,6,No,No
Butter (500g),South,2021-12-13,841,250.12,25.2,No_Festival,4,No,No
Butter (500g),South,2021-12-20,1863,252.66,24.8,Christmas,7,Yes,Yes
Butter (500g),South,2021-12-27,673,254.21,25.2,No_Festival,3,No,No
Butter (500g),South,2022-01-03,1169,260.98,26.0,No_Festival,6,No,No
Butter (500g),South,2022-01-10,2306,262.08,26.3,Makar Sankranti,7,Yes,Yes
Butter (500g),South,2022-01-17,1367,259.51,24.6,No_Festival,5,No,No
Butter (500g),South,2022-01-24,2143,264.22,26.0,Republic Day,7,Yes,Yes
Butter (500g),South,2022-01-31,714,263.99,27.7,No_Festival,3,No,No
Butter (500g),South,2022-02-07,1368,264.49,26.0,No_Festival,7,No,No
Butter (500g),South,2022-02-14,1201,261.1,27.0,No_Festival,5,No,No
Butter (500g),South,2022-02-21,1984,260.63,26.5,No_Festival,6,No,No
Butter (500g),South,2022-02-28,983,263.67,27.4,No_Festival,4,No,No
Butter (500g),South,2022-03-07,1347,261.24,30.0,No_Festival,5,No,No
Butter (500g),South,2022-03-14,1583,262.56,27.8,Holi,6,Yes,Yes
Butter (500g),South,2022-03-21,1556,260.37,28.4,No_Festival,5,No,No
Butter (500g),South,2022-03-28,1645,263.79,31.2,No_Festival,6,No,No
Butter (500g),South,2022-04-04,1683,262.33,31.8,No_Festival,7,No,No
Butter (500g),South,2022-04-11,2465,261.32,32.8,Baisakhi,7,Yes,Yes
Butter (500g),South,2022-04-18,1735,261.06,33.5,No_Festival,7,No,No
Butter (500g),South,2022-04-25,1181,263.12,32.1,No_Festival,4,No,No
Butter (500g),South,2022-05-02,1598,260.63,35.3,No_Festival,7,No,Yes
Butter (500g),South,2022-05-09,864,266.08,34.4,No_Festival,4,No,No
Butter (500g),South,2022-05-16,1299,264.19,33.7,No_Festival,4,No,No
Butter (500g),South,2022-05-23,1253,261.77,35.2,No_Festival,5,No,No
Butter (500g),South,2022-05-30,724,256.79,31.1,No_Festival,3,No,No
Butter (500g),South,2022-06-06,1456,262.62,29.2,No_Festival,5,No,No
Butter (500g),South,2022-06-13,1387,264.82,29.3,No_Festival,7,No,No
Butter (500g),South,2022-06-20,1142,262.06,29.6,No_Festival,6,No,No
Butter (500g),South,2022-06-27,2045,262.65,28.8,No_Festival,7,No,No
Butter (500g),South,2022-07-04,1322,259.44,27.0,No_Festival,6,No,Yes
Butter (500g),South,2022-07-11,885,265.82,30.8,No_Festival,4,No,No
Butter (500g),South,2022-07-18,1563,262.54,28.2,No_Festival,6,No,No
Butter (500g),South,2022-07-25,916,261.86,28.7,No_Festival,4,No,No
Butter (500g),South,2022-08-01,1245,262.05,27.4,No_Festival,6,No,No
Butter (500g),South,2022-08-08,2025,264.44,28.2,Raksha Bandhan,6,Yes,Yes
Butter (500g),South,2022-08-15,1145,264.6,26.3,Janmashtami,5,Yes,Yes
Butter (500g),South,2022-08-22,1426,258.87,28.3,No_Festival,5,No,No
Butter (500g),South,2022-08-29,1641,263.02,29.0,No_Festival,6,No,No
Butter (500g),South,2022-09-05,1227,261.76,30.2,No_Festival,5,No,No
Butter (500g),South,2022-09-12,1539,260.62,28.6,No_Festival,6,No,No
Butter (500g),South,2022-09-19,2059,259.94,28.3,No_Festival,6,No,No
Butter (500g),South,2022-09-26,1260,265.06,27.8,Gandhi Jayanti,5,Yes,Yes
Butter (500g),South,2022-10-03,1372,262.56,30.0,No_Festival,6,No,No
Butter (500g),South,2022-10-10,1824,262.91,28.8,No_Festival,5,No,No
Butter (500g),South,2022-10-17,1144,261.68,27.6,No_Festival,6,No,No
Butter (500g),South,2022-10-24,1571,264.66,27.9,Diwali,6,Yes,Yes
Butter (500g),South,2022-10-31,793,269.29,25.9,No_Festival,3,No,No
Butter (500g),South,2022-11-07,870,261.05,27.6,Guru Nanak Jayanti,5,Yes,Yes
Butter (500g),South,2022-11-14,1190,261.99,24.7,No_Festival,6,No,No
Butter (500g),South,2022-11-21,1590,264.52,24.4,No_Festival,7,No,No
Butter (500g),South,2022-11-28,1159,258.38,25.8,No_Festival,5,No,No
Butter (500g),South,2022-12-05,1149,260.95,24.5,No_Festival,5,No,No
Butter (500g),South,2022-12-12,2005,263.85,26.2,No_Festival,7,No,No
Butter (500g),South,2022-12-19,1552,262.67,25.3,No_Festival,6,No,No
Butter (500g),South,2022-12-26,2087,262.61,25.3,No_Festival,7,No,No
Butter (500g),South,2023-01-02,958,277.41,27.1,No_Festival,4,No,No
Butter (500g),South,2023-01-09,1521,277.2,24.9,No_Festival,6,No,No
Butter (500g),South,2023-01-16,1379,276.51,26.1,No_Festival,5,No,No
Butter (500g),South,2023-01-23,2010,272.56,26.1,Republic Day,7,Yes,Yes
Butter (500g),South,2023-01-30,1100,277.2,25.5,No_Festival,5,No,No
Butter (500g),South,2023-02-06,569,276.39,25.7,No_Festival,3,No,No
Butter (500g),South,2023-02-13,1423,274.63,27.0,No_Festival,6,No,No
Butter (500g),South,2023-02-20,1035,277.03,25.8,No_Festival,4,No,No
Butter (500g),South,2023-02-27,964,274.05,27.1,No_Festival,5,No,No
Butter (500g),South,2023-03-06,1341,272.61,29.2,Holi,3,Yes,Yes
Butter (500g),South,2023-03-13,803,277.67,31.0,No_Festival,3,No,No
Butter (500g),South,2023-03-20,1315,278.19,28.5,No_Festival,6,No,No
Butter (500g),South,2023-03-27,1206,277.26,29.1,No_Festival,5,No,No
Butter (500g),South,2023-04-03,1248,276.23,31.9,No_Festival,5,No,No
Butter (500g),South,2023-04-10,1247,275.65,33.0,Baisakhi,5,Yes,Yes
Butter (500g),South,2023-04-17,773,272.74,33.2,No_Festival,4,No,No
Butter (500g),South,2023-04-24,1473,273.47,31.4,No_Festival,5,No,No
Butter (500g),South,2023-05-01,1132,279.08,34.4,No_Festival,4,No,No
Butter (500g),South,2023-05-08,2041,272.65,34.0,No_Festival,6,No,No
Butter (500g),South,2023-05-15,1335,275.12,33.6,No_Festival,5,No,No
Butter (500g),South,2023-05-22,2281,273.91,34.5,No_Festival,7,No,No
Butter (500g),South,2023-05-29,1364,271.43,31.6,No_Festival,5,No,No
Butter (500g),South,2023-06-05,1053,270.77,29.3,No_Festival,4,No,No
Butter (500g),South,2023-06-12,1085,276.01,30.9,No_Festival,6,No,No
Butter (500g),South,2023-06-19,2161,276.93,29.7,No_Festival,7,No,No
Butter (500g),South,2023-06-26,1766,275.02,30.0,No_Festival,7,No,Yes
Butter (500g),South,2023-07-03,944,271.81,29.0,No_Festival,4,No,No
Butter (500g),South,2023-07-10,1577,275.63,27.0,No_Festival,5,No,No
Butter (500g),South,2023-07-17,2255,272.37,27.5,No_Festival,7,No,No
Butter (500g),South,2023-07-24,1705,274.89,27.2,No_Festival,6,No,No
Butter (500g),South,2023-07-31,1537,274.34,28.1,No_Festival,5,No,No
Butter (500g),South,2023-08-07,1069,279.85,27.2,No_Festival,6,No,No
Butter (500g),South,2023-08-14,1286,277.98,28.3,Independence Day,5,Yes,Yes
Butter (500g),South,2023-08-21,1062,272.44,28.4,No_Festival,4,No,No
Butter (500g),South,2023-08-28,2025,274.45,27.7,Raksha Bandhan,7,Yes,Yes
Butter (500g),South,2023-09-04,1441,275.66,29.1,Janmashtami,5,Yes,Yes
Butter (500g),South,2023-09-11,2063,274.35,28.4,No_Festival,7,No,No
Butter (500g),South,2023-09-18,1925,273.17,29.2,No_Festival,6,No,No
Butter (500g),South,2023-09-25,1493,276.68,28.2,No_Festival,6,No,No
Butter (500g),South,2023-10-02,1221,274.83,27.8,Gandhi Jayanti,5,Yes,Yes
Butter (500g),South,2023-10-09,979,272.7,27.8,No_Festival,4,No,No
Butter (500g),South,2023-10-16,348,271.94,29.6,No_Festival,2,No,No
Butter (500g),South,2023-10-23,703,273.64,27.6,No_Festival,2,No,No
Butter (500g),South,2023-10-30,1028,269.11,26.6,No_Festival,4,No,No
Butter (500g),South,2023-11-06,1651,276.96,25.6,Diwali,7,Yes,Yes
Butter (500g),South,2023-11-13,1346,275.57,26.9,No_Festival,5,No,No
Butter (500g),South,2023-11-20,1727,274.4,27.7,No_Festival,5,No,No
Butter (500g),South,2023-11-27,1957,276.85,24.3,Guru Nanak Jayanti,6,Yes,Yes
Butter (500g),South,2023-12-04,1416,278.33,26.4,No_Festival,5,No,No
Butter (500g),South,2023-12-11,1781,273.41,26.4,No_Festival,6,No,No
Butter (500g),South,2023-12-18,1270,275.21,25.9,No_Festival,5,No,No
Butter (500g),South,2023-12-25,1615,273.79,24.3,No_Festival,5,No,No
Butter (500g),West,2020-12-28,480,254.22,22.5,No_Festival,2,No,No
Butter (500g),West,2021-01-04,1531,251.95,20.8,No_Festival,6,No,No
Butter (500g),West,2021-01-11,2027,251.59,23.2,Makar Sankranti,6,Yes,Yes
Butter (500g),West,2021-01-18,1128,255.38,22.8,No_Festival,4,No,No
Butter (500g),West,2021-01-25,1129,248.98,21.1,No_Festival,5,No,No
Butter (500g),West,2021-02-01,1298,250.91,22.4,No_Festival,5,No,No
Butter (500g),West,2021-02-08,1644,249.65,23.2,No_Festival,7,No,No
Butter (500g),West,2021-02-15,1200,252.83,24.0,No_Festival,5,No,No
Butter (500g),West,2021-02-22,1912,249.75,22.5,No_Festival,7,No,No
Butter (500g),West,2021-03-01,1664,247.07,28.2,No_Festival,6,No,No
Butter (500g),West,2021-03-08,1550,252.33,29.0,No_Festival,6,No,No
Butter (500g),West,2021-03-15,1337,246.59,26.9,No_Festival,5,No,No
Butter (500g),West,2021-03-22,1662,250.17,27.0,Holi,5,Yes,Yes
Butter (500g),West,2021-03-29,1806,251.8,29.4,No_Festival,7,No,No
Butter (500g),West,2021-04-05,1166,252.18,32.2,No_Festival,4,No,No
Butter (500g),West,2021-04-12,1272,250.96,30.6,Baisakhi,5,Yes,Yes
Butter (500g),West,2021-04-19,1267,247.61,31.8,No_Festival,5,No,No
Butter (500g),West,2021-04-26,1254,250.36,34.1,No_Festival,6,No,No
Butter (500g),West,2021-05-03,1156,248.66,35.9,No_Festival,5,No,No
Butter (500g),West,2021-05-10,1638,249.21,35.4,No_Festival,6,No,No
Butter (500g),West,2021-05-17,1554,245.55,35.5,No_Festival,6,No,No
Butter (500g),West,2021-05-24,1691,253.47,35.8,No_Festival,6,No,No
Butter (500g),West,2021-05-31,903,249.64,32.7,No_Festival,4,No,No
Butter (500g),West,2021-06-07,878,249.62,32.6,No_Festival,4,No,No
Butter (500g),West,2021-06-14,1285,247.13,31.8,No_Festival,5,No,No
Butter (500g),West,2021-06-21,945,251.83,30.8,No_Festival,4,No,No
Butter (500g),West,2021-06-28,2256,250.8,29.9,No_Festival,7,No,No
Butter (500g),West,2021-07-05,957,250.86,29.1,No_Festival,4,No,No
Butter (500g),West,2021-07-12,1183,251.79,28.8,No_Festival,4,No,No
Butter (500g),West,2021-07-19,845,249.37,28.5,No_Festival,5,No,Yes
Butter (500g),West,2021-07-26,1160,248.99,29.4,No_Festival,5,No,No
Butter (500g),West,2021-08-02,983,250.25,30.3,No_Festival,3,No,No
Butter (500g),West,2021-08-09,1700,249.99,27.2,Independence Day,6,Yes,Yes
Butter (500g),West,2021-08-16,1406,253.53,28.3,No_Festival,6,No,No
Butter (500g),West,2021-08-23,1459,253.9,27.6,No_Festival,5,No,No
Butter (500g),West,2021-08-30,1114,249.59,28.8,Janmashtami,5,Yes,Yes
Butter (500g),West,2021-09-06,1810,251.78,29.3,No_Festival,7,No,No
Butter (500g),West,2021-09-13,656,248.78,28.9,No_Festival,3,No,No
Butter (500g),West,2021-09-20,591,246.28,28.0,No_Festival,2,No,No
Butter (500g),West,2021-09-27,1660,249.69,29.8,Gandhi Jayanti,5,Yes,Yes
Butter (500g),West,2021-10-04,1140,247.32,29.7,No_Festival,5,No,No
Butter (500g),West,2021-10-11,1435,253.01,29.7,No_Festival,5,No,No
Butter (500g),West,2021-10-18,1595,250.37,31.0,No_Festival,6,No,No
Butter (500g),West,2021-10-25,542,250.87,30.6,No_Festival,3,No,No
Butter (500g),West,2021-11-01,1613,249.18,25.5,Diwali,6,Yes,Yes
Butter (500g),West,2021-11-08,2405,249.61,26.5,No_Festival,7,No,No
Butter (500g),West,2021-11-15,1576,251.31,26.1,Guru Nanak Jayanti,6,Yes,Yes
Butter (500g),West,2021-11-22,1039,253.16,25.2,No_Festival,4,No,No
Butter (500g),West,2021-11-29,1503,251.96,22.3,No_Festival,5,No,No
Butter (500g),West,2021-12-06,1466,251.28,21.7,No_Festival,7,No,No
Butter (500g),West,2021-12-13,1040,248.99,21.8,No_Festival,4,No,No
Butter (500g),West,2021-12-20,1915,249.37,22.3,Christmas,5,Yes,Yes
Butter (500g),West,2021-12-27,1784,251.63,21.8,No_Festival,7,No,No
Butter (500g),West,2022-01-03,757,263.87,21.5,No_Festival,5,No,No
Butter (500g),West,2022-01-10,1891,260.9,21.9,Makar Sankranti,6,Yes,Yes
Butter (500g),West,2022-01-17,1999,261.3,21.6,No_Festival,7,No,No
Butter (500g),West,2022-01-24,1256,267.84,22.2,Republic Day,4,Yes,Yes
Butter (500g),West,2022-01-31,1769,261.3,23.7,No_Festival,6,No,No
Butter (500g),West,2022-02-07,1728,265.54,24.9,No_Festival,6,No,No
Butter (500g),West,2022-02-14,1428,261.17,24.9,No_Festival,5,No,No
Butter (500g),West,2022-02-21,1548,264.9,25.1,No_Festival,5,No,No
Butter (500g),West,2022-02-28,1449,259.45,27.3,No_Festival,6,No,No
Butter (500g),West,2022-03-07,1205,261.96,27.8,No_Festival,4,No,No
Butter (500g),West,2022-03-14,2724,264.26,27.5,Holi,7,Yes,Yes
Butter (500g),West,2022-03-21,1970,259.49,26.9,No_Festival,6,No,No
Butter (500g),West,2022-03-28,1617,261.56,30.2,No_Festival,6,No,No
Butter (500g),West,2022-04-04,1305,261.66,31.6,No_Festival,5,No,No
Butter (500g),West,2022-04-11,1366,263.64,30.9,Baisakhi,6,Yes,Yes
Butter (500g),West,2022-04-18,1216,264.01,32.5,No_Festival,5,No,No
Butter (500g),West,2022-04-25,1842,264.84,31.4,No_Festival,5,No,No
Butter (500g),West,2022-05-02,1032,259.33,35.1,No_Festival,5,No,Yes
Butter (500g),West,2022-05-09,1838,263.58,37.1,No_Festival,6,No,No
Butter (500g),West,2022-05-16,1290,259.04,36.7,No_Festival,6,No,No
Butter (500g),West,2022-05-23,1336,261.93,34.0,No_Festival,4,No,No
Butter (500g),West,2022-05-30,1414,262.54,32.4,No_Festival,6,No,No
Butter (500g),West,2022-06-06,957,263.14,32.0,No_Festival,4,No,No
Butter (500g),West,2022-06-13,1196,260.83,29.9,No_Festival,4,No,No
Butter (500g),West,2022-06-20,1016,261.37,32.3,No_Festival,5,No,No
Butter (500g),West,2022-06-27,1452,263.31,31.0,No_Festival,6,No,No
Butter (500g),West,2022-07-04,1244,258.75,27.9,No_Festival,5,No,Yes
Butter (500g),West,2022-07-11,1312,262.87,28.4,No_Festival,6,No,No
Butter (500g),West,2022-07-18,1022,264.25,29.1,No_Festival,5,No,No
Butter (500g),West,2022-07-25,1291,261.09,28.7,No_Festival,6,No,No
Butter (500g),West,2022-08-01,1145,261.83,27.2,No_Festival,5,No,No
Butter (500g),West,2022-08-08,1181,265.77,28.6,Raksha Bandhan,3,Yes,Yes
Butter (500g),West,2022-08-15,1016,262.85,25.7,"Independence Day, Janmashtami",5,Yes,Yes
Butter (500g),West,2022-08-22,1162,267.27,27.9,No_Festival,5,No,No
Butter (500g),West,2022-08-29,1069,260.87,28.2,No_Festival,6,No,No
Butter (500g),West,2022-09-05,1361,262.46,27.6,No_Festival,5,No,No
Butter (500g),West,2022-09-12,1118,263.16,28.3,No_Festival,5,No,No
Butter (500g),West,2022-09-19,1200,261.47,29.6,No_Festival,5,No,No
Butter (500g),West,2022-09-26,1410,259.06,29.1,Gandhi Jayanti,6,Yes,Yes
Butter (500g),West,2022-10-03,1411,260.69,31.1,No_Festival,6,No,No
Butter (500g),West,2022-10-10,1538,262.29,31.3,No_Festival,4,No,No
Butter (500g),West,2022-10-17,1540,262.12,28.4,No_Festival,5,No,No
Butter (500g),West,2022-10-24,1529,259.57,30.1,Diwali,7,Yes,Yes
Butter (500g),West,2022-10-31,1261,264.67,28.0,No_Festival,7,No,No
Butter (500g),West,2022-11-07,1278,262.33,26.5,Guru Nanak Jayanti,5,Yes,Yes
Butter (500g),West,2022-11-14,1391,262.08,27.5,No_Festival,5,No,No
Butter (500g),West,2022-11-21,1712,263.33,27.4,No_Festival,5,No,No
Butter (500g),West,2022-11-28,1647,265.05,24.1,No_Festival,6,No,No
Butter (500g),West,2022-12-05,1381,265.64,23.1,No_Festival,5,No,No
Butter (500g),West,2022-12-12,319,259.11,18.2,No_Festival,1,No,No
Butter (500g),West,2022-12-19,2020,265.45,22.3,Christmas,5,Yes,Yes
Butter (500g),West,2022-12-26,1268,264.75,22.1,No_Festival,4,No,No
Butter (500g),West,2023-01-02,1310,271.77,22.7,No_Festival,6,No,No
Butter (500g),West,2023-01-09,2818,274.34,22.1,Makar Sankranti,7,Yes,Yes
Butter (500g),West,2023-01-16,1456,279.93,22.7,No_Festival,6,No,No
Butter (500g),West,2023-01-23,2144,274.56,22.3,Republic Day,7,Yes,Yes
Butter (500g),West,2023-01-30,1495,277.56,23.9,No_Festival,5,No,No
Butter (500g),West,2023-02-06,1647,275.53,22.9,No_Festival,6,No,No
Butter (500g),West,2023-02-13,1887,275.13,25.4,No_Festival,6,No,No
Butter (500g),West,2023-02-20,1602,275.62,25.5,No_Festival,6,No,No
Butter (500g),West,2023-02-27,1607,274.62,27.0,No_Festival,6,No,No
Butter (500g),West,2023-03-06,722,276.76,29.0,No_Festival,4,No,No
Butter (500g),West,2023-03-13,1483,275.33,26.9,No_Festival,7,No,No
Butter (500g),West,2023-03-20,1197,276.9,28.3,No_Festival,5,No,No
Butter (500g),West,2023-03-27,1722,275.56,27.2,No_Festival,6,No,No
Butter (500g),West,2023-04-03,1132,274.33,31.9,No_Festival,5,No,No
Butter (500g),West,2023-04-10,721,275.02,31.3,No_Festival,3,No,No
Butter (500g),West,2023-04-17,2009,272.98,31.9,No_Festival,7,No,Yes
Butter (500g),West,2023-04-24,1126,275.42,32.1,No_Festival,4,No,No
Butter (500g),West,2023-05-01,1688,276.34,35.7,No_Festival,7,No,No
Butter (500g),West,2023-05-08,1591,273.34,36.2,No_Festival,7,No,No
Butter (500g),West,2023-05-15,1729,275.6,36.0,No_Festival,7,No,No
Butter (500g),West,2023-05-22,987,277.35,36.1,No_Festival,4,No,No
Butter (500g),West,2023-05-29,1257,275.63,30.6,No_Festival,4,No,No
Butter (500g),West,2023-06-05,1251,273.55,31.5,No_Festival,5,No,No
Butter (500g),West,2023-06-12,1642,273.59,32.3,No_Festival,6,No,No
Butter (500g),West,2023-06-19,843,273.28,33.2,No_Festival,4,No,No
Butter (500g),West,2023-06-26,753,277.32,30.9,No_Festival,4,No,Yes
Butter (500g),West,2023-07-03,2024,276.07,29.7,No_Festival,7,No,No
Butter (500g),West,2023-07-10,1630,274.51,27.8,No_Festival,6,No,No
Butter (500g),West,2023-07-17,1089,274.86,29.0,No_Festival,4,No,No
Butter (500g),West,2023-07-24,1579,272.36,28.2,No_Festival,6,No,No
Butter (500g),West,2023-07-31,1044,275.26,27.0,No_Festival,4,No,No
Butter (500g),West,2023-08-07,1553,274.01,30.0,No_Festival,6,No,No
Butter (500g),West,2023-08-14,1474,273.9,28.9,Independence Day,5,Yes,Yes
Butter (500g),West,2023-08-21,805,275.59,29.7,No_Festival,3,No,No
Butter (500g),West,2023-08-28,1864,276.04,28.9,Raksha Bandhan,6,Yes,Yes
Butter (500g),West,2023-09-04,1847,273.99,27.6,Janmashtami,6,Yes,Yes
Butter (500g),West,2023-09-11,825,270.4,28.3,No_Festival,3,No,No
Butter (500g),West,2023-09-18,1836,276.12,29.2,No_Festival,7,No,No
Butter (500g),West,2023-09-25,1289,273.62,29.5,No_Festival,5,No,No
Butter (500g),West,2023-10-02,1099,272.72,30.9,Gandhi Jayanti,5,Yes,Yes
Butter (500g),West,2023-10-09,635,273.5,31.9,No_Festival,4,No,No
Butter (500g),West,2023-10-16,1602,274.86,28.7,No_Festival,6,No,No
Butter (500g),West,2023-10-23,1706,274.97,31.0,No_Festival,6,No,No
Butter (500g),West,2023-10-30,1476,278.82,27.1,No_Festival,7,No,No
Butter (500g),West,2023-11-06,1203,281.04,26.7,Diwali,5,Yes,Yes
Butter (500g),West,2023-11-13,1331,272.48,26.9,No_Festival,4,No,No
Butter (500g),West,2023-11-20,1408,276.92,25.5,No_Festival,6,No,No
Butter (500g),West,2023-11-27,1301,272.82,23.0,Guru Nanak Jayanti,6,Yes,Yes
Butter (500g),West,2023-12-04,1585,275.31,22.4,No_Festival,5,No,No
Butter (500g),West,2023-12-11,1303,277.96,21.6,No_Festival,5,No,No
Butter (500g),West,2023-12-18,893,272.72,22.3,No_Festival,5,No,No
Butter (500g),West,2023-12-25,1207,277.56,22.0,Christmas,5,Yes,Yes
Buttermilk (1L),Central,2020-12-28,443,35.07,17.1,No_Festival,2,No,No
Buttermilk (1L),Central,2021-01-04,1556,34.73,17.9,No_Festival,7,No,No
Buttermilk (1L),Central,2021-01-11,1346,34.83,18.6,Makar Sankranti,5,Yes,Yes
Buttermilk (1L),Central,2021-01-18,1319,34.82,18.4,No_Festival,5,No,No
Buttermilk (1L),Central,2021-01-25,1157,34.77,16.1,No_Festival,4,No,No
Buttermilk (1L),Central,2021-02-01,984,35.14,19.1,No_Festival,4,No,No
Buttermilk (1L),Central,2021-02-08,1899,34.92,22.1,No_Festival,7,No,No
Buttermilk (1L),Central,2021-02-15,1019,35.09,20.8,No_Festival,4,No,No
Buttermilk (1L),Central,2021-02-22,1420,35.07,19.4,No_Festival,5,No,No
Buttermilk (1L),Central,2021-03-01,3067,35.44,27.3,No_Festival,6,No,No
Buttermilk (1L),Central,2021-03-08,1064,35.0,27.4,No_Festival,2,No,No
Buttermilk (1L),Central,2021-03-15,3906,34.7,27.7,No_Festival,6,No,No
Buttermilk (1L),Central,2021-03-22,3548,34.82,27.2,Holi,5,Yes,Yes
Buttermilk (1L),Central,2021-03-29,4181,34.82,29.9,No_Festival,6,No,No
Buttermilk (1L),Central,2021-04-05,3625,34.82,31.4,No_Festival,6,No,No
Buttermilk (1L),Central,2021-04-12,3671,34.98,33.8,Baisakhi,5,Yes,Yes
Buttermilk (1L),Central,2021-04-19,3345,35.1,33.2,No_Festival,5,No,No
Buttermilk (1L),Central,2021-04-26,3102,35.01,35.0,No_Festival,6,No,No
Buttermilk (1L),Central,2021-05-03,3979,35.05,37.8,No_Festival,6,No,No
Buttermilk (1L),Central,2021-05-10,3649,35.34,38.8,No_Festival,6,No,Yes
Buttermilk (1L),Central,2021-05-17,2882,34.74,39.1,No_Festival,4,No,No
Buttermilk (1L),Central,2021-05-24,4541,34.92,37.7,No_Festival,7,No,No
Buttermilk (1L),Central,2021-05-31,3645,35.17,36.6,No_Festival,6,No,No
Buttermilk (1L),Central,2021-06-07,2594,35.05,36.8,No_Festival,4,No,No
Buttermilk (1L),Central,2021-06-14,4317,34.91,36.5,No_Festival,7,No,No
Buttermilk (1L),Central,2021-06-21,2245,35.01,36.7,No_Festival,4,No,No
Buttermilk (1L),Central,2021-06-28,2066,35.41,33.2,No_Festival,4,No,No
Buttermilk (1L),Central,2021-07-05,1758,35.6,29.8,No_Festival,4,No,No
Buttermilk (1L),Central,2021-07-12,1259,35.4,31.4,No_Festival,4,No,No
Buttermilk (1L),Central,2021-07-19,1846,35.02,31.6,No_Festival,5,No,Yes
Buttermilk (1L),Central,2021-07-26,1831,34.61,31.8,No_Festival,4,No,No
Buttermilk (1L),Central,2021-08-02,2527,34.98,29.5,No_Festival,7,No,No
Buttermilk (1L),Central,2021-08-09,2620,35.06,28.5,Independence Day,5,Yes,Yes
Buttermilk (1L),Central,2021-08-16,690,34.63,28.0,Raksha Bandhan,2,Yes,Yes
Buttermilk (1L),Central,2021-08-23,2856,35.0,30.8,No_Festival,7,No,No
Buttermilk (1L),Central,2021-08-30,2798,34.96,29.1,Janmashtami,6,Yes,Yes
Buttermilk (1L),Central,2021-09-06,2194,34.66,29.8,No_Festival,6,No,No
Buttermilk (1L),Central,2021-09-13,2048,34.35,29.3,No_Festival,5,No,No
Buttermilk (1L),Central,2021-09-20,2991,35.18,30.1,No_Festival,6,No,No
Buttermilk (1L),Central,2021-09-27,947,35.16,29.6,No_Festival,3,No,No
Buttermilk (1L),Central,2021-10-04,960,34.64,29.3,No_Festival,2,No,No
Buttermilk (1L),Central,2021-10-11,2362,34.54,28.3,Navratri,6,Yes,Yes
Buttermilk (1L),Central,2021-10-18,1769,34.99,28.7,No_Festival,5,No,No
Buttermilk (1L),Central,2021-10-25,2085,35.02,28.1,No_Festival,6,No,No
Buttermilk (1L),Central,2021-11-01,3221,34.85,22.9,Diwali,7,Yes,Yes
Buttermilk (1L),Central,2021-11-08,2366,35.09,22.0,No_Festival,6,No,No
Buttermilk (1L),Central,2021-11-15,2381,35.16,22.4,Guru Nanak Jayanti,5,Yes,Yes
Buttermilk (1L),Central,2021-11-22,1567,34.94,22.9,No_Festival,4,No,No
Buttermilk (1L),Central,2021-11-29,1370,35.03,18.2,No_Festival,4,No,No
Buttermilk (1L),Central,2021-12-06,1655,34.9,20.1,No_Festival,6,No,No
Buttermilk (1L),Central,2021-12-13,538,34.97,18.8,No_Festival,4,No,No
Buttermilk (1L),Central,2021-12-20,1776,34.56,16.9,Christmas,6,Yes,Yes
Buttermilk (1L),Central,2021-12-27,1156,35.22,17.6,No_Festival,5,No,No
Buttermilk (1L),Central,2022-01-03,1170,36.73,18.4,No_Festival,4,No,No
Buttermilk (1L),Central,2022-01-10,1756,36.61,17.1,Makar Sankranti,5,Yes,Yes
Buttermilk (1L),Central,2022-01-17,929,36.68,17.0,No_Festival,4,No,No
Buttermilk (1L),Central,2022-01-24,1908,36.73,17.3,Republic Day,6,Yes,Yes
Buttermilk (1L),Central,2022-01-31,1414,37.11,18.3,No_Festival,6,No,No
Buttermilk (1L),Central,2022-02-07,1408,36.81,22.2,No_Festival,6,No,No
Buttermilk (1L),Central,2022-02-14,1436,36.35,22.0,No_Festival,6,No,No
Buttermilk (1L),Central,2022-02-21,1074,36.84,21.5,No_Festival,5,No,No
Buttermilk (1L),Central,2022-02-28,2016,36.77,24.6,No_Festival,4,No,No
Buttermilk (1L),Central,2022-03-07,4348,36.81,27.6,No_Festival,6,No,No
Buttermilk (1L),Central,2022-03-14,2142,37.17,27.2,No_Festival,3,No,No
Buttermilk (1L),Central,2022-03-21,2435,37.08,27.5,No_Festival,5,No,No
Buttermilk (1L),Central,2022-03-28,4862,37.32,29.5,No_Festival,7,No,No
Buttermilk (1L),Central,2022-04-04,2956,36.99,34.2,No_Festival,5,No,No
Buttermilk (1L),Central,2022-04-11,4045,37.08,33.1,Baisakhi,6,Yes,Yes
Buttermilk (1L),Central,2022-04-18,3413,37.23,31.8,No_Festival,5,No,No
Buttermilk (1L),Central,2022-04-25,2704,36.71,32.4,No_Festival,4,No,No
Buttermilk (1L),Central,2022-05-02,4814,37.22,39.3,No_Festival,7,No,Yes
Buttermilk (1L),Central,2022-05-09,3811,36.93,38.9,No_Festival,6,No,No
Buttermilk (1L),Central,2022-05-16,2637,36.76,38.1,No_Festival,6,No,No
Buttermilk (1L),Central,2022-05-23,4251,36.94,36.6,No_Festival,6,No,No
Buttermilk (1L),Central,2022-05-30,3751,36.71,36.5,No_Festival,6,No,No
Buttermilk (1L),Central,2022-06-06,3076,36.46,35.1,No_Festival,5,No,No
Buttermilk (1L),Central,2022-06-13,3634,37.21,35.8,No_Festival,7,No,No
Buttermilk (1L),Central,2022-06-20,3726,36.88,35.7,No_Festival,7,No,No
Buttermilk (1L),Central,2022-06-27,4020,36.65,35.6,No_Festival,7,No,No
Buttermilk (1L),Central,2022-07-04,3083,36.31,30.7,No_Festival,6,No,No
Buttermilk (1L),Central,2022-07-11,2178,37.23,32.3,No_Festival,5,No,No
Buttermilk (1L),Central,2022-07-18,2361,36.28,31.0,No_Festival,6,No,No
Buttermilk (1L),Central,2022-07-25,2107,37.01,31.4,No_Festival,6,No,No
Buttermilk (1L),Central,2022-08-01,3099,36.7,29.0,No_Festival,6,No,No
Buttermilk (1L),Central,2022-08-08,1774,37.07,31.0,Raksha Bandhan,5,Yes,Yes
Buttermilk (1L),Central,2022-08-15,3442,36.66,30.9,Independence Day,6,Yes,Yes
Buttermilk (1L),Central,2022-08-22,1941,36.83,31.3,No_Festival,5,No,No
Buttermilk (1L),Central,2022-08-29,2157,36.68,30.2,No_Festival,6,No,No
Buttermilk (1L),Central,2022-09-05,2153,36.83,30.4,No_Festival,5,No,No
Buttermilk (1L),Central,2022-09-12,2397,36.63,30.8,No_Festival,6,No,No
Buttermilk (1L),Central,2022-09-19,2299,37.29,30.8,No_Festival,6,No,No
Buttermilk (1L),Central,2022-09-26,2671,36.92,29.2,Gandhi Jayanti,7,Yes,Yes
Buttermilk (1L),Central,2022-10-03,1222,36.23,30.3,No_Festival,4,No,No
Buttermilk (1L),Central,2022-10-10,3057,36.2,28.0,No_Festival,7,No,No
Buttermilk (1L),Central,2022-10-17,2242,37.0,26.0,No_Festival,6,No,No
Buttermilk (1L),Central,2022-10-24,2314,36.96,28.9,Diwali,6,Yes,Yes
Buttermilk (1L),Central,2022-10-31,2340,37.18,23.5,No_Festival,6,No,No
Buttermilk (1L),Central,2022-11-07,3071,36.89,22.1,Guru Nanak Jayanti,7,Yes,Yes
Buttermilk (1L),Central,2022-11-14,3352,37.07,21.8,No_Festival,7,No,No
Buttermilk (1L),Central,2022-11-21,2730,36.59,23.4,No_Festival,6,No,No
Buttermilk (1L),Central,2022-11-28,1755,36.77,20.3,No_Festival,7,No,No
Buttermilk (1L),Central,2022-12-05,1023,36.79,19.8,No_Festival,4,No,No
Buttermilk (1L),Central,2022-12-12,1000,36.32,18.4,No_Festival,4,No,No
Buttermilk (1L),Central,2022-12-19,1624,36.54,17.3,Christmas,6,Yes,Yes
Buttermilk (1L),Central,2022-12-26,1521,37.25,18.9,No_Festival,6,No,No
Buttermilk (1L),Central,2023-01-02,961,38.7,18.2,No_Festival,4,No,No
Buttermilk (1L),Central,2023-01-09,1689,38.45,17.1,Makar Sankranti,6,Yes,Yes
Buttermilk (1L),Central,2023-01-16,1274,38.24,17.0,No_Festival,6,No,No
Buttermilk (1L),Central,2023-01-23,1490,38.71,17.7,Republic Day,6,Yes,Yes
Buttermilk (1L),Central,2023-01-30,672,38.78,19.0,No_Festival,3,No,No
Buttermilk (1L),Central,2023-02-06,1454,38.33,22.6,No_Festival,6,No,No
Buttermilk (1L),Central,2023-02-13,996,38.28,23.2,No_Festival,4,No,No
Buttermilk (1L),Central,2023-02-20,1175,38.43,20.1,No_Festival,5,No,No
Buttermilk (1L),Central,2023-02-27,1581,38.02,27.0,No_Festival,4,No,No
Buttermilk (1L),Central,2023-03-06,2180,38.09,27.8,No_Festival,4,No,No
Buttermilk (1L),Central,2023-03-13,2956,38.18,26.0,No_Festival,5,No,No
Buttermilk (1L),Central,2023-03-20,3766,38.61,28.0,No_Festival,6,No,No
Buttermilk (1L),Central,2023-03-27,3617,38.31,28.2,No_Festival,6,No,No
Buttermilk (1L),Central,2023-04-03,3374,38.51,32.5,No_Festival,6,No,No
Buttermilk (1L),Central,2023-04-10,4517,38.46,32.8,Baisakhi,6,Yes,Yes
Buttermilk (1L),Central,2023-04-17,3559,38.7,33.8,No_Festival,6,No,Yes
Buttermilk (1L),Central,2023-04-24,3303,38.01,34.8,No_Festival,5,No,No
Buttermilk (1L),Central,2023-05-01,2635,38.6,40.4,No_Festival,4,No,No
Buttermilk (1L),Central,2023-05-08,4119,38.31,39.4,No_Festival,6,No,No
Buttermilk (1L),Central,2023-05-15,4006,38.52,37.5,No_Festival,7,No,No
Buttermilk (1L),Central,2023-05-22,3728,38.78,38.8,No_Festival,6,No,No
Buttermilk (1L),Central,2023-05-29,3724,38.15,36.4,No_Festival,6,No,No
Buttermilk (1L),Central,2023-06-05,2948,38.63,36.5,No_Festival,5,No,No
Buttermilk (1L),Central,2023-06-12,2483,38.63,37.2,No_Festival,4,No,No
Buttermilk (1L),Central,2023-06-19,3868,38.3,36.3,No_Festival,5,No,No
Buttermilk (1L),Central,2023-06-26,2397,38.32,34.3,No_Festival,4,No,Yes
Buttermilk (1L),Central,2023-07-03,2686,38.35,31.3,No_Festival,6,No,No
Buttermilk (1L),Central,2023-07-10,1884,38.48,30.7,No_Festival,5,No,No
Buttermilk (1L),Central,2023-07-17,2672,38.44,31.8,No_Festival,6,No,No
Buttermilk (1L),Central,2023-07-24,1446,38.01,30.3,No_Festival,4,No,No
Buttermilk (1L),Central,2023-07-31,1518,37.73,30.1,No_Festival,3,No,No
Buttermilk (1L),Central,2023-08-07,1701,38.22,30.2,No_Festival,4,No,No
Buttermilk (1L),Central,2023-08-14,2479,38.49,29.6,Independence Day,6,Yes,Yes
Buttermilk (1L),Central,2023-08-21,1393,38.68,30.0,No_Festival,3,No,No
Buttermilk (1L),Central,2023-08-28,2660,38.87,30.8,Raksha Bandhan,7,Yes,Yes
Buttermilk (1L),Central,2023-09-04,2625,38.77,29.6,Janmashtami,6,Yes,Yes
Buttermilk (1L),Central,2023-09-11,1807,38.83,29.6,No_Festival,4,No,No
Buttermilk (1L),Central,2023-09-18,1404,38.52,30.7,No_Festival,4,No,No
Buttermilk (1L),Central,2023-09-25,1633,38.34,29.9,No_Festival,4,No,No
Buttermilk (1L),Central,2023-10-02,3740,38.4,28.2,Gandhi Jayanti,7,Yes,Yes
Buttermilk (1L),Central,2023-10-09,2519,38.27,28.6,No_Festival,6,No,No
Buttermilk (1L),Central,2023-10-16,2603,38.37,26.8,No_Festival,6,No,No
Buttermilk (1L),Central,2023-10-23,1755,39.06,27.3,No_Festival,5,No,No
Buttermilk (1L),Central,2023-10-30,3231,38.45,25.2,No_Festival,7,No,No
Buttermilk (1L),Central,2023-11-06,2563,38.62,21.1,Diwali,5,Yes,Yes
Buttermilk (1L),Central,2023-11-13,2672,38.45,22.9,No_Festival,7,No,No
Buttermilk (1L),Central,2023-11-20,2942,38.69,22.3,No_Festival,7,No,No
Buttermilk (1L),Central,2023-11-27,2408,38.38,21.4,Guru Nanak Jayanti,7,Yes,Yes
Buttermilk (1L),Central,2023-12-04,1310,38.56,18.2,No_Festival,6,No,No
Buttermilk (1L),Central,2023-12-11,1431,38.54,19.5,No_Festival,6,No,No
Buttermilk (1L),Central,2023-12-18,817,38.9,19.1,No_Festival,3,No,No
Buttermilk (1L),Central,2023-12-25,1432,38.38,18.3,Christmas,6,Yes,Yes
Buttermilk (1L),East,2020-12-28,619,34.08,19.5,No_Festival,2,No,No
Buttermilk (1L),East,2021-01-04,1207,35.06,18.4,No_Festival,5,No,No
Buttermilk (1L),East,2021-01-11,1382,35.26,19.2,Makar Sankranti,5,Yes,Yes
Buttermilk (1L),East,2021-01-18,1073,34.66,17.7,No_Festival,4,No,No
Buttermilk (1L),East,2021-01-25,1963,35.42,18.4,Republic Day,7,Yes,Yes
Buttermilk (1L),East,2021-02-01,1575,34.5,20.4,No_Festival,6,No,No
Buttermilk (1L),East,2021-02-08,1607,35.04,20.7,No_Festival,7,No,No
Buttermilk (1L),East,2021-02-15,1470,34.63,22.8,No_Festival,6,No,No
Buttermilk (1L),East,2021-02-22,1750,35.01,21.2,No_Festival,6,No,No
Buttermilk (1L),East,2021-03-01,3293,35.05,26.2,No_Festival,6,No,No
Buttermilk (1L),East,2021-03-08,3261,35.14,25.7,No_Festival,4,No,No
Buttermilk (1L),East,2021-03-15,2777,35.11,27.5,No_Festival,5,No,No
Buttermilk (1L),East,2021-03-22,3685,35.47,26.3,Holi,4,Yes,Yes
Buttermilk (1L),East,2021-03-29,1921,35.21,27.3,No_Festival,3,No,No
Buttermilk (1L),East,2021-04-05,4206,35.14,31.9,No_Festival,7,No,No
Buttermilk (1L),East,2021-04-12,3466,35.04,31.9,No_Festival,6,No,No
Buttermilk (1L),East,2021-04-19,3889,34.86,31.2,No_Festival,7,No,No
Buttermilk (1L),East,2021-04-26,3295,34.71,32.3,No_Festival,5,No,No
Buttermilk (1L),East,2021-05-03,4129,35.03,33.9,No_Festival,6,No,No
Buttermilk (1L),East,2021-05-10,3738,35.21,35.4,No_Festival,6,No,Yes
Buttermilk (1L),East,2021-05-17,3912,35.39,35.1,No_Festival,6,No,No
Buttermilk (1L),East,2021-05-24,4152,35.3,33.5,No_Festival,6,No,No
Buttermilk (1L),East,2021-05-31,2112,35.02,32.9,No_Festival,3,No,No
Buttermilk (1L),East,2021-06-07,3775,34.72,31.9,No_Festival,6,No,No
Buttermilk (1L),East,2021-06-14,3786,34.74,32.7,No_Festival,6,No,No
Buttermilk (1L),East,2021-06-21,2522,35.5,30.8,No_Festival,4,No,No
Buttermilk (1L),East,2021-06-28,1783,35.3,31.0,No_Festival,5,No,No
Buttermilk (1L),East,2021-07-05,3100,35.01,30.1,No_Festival,6,No,No
Buttermilk (1L),East,2021-07-12,1487,35.52,29.9,No_Festival,4,No,No
Buttermilk (1L),East,2021-07-19,2060,35.06,29.5,No_Festival,5,No,Yes
Buttermilk (1L),East,2021-07-26,2696,35.48,29.4,No_Festival,6,No,No
Buttermilk (1L),East,2021-08-02,2028,35.13,28.9,No_Festival,5,No,No
Buttermilk (1L),East,2021-08-09,2204,35.25,30.0,Independence Day,6,Yes,Yes
Buttermilk (1L),East,2021-08-16,2996,35.2,29.5,Raksha Bandhan,6,Yes,Yes
Buttermilk (1L),East,2021-08-23,1857,35.22,31.0,No_Festival,4,No,No
Buttermilk (1L),East,2021-08-30,2806,35.04,29.8,Janmashtami,6,Yes,Yes
Buttermilk (1L),East,2021-09-06,1144,34.73,30.4,No_Festival,4,No,No
Buttermilk (1L),East,2021-09-13,2595,35.45,29.2,No_Festival,5,No,No
Buttermilk (1L),East,2021-09-20,1673,35.1,28.5,No_Festival,5,No,No
Buttermilk (1L),East,2021-09-27,1779,35.21,29.0,No_Festival,5,No,No
Buttermilk (1L),East,2021-10-04,1790,35.22,26.4,No_Festival,5,No,No
Buttermilk (1L),East,2021-10-11,2332,34.9,29.2,Navratri,5,Yes,Yes
Buttermilk (1L),East,2021-10-18,2254,35.09,27.3,No_Festival,5,No,No
Buttermilk (1L),East,2021-10-25,2129,34.18,27.2,No_Festival,5,No,No
Buttermilk (1L),East,2021-11-01,2415,35.46,23.4,Diwali,5,Yes,Yes
Buttermilk (1L),East,2021-11-08,2678,35.41,22.2,No_Festival,5,No,No
Buttermilk (1L),East,2021-11-15,3238,35.09,23.4,Guru Nanak Jayanti,7,Yes,Yes
Buttermilk (1L),East,2021-11-22,693,35.54,18.8,No_Festival,2,No,No
Buttermilk (1L),East,2021-11-29,1661,35.01,18.8,No_Festival,6,No,No
Buttermilk (1L),East,2021-12-06,1554,34.7,16.5,No_Festival,6,No,No
Buttermilk (1L),East,2021-12-13,1257,34.49,16.8,No_Festival,5,No,No
Buttermilk (1L),East,2021-12-20,862,34.9,16.2,No_Festival,4,No,No
Buttermilk (1L),East,2021-12-27,1332,35.54,16.2,No_Festival,6,No,No
Buttermilk (1L),East,2022-01-03,1297,36.87,19.3,No_Festival,5,No,No
Buttermilk (1L),East,2022-01-10,1795,36.74,17.9,Makar Sankranti,7,Yes,Yes
Buttermilk (1L),East,2022-01-17,1102,36.74,19.7,No_Festival,5,No,No
Buttermilk (1L),East,2022-01-24,945,36.84,17.6,Republic Day,4,Yes,Yes
Buttermilk (1L),East,2022-01-31,1629,36.98,20.7,No_Festival,6,No,No
Buttermilk (1L),East,2022-02-07,1391,37.01,22.4,No_Festival,5,No,No
Buttermilk (1L),East,2022-02-14,1489,36.88,20.9,No_Festival,6,No,No
Buttermilk (1L),East,2022-02-21,1380,36.85,21.2,No_Festival,5,No,No
Buttermilk (1L),East,2022-02-28,3889,36.41,25.8,No_Festival,6,No,No
Buttermilk (1L),East,2022-03-07,3721,36.96,28.8,No_Festival,6,No,No
Buttermilk (1L),East,2022-03-14,4282,36.95,26.8,Holi,5,Yes,Yes
Buttermilk (1L),East,2022-03-21,3354,36.55,26.0,No_Festival,6,No,No
Buttermilk (1L),East,2022-03-28,4090,36.74,28.8,No_Festival,6,No,No
Buttermilk (1L),East,2022-04-04,5266,36.58,32.6,No_Festival,7,No,No
Buttermilk (1L),East,2022-04-11,2612,36.56,32.3,Baisakhi,5,Yes,Yes
Buttermilk (1L),East,2022-04-18,3063,36.19,32.7,No_Festival,5,No,No
Buttermilk (1L),East,2022-04-25,2636,36.87,31.8,No_Festival,4,No,No
Buttermilk (1L),East,2022-05-02,1575,36.49,32.7,No_Festival,3,No,Yes
Buttermilk (1L),East,2022-05-09,1984,36.87,34.9,No_Festival,5,No,No
Buttermilk (1L),East,2022-05-16,5098,36.34,33.8,No_Festival,7,No,No
Buttermilk (1L),East,2022-05-23,2340,36.98,35.5,No_Festival,5,No,No
Buttermilk (1L),East,2022-05-30,1645,36.65,32.4,No_Festival,3,No,No
Buttermilk (1L),East,2022-06-06,3290,37.12,30.5,No_Festival,6,No,No
Buttermilk (1L),East,2022-06-13,3512,36.46,31.4,No_Festival,6,No,No
Buttermilk (1L),East,2022-06-20,3578,36.65,32.4,No_Festival,6,No,No
Buttermilk (1L),East,2022-06-27,3686,36.41,31.4,No_Festival,7,No,No
Buttermilk (1L),East,2022-07-04,3108,37.27,30.7,No_Festival,6,No,Yes
Buttermilk (1L),East,2022-07-11,1191,36.44,30.0,No_Festival,3,No,No
Buttermilk (1L),East,2022-07-18,2719,37.01,29.5,No_Festival,7,No,No
Buttermilk (1L),East,2022-07-25,2593,36.53,30.4,No_Festival,6,No,No
Buttermilk (1L),East,2022-08-01,2067,36.64,30.4,No_Festival,6,No,No
Buttermilk (1L),East,2022-08-08,1568,36.6,32.2,Raksha Bandhan,3,Yes,Yes
Buttermilk (1L),East,2022-08-15,2810,36.98,30.7,"Independence Day, Janmashtami",6,Yes,Yes
Buttermilk (1L),East,2022-08-22,2437,36.83,30.2,No_Festival,6,No,No
Buttermilk (1L),East,2022-08-29,1351,37.03,29.3,No_Festival,3,No,No
Buttermilk (1L),East,2022-09-05,1322,36.53,29.8,No_Festival,4,No,No
Buttermilk (1L),East,2022-09-12,2350,36.58,28.8,No_Festival,6,No,No
Buttermilk (1L),East,2022-09-19,2828,37.02,30.7,No_Festival,7,No,No
Buttermilk (1L),East,2022-09-26,2427,36.9,27.6,Gandhi Jayanti,6,Yes,Yes
Buttermilk (1L),East,2022-10-03,1616,37.27,27.1,No_Festival,5,No,No
Buttermilk (1L),East,2022-10-10,2302,36.89,27.8,No_Festival,6,No,No
Buttermilk (1L),East,2022-10-17,2074,36.92,25.7,No_Festival,5,No,No
Buttermilk (1L),East,2022-10-24,2424,36.97,28.0,Diwali,6,Yes,Yes
Buttermilk (1L),East,2022-10-31,1274,36.89,22.6,No_Festival,4,No,No
Buttermilk (1L),East,2022-11-07,2021,37.0,22.1,Guru Nanak Jayanti,5,Yes,Yes
Buttermilk (1L),East,2022-11-14,2772,36.7,23.1,No_Festival,6,No,No
Buttermilk (1L),East,2022-11-21,1764,36.51,21.8,No_Festival,4,No,No
Buttermilk (1L),East,2022-11-28,1485,36.97,18.3,No_Festival,4,No,No
Buttermilk (1L),East,2022-12-05,1419,36.66,15.3,No_Festival,6,No,No
Buttermilk (1L),East,2022-12-12,1161,36.73,17.2,No_Festival,5,No,No
Buttermilk (1L),East,2022-12-19,1588,36.5,17.1,Christmas,6,Yes,Yes
Buttermilk (1L),East,2022-12-26,1344,37.41,17.8,No_Festival,6,No,No
Buttermilk (1L),East,2023-01-02,1698,38.32,19.9,No_Festival,6,No,No
Buttermilk (1L),East,2023-01-09,966,37.97,18.2,Makar Sankranti,5,Yes,Yes
Buttermilk (1L),East,2023-01-16,1552,38.29,19.0,No_Festival,6,No,No
Buttermilk (1L),East,2023-01-23,1844,38.23,18.7,Republic Day,7,Yes,Yes
Buttermilk (1L),East,2023-01-30,1619,38.55,20.2,No_Festival,6,No,No
Buttermilk (1L),East,2023-02-06,1032,38.28,21.9,No_Festival,6,No,No
Buttermilk (1L),East,2023-02-13,1350,39.06,20.7,No_Festival,6,No,No
Buttermilk (1L),East,2023-02-20,597,39.15,21.0,No_Festival,3,No,No
Buttermilk (1L),East,2023-02-27,2931,38.34,25.8,No_Festival,5,No,No
Buttermilk (1L),East,2023-03-06,3180,38.73,27.4,Holi,5,Yes,Yes
Buttermilk (1L),East,2023-03-13,3543,38.72,26.6,No_Festival,5,No,No
Buttermilk (1L),East,2023-03-20,2904,38.46,27.8,No_Festival,5,No,No
Buttermilk (1L),East,2023-03-27,3616,38.33,29.8,No_Festival,6,No,No
Buttermilk (1L),East,2023-04-03,2822,38.27,32.7,No_Festival,6,No,No
Buttermilk (1L),East,2023-04-10,3620,38.64,31.2,No_Festival,6,No,No
Buttermilk (1L),East,2023-04-17,2454,38.7,30.2,No_Festival,4,No,No
Buttermilk (1L),East,2023-04-24,2642,38.3,31.4,No_Festival,5,No,No
Buttermilk (1L),East,2023-05-01,3555,38.51,34.1,No_Festival,6,No,No
Buttermilk (1L),East,2023-05-08,4027,38.04,33.4,No_Festival,6,No,No
Buttermilk (1L),East,2023-05-15,2962,38.18,34.1,No_Festival,6,No,No
Buttermilk (1L),East,2023-05-22,5342,38.55,34.0,No_Festival,7,No,No
Buttermilk (1L),East,2023-05-29,2188,38.42,32.8,No_Festival,4,No,No
Buttermilk (1L),East,2023-06-05,4098,38.53,30.3,No_Festival,7,No,No
Buttermilk (1L),East,2023-06-12,2858,38.61,30.5,No_Festival,4,No,No
Buttermilk (1L),East,2023-06-19,4013,38.43,32.7,No_Festival,7,No,No
Buttermilk (1L),East,2023-06-26,2168,38.78,30.6,No_Festival,5,No,No
Buttermilk (1L),East,2023-07-03,1689,38.68,30.0,No_Festival,4,No,No
Buttermilk (1L),East,2023-07-10,2087,38.52,30.8,No_Festival,5,No,No
Buttermilk (1L),East,2023-07-17,1454,38.62,29.1,No_Festival,4,No,No
Buttermilk (1L),East,2023-07-24,2011,37.84,28.3,No_Festival,5,No,No
Buttermilk (1L),East,2023-07-31,3259,38.66,29.2,No_Festival,7,No,No
Buttermilk (1L),East,2023-08-07,1470,38.63,30.2,No_Festival,3,No,No
Buttermilk (1L),East,2023-08-14,2685,38.18,29.2,Independence Day,6,Yes,Yes
Buttermilk (1L),East,2023-08-21,2778,38.56,30.4,No_Festival,6,No,No
Buttermilk (1L),East,2023-08-28,3023,38.22,30.0,Raksha Bandhan,6,Yes,Yes
Buttermilk (1L),East,2023-09-04,3337,38.64,28.6,Janmashtami,7,Yes,Yes
Buttermilk (1L),East,2023-09-11,3221,38.21,28.1,No_Festival,6,No,No
Buttermilk (1L),East,2023-09-18,1972,38.91,31.0,No_Festival,5,No,No
Buttermilk (1L),East,2023-09-25,2697,38.52,28.0,No_Festival,6,No,No
Buttermilk (1L),East,2023-10-02,3097,38.48,26.7,Gandhi Jayanti,6,Yes,Yes
Buttermilk (1L),East,2023-10-09,1982,38.02,27.0,No_Festival,6,No,No
Buttermilk (1L),East,2023-10-16,1529,38.29,28.4,No_Festival,4,No,No
Buttermilk (1L),East,2023-10-23,2269,38.85,26.6,No_Festival,6,No,No
Buttermilk (1L),East,2023-10-30,2480,38.43,23.4,No_Festival,6,No,No
Buttermilk (1L),East,2023-11-06,2330,38.53,23.2,Diwali,6,Yes,Yes
Buttermilk (1L),East,2023-11-13,2122,38.54,21.8,No_Festival,5,No,No
Buttermilk (1L),East,2023-11-20,2017,38.65,22.0,No_Festival,6,No,No
Buttermilk (1L),East,2023-11-27,2223,38.7,18.3,Guru Nanak Jayanti,6,Yes,Yes
Buttermilk (1L),East,2023-12-04,1204,38.56,16.4,No_Festival,4,No,No
Buttermilk (1L),East,2023-12-11,1521,38.47,17.0,No_Festival,6,No,No
Buttermilk (1L),East,2023-12-18,1083,38.3,16.2,No_Festival,4,No,No
Buttermilk (1L),East,2023-12-25,1039,38.07,16.8,No_Festival,4,No,No
Buttermilk (1L),North,2020-12-28,902,35.08,14.7,No_Festival,3,No,No
Buttermilk (1L),North,2021-01-04,1626,35.28,14.0,No_Festival,6,No,No
Buttermilk (1L),North,2021-01-11,1185,35.19,15.2,Makar Sankranti,4,Yes,Yes
Buttermilk (1L),North,2021-01-18,945,34.49,12.7,No_Festival,4,No,No
Buttermilk (1L),North,2021-01-25,2027,35.41,13.8,Republic Day,7,Yes,Yes
Buttermilk (1L),North,2021-02-01,1459,34.63,17.1,No_Festival,7,No,No
Buttermilk (1L),North,2021-02-08,1357,34.85,16.5,No_Festival,5,No,No
Buttermilk (1L),North,2021-02-15,675,35.07,16.2,No_Festival,3,No,No
Buttermilk (1L),North,2021-02-22,923,34.83,15.3,No_Festival,4,No,No
Buttermilk (1L),North,2021-03-01,2605,34.83,23.2,No_Festival,4,No,No
Buttermilk (1L),North,2021-03-08,3693,34.75,24.3,No_Festival,5,No,No
Buttermilk (1L),North,2021-03-15,3633,35.41,24.1,No_Festival,6,No,No
Buttermilk (1L),North,2021-03-22,2689,35.15,23.5,Holi,5,Yes,Yes
Buttermilk (1L),North,2021-03-29,2732,34.89,27.7,No_Festival,6,No,No
Buttermilk (1L),North,2021-04-05,3393,35.14,32.8,No_Festival,6,No,No
Buttermilk (1L),North,2021-04-12,1795,35.17,31.2,No_Festival,4,No,No
Buttermilk (1L),North,2021-04-19,3722,35.22,31.5,No_Festival,5,No,No
Buttermilk (1L),North,2021-04-26,1432,35.18,35.5,No_Festival,3,No,No
Buttermilk (1L),North,2021-05-03,4223,34.92,38.8,No_Festival,6,No,No
Buttermilk (1L),North,2021-05-10,4071,35.34,38.9,No_Festival,6,No,Yes
Buttermilk (1L),North,2021-05-17,4064,34.67,38.5,No_Festival,6,No,No
Buttermilk (1L),North,2021-05-24,4014,35.03,37.8,No_Festival,6,No,No
Buttermilk (1L),North,2021-05-31,3602,34.48,40.8,No_Festival,6,No,No
Buttermilk (1L),North,2021-06-07,3415,35.06,40.1,No_Festival,5,No,No
Buttermilk (1L),North,2021-06-14,3208,35.2,39.6,No_Festival,6,No,No
Buttermilk (1L),North,2021-06-21,2926,34.81,40.0,No_Festival,5,No,No
Buttermilk (1L),North,2021-06-28,1945,34.9,35.8,No_Festival,4,No,No
Buttermilk (1L),North,2021-07-05,979,35.53,36.4,No_Festival,2,No,No
Buttermilk (1L),North,2021-07-12,2299,35.5,35.2,No_Festival,5,No,No
Buttermilk (1L),North,2021-07-19,1833,35.47,36.6,No_Festival,4,No,Yes
Buttermilk (1L),North,2021-07-26,2535,35.08,36.7,No_Festival,7,No,No
Buttermilk (1L),North,2021-08-02,2517,35.38,32.8,No_Festival,6,No,No
Buttermilk (1L),North,2021-08-09,2779,34.81,32.7,Independence Day,6,Yes,Yes
Buttermilk (1L),North,2021-08-16,2145,34.45,33.8,Raksha Bandhan,6,Yes,Yes
Buttermilk (1L),North,2021-08-23,2266,34.81,32.5,No_Festival,5,No,No
Buttermilk (1L),North,2021-08-30,2309,34.65,31.9,Janmashtami,6,Yes,Yes
Buttermilk (1L),North,2021-09-06,2406,35.24,32.7,No_Festival,6,No,No
Buttermilk (1L),North,2021-09-13,1979,35.22,33.1,No_Festival,5,No,No
Buttermilk (1L),North,2021-09-20,1996,34.96,32.4,No_Festival,5,No,No
Buttermilk (1L),North,2021-09-27,2230,34.95,28.0,Gandhi Jayanti,5,Yes,Yes
Buttermilk (1L),North,2021-10-04,1880,35.44,26.7,No_Festival,5,No,No
Buttermilk (1L),North,2021-10-11,2820,34.79,26.6,Navratri,6,Yes,Yes
Buttermilk (1L),North,2021-10-18,2052,34.43,26.1,No_Festival,5,No,No
Buttermilk (1L),North,2021-10-25,2825,34.98,26.0,No_Festival,6,No,No
Buttermilk (1L),North,2021-11-01,1728,35.21,18.6,No_Festival,5,No,No
Buttermilk (1L),North,2021-11-08,2139,34.76,17.8,No_Festival,6,No,No
Buttermilk (1L),North,2021-11-15,2148,34.8,18.7,Guru Nanak Jayanti,6,Yes,Yes
Buttermilk (1L),North,2021-11-22,1970,34.94,18.6,No_Festival,5,No,No
Buttermilk (1L),North,2021-11-29,1352,35.12,15.1,No_Festival,5,No,No
Buttermilk (1L),North,2021-12-06,1279,34.77,15.3,No_Festival,4,No,No
Buttermilk (1L),North,2021-12-13,972,35.03,15.1,No_Festival,5,No,No
Buttermilk (1L),North,2021-12-20,1257,34.75,14.3,Christmas,5,Yes,Yes
Buttermilk (1L),North,2021-12-27,1890,35.59,14.4,No_Festival,7,No,No
Buttermilk (1L),North,2022-01-03,548,36.08,15.6,No_Festival,3,No,No
Buttermilk (1L),North,2022-01-10,1677,36.63,13.9,Makar Sankranti,7,Yes,Yes
Buttermilk (1L),North,2022-01-17,1056,36.47,13.6,No_Festival,4,No,No
Buttermilk (1L),North,2022-01-24,822,36.46,14.4,No_Festival,4,No,No
Buttermilk (1L),North,2022-01-31,705,37.03,15.6,No_Festival,4,No,No
Buttermilk (1L),North,2022-02-07,1463,36.2,16.5,No_Festival,6,No,No
Buttermilk (1L),North,2022-02-14,847,36.92,17.8,No_Festival,5,No,No
Buttermilk (1L),North,2022-02-21,1765,36.39,16.6,No_Festival,7,No,No
Buttermilk (1L),North,2022-02-28,3776,37.2,24.5,No_Festival,7,No,No
Buttermilk (1L),North,2022-03-07,2288,36.59,22.2,No_Festival,4,No,No
Buttermilk (1L),North,2022-03-14,3873,36.84,25.5,Holi,5,Yes,Yes
Buttermilk (1L),North,2022-03-21,2055,37.48,25.3,No_Festival,4,No,No
Buttermilk (1L),North,2022-03-28,4148,36.81,27.9,No_Festival,7,No,No
Buttermilk (1L),North,2022-04-04,3415,36.41,33.1,No_Festival,6,No,No
Buttermilk (1L),North,2022-04-11,2545,36.58,31.3,No_Festival,4,No,No
Buttermilk (1L),North,2022-04-18,3579,36.65,31.8,No_Festival,5,No,No
Buttermilk (1L),North,2022-04-25,2640,37.06,32.0,No_Festival,5,No,No
Buttermilk (1L),North,2022-05-02,2209,36.67,39.3,No_Festival,3,No,No
Buttermilk (1L),North,2022-05-09,3614,36.79,36.1,No_Festival,5,No,No
Buttermilk (1L),North,2022-05-16,2542,37.17,38.3,No_Festival,5,No,No
Buttermilk (1L),North,2022-05-23,3168,36.57,39.0,No_Festival,5,No,No
Buttermilk (1L),North,2022-05-30,2917,36.36,39.2,No_Festival,4,No,No
Buttermilk (1L),North,2022-06-06,3308,36.57,39.4,No_Festival,6,No,No
Buttermilk (1L),North,2022-06-13,4425,36.58,40.2,No_Festival,7,No,No
Buttermilk (1L),North,2022-06-20,3135,36.35,39.4,No_Festival,6,No,No
Buttermilk (1L),North,2022-06-27,1474,36.82,37.7,No_Festival,4,No,No
Buttermilk (1L),North,2022-07-04,3239,36.81,35.6,No_Festival,7,No,Yes
Buttermilk (1L),North,2022-07-11,2526,36.36,36.5,No_Festival,5,No,No
Buttermilk (1L),North,2022-07-18,2543,36.61,35.6,No_Festival,6,No,No
Buttermilk (1L),North,2022-07-25,3136,37.06,36.0,No_Festival,7,No,No
Buttermilk (1L),North,2022-08-01,2661,37.03,36.3,No_Festival,6,No,No
Buttermilk (1L),North,2022-08-08,2312,37.22,34.6,Raksha Bandhan,5,Yes,Yes
Buttermilk (1L),North,2022-08-15,1825,37.04,33.8,Independence Day,4,Yes,Yes
Buttermilk (1L),North,2022-08-22,1200,36.75,34.6,No_Festival,3,No,No
Buttermilk (1L),North,2022-08-29,2536,36.4,33.5,No_Festival,7,No,No
Buttermilk (1L),North,2022-09-05,2910,36.55,32.2,No_Festival,6,No,No
Buttermilk (1L),North,2022-09-12,1704,36.4,32.1,No_Festival,5,No,No
Buttermilk (1L),North,2022-09-19,2461,36.94,31.4,No_Festival,6,No,No
Buttermilk (1L),North,2022-09-26,1948,36.89,29.7,Gandhi Jayanti,5,Yes,Yes
Buttermilk (1L),North,2022-10-03,1947,36.36,27.2,No_Festival,5,No,No
Buttermilk (1L),North,2022-10-10,2412,36.58,26.2,No_Festival,5,No,No
Buttermilk (1L),North,2022-10-17,2330,36.44,26.0,No_Festival,6,No,No
Buttermilk (1L),North,2022-10-24,1753,36.33,26.4,No_Festival,4,No,No
Buttermilk (1L),North,2022-10-31,2024,36.76,20.0,No_Festival,5,No,No
Buttermilk (1L),North,2022-11-07,2275,37.02,19.8,Guru Nanak Jayanti,6,Yes,Yes
Buttermilk (1L),North,2022-11-14,1811,36.62,17.7,No_Festival,5,No,No
Buttermilk (1L),North,2022-11-21,2967,36.83,19.3,No_Festival,7,No,No
Buttermilk (1L),North,2022-11-28,1984,36.85,15.7,No_Festival,6,No,No
Buttermilk (1L),North,2022-12-05,1378,36.34,15.7,No_Festival,6,No,No
Buttermilk (1L),North,2022-12-12,1773,36.52,15.5,No_Festival,7,No,No
Buttermilk (1L),North,2022-12-19,765,36.52,14.2,No_Festival,4,No,No
Buttermilk (1L),North,2022-12-26,1930,37.2,13.6,No_Festival,7,No,No
Buttermilk (1L),North,2023-01-02,1505,38.58,14.7,No_Festival,5,No,No
Buttermilk (1L),North,2023-01-09,1497,38.16,13.5,Makar Sankranti,5,Yes,Yes
Buttermilk (1L),North,2023-01-16,1460,38.57,13.5,No_Festival,6,No,No
Buttermilk (1L),North,2023-01-23,1233,38.26,13.6,Republic Day,6,Yes,Yes
Buttermilk (1L),North,2023-01-30,1351,38.15,17.0,No_Festival,6,No,No
Buttermilk (1L),North,2023-02-06,796,38.47,16.2,No_Festival,4,No,No
Buttermilk (1L),North,2023-02-20,1665,38.5,17.4,No_Festival,6,No,No
Buttermilk (1L),North,2023-02-27,2495,38.72,22.0,No_Festival,4,No,No
Buttermilk (1L),North,2023-03-06,3480,38.46,24.0,Holi,7,Yes,Yes
Buttermilk (1L),North,2023-03-13,3917,38.65,24.1,No_Festival,7,No,No
Buttermilk (1L),North,2023-03-20,2721,38.25,23.7,No_Festival,5,No,No
Buttermilk (1L),North,2023-03-27,4162,38.8,27.1,No_Festival,7,No,No
Buttermilk (1L),North,2023-04-03,4838,38.82,32.1,No_Festival,7,No,No
Buttermilk (1L),North,2023-04-10,4609,39.04,32.2,Baisakhi,6,Yes,Yes
Buttermilk (1L),North,2023-04-17,3181,38.84,32.4,No_Festival,5,No,No
Buttermilk (1L),North,2023-04-24,3662,39.11,32.3,No_Festival,5,No,No
Buttermilk (1L),North,2023-05-01,4050,38.74,39.5,No_Festival,6,No,No
Buttermilk (1L),North,2023-05-08,2545,38.63,37.5,No_Festival,5,No,No
Buttermilk (1L),North,2023-05-15,2497,38.61,36.7,No_Festival,4,No,No
Buttermilk (1L),North,2023-05-22,4035,38.94,38.1,No_Festival,6,No,No
Buttermilk (1L),North,2023-05-29,3071,38.22,37.2,No_Festival,4,No,No
Buttermilk (1L),North,2023-06-05,2586,37.9,38.8,No_Festival,4,No,No
Buttermilk (1L),North,2023-06-12,4415,38.55,38.4,No_Festival,7,No,No
Buttermilk (1L),North,2023-06-19,3876,38.41,41.6,No_Festival,5,No,No
Buttermilk (1L),North,2023-06-26,3775,38.39,38.8,No_Festival,7,No,Yes
Buttermilk (1L),North,2023-07-03,1427,38.95,37.0,No_Festival,3,No,No
Buttermilk (1L),North,2023-07-10,1377,38.19,35.1,No_Festival,3,No,No
Buttermilk (1L),North,2023-07-17,2032,38.71,35.5,No_Festival,5,No,No
Buttermilk (1L),North,2023-07-24,2901,38.6,36.8,No_Festival,7,No,No
Buttermilk (1L),North,2023-07-31,2426,38.48,35.5,No_Festival,6,No,No
Buttermilk (1L),North,2023-08-07,3345,38.37,34.8,No_Festival,7,No,No
Buttermilk (1L),North,2023-08-14,2926,38.48,33.3,No_Festival,6,No,No
Buttermilk (1L),North,2023-08-21,2845,38.4,33.6,No_Festival,6,No,No
Buttermilk (1L),North,2023-08-28,2531,38.08,32.0,Raksha Bandhan,6,Yes,Yes
Buttermilk (1L),North,2023-09-04,1853,38.12,30.9,Janmashtami,4,Yes,Yes
Buttermilk (1L),North,2023-09-11,1338,38.85,31.0,No_Festival,4,No,No
Buttermilk (1L),North,2023-09-18,2353,38.51,31.6,No_Festival,6,No,No
Buttermilk (1L),North,2023-09-25,1655,38.91,32.0,No_Festival,5,No,No
Buttermilk (1L),North,2023-10-02,2951,38.36,25.2,Gandhi Jayanti,6,Yes,Yes
Buttermilk (1L),North,2023-10-09,1672,38.35,25.6,No_Festival,5,No,No
Buttermilk (1L),North,2023-10-16,2788,38.38,25.5,No_Festival,7,No,No
Buttermilk (1L),North,2023-10-23,2117,38.28,26.3,No_Festival,5,No,No
Buttermilk (1L),North,2023-10-30,2714,38.58,20.0,No_Festival,7,No,No
Buttermilk (1L),North,2023-11-06,1923,38.63,18.7,Diwali,5,Yes,Yes
Buttermilk (1L),North,2023-11-13,3219,38.23,18.7,No_Festival,7,No,No
Buttermilk (1L),North,2023-11-20,1924,38.52,19.2,No_Festival,5,No,No
Buttermilk (1L),North,2023-11-27,1878,38.82,17.8,Guru Nanak Jayanti,4,Yes,Yes
Buttermilk (1L),North,2023-12-04,1943,38.68,15.0,No_Festival,6,No,No
Buttermilk (1L),North,2023-12-11,881,38.2,14.4,No_Festival,4,No,No
Buttermilk (1L),North,2023-12-18,1116,37.8,14.8,No_Festival,4,No,No
Buttermilk (1L),North,2023-12-25,673,38.87,12.9,No_Festival,3,No,No
Buttermilk (1L),South,2020-12-28,465,34.26,27.0,No_Festival,2,No,No
Buttermilk (1L),South,2021-01-04,1420,35.16,25.3,No_Festival,6,No,No
Buttermilk (1L),South,2021-01-11,1839,34.78,25.3,Makar Sankranti,7,Yes,Yes
Buttermilk (1L),South,2021-01-18,1474,35.29,26.3,No_Festival,5,No,No
Buttermilk (1L),South,2021-01-25,1154,35.02,25.2,Republic Day,6,Yes,Yes
Buttermilk (1L),South,2021-02-01,1055,35.05,25.1,No_Festival,4,No,No
Buttermilk (1L),South,2021-02-08,1337,34.94,26.8,No_Festival,6,No,No
Buttermilk (1L),South,2021-02-15,784,34.8,27.2,No_Festival,3,No,No
Buttermilk (1L),South,2021-02-22,1356,35.18,27.2,No_Festival,5,No,No
Buttermilk (1L),South,2021-03-01,2958,35.02,30.4,No_Festival,7,No,No
Buttermilk (1L),South,2021-03-08,3431,35.14,29.0,No_Festival,5,No,No
Buttermilk (1L),South,2021-03-15,2698,35.35,30.6,No_Festival,4,No,No
Buttermilk (1L),South,2021-03-22,4812,35.09,29.1,Holi,6,Yes,Yes
Buttermilk (1L),South,2021-03-29,2900,35.15,32.4,No_Festival,5,No,No
Buttermilk (1L),South,2021-04-05,3887,35.09,31.8,No_Festival,6,No,No
Buttermilk (1L),South,2021-04-12,3669,34.73,32.2,Baisakhi,6,Yes,Yes
Buttermilk (1L),South,2021-04-19,2252,35.3,31.5,No_Festival,4,No,No
Buttermilk (1L),South,2021-04-26,2873,34.99,33.3,No_Festival,5,No,No
Buttermilk (1L),South,2021-05-03,3619,35.14,36.6,No_Festival,6,No,No
Buttermilk (1L),South,2021-05-10,2553,34.83,33.6,No_Festival,4,No,No
Buttermilk (1L),South,2021-05-17,3789,35.26,32.3,No_Festival,5,No,No
Buttermilk (1L),South,2021-05-24,3428,34.88,36.0,No_Festival,5,No,No
Buttermilk (1L),South,2021-05-31,2933,34.78,30.0,No_Festival,5,No,No
Buttermilk (1L),South,2021-06-07,3812,35.21,30.0,No_Festival,6,No,No
Buttermilk (1L),South,2021-06-14,3795,34.65,29.1,No_Festival,6,No,No
Buttermilk (1L),South,2021-06-21,2063,34.9,30.9,No_Festival,4,No,No
Buttermilk (1L),South,2021-06-28,1500,35.33,28.3,No_Festival,4,No,No
Buttermilk (1L),South,2021-07-05,2513,35.09,27.8,No_Festival,6,No,No
Buttermilk (1L),South,2021-07-12,2784,35.43,27.6,No_Festival,6,No,No
Buttermilk (1L),South,2021-07-19,2310,34.47,26.8,No_Festival,6,No,Yes
Buttermilk (1L),South,2021-07-26,1849,34.89,29.8,No_Festival,5,No,No
Buttermilk (1L),South,2021-08-02,1939,35.27,28.1,No_Festival,5,No,No
Buttermilk (1L),South,2021-08-09,2127,34.61,28.5,Independence Day,5,Yes,Yes
Buttermilk (1L),South,2021-08-16,2704,34.84,27.5,Raksha Bandhan,6,Yes,Yes
Buttermilk (1L),South,2021-08-23,2486,34.75,28.7,No_Festival,6,No,No
Buttermilk (1L),South,2021-08-30,2695,34.83,28.4,No_Festival,6,No,No
Buttermilk (1L),South,2021-09-06,2467,34.61,27.4,No_Festival,5,No,No
Buttermilk (1L),South,2021-09-13,1637,35.3,28.2,No_Festival,4,No,No
Buttermilk (1L),South,2021-09-20,1665,35.0,27.5,No_Festival,4,No,No
Buttermilk (1L),South,2021-09-27,2361,34.73,29.6,Gandhi Jayanti,5,Yes,Yes
Buttermilk (1L),South,2021-10-04,2760,35.25,29.0,No_Festival,7,No,No
Buttermilk (1L),South,2021-10-11,2709,35.13,28.3,Navratri,6,Yes,Yes
Buttermilk (1L),South,2021-10-18,2668,35.23,27.4,No_Festival,6,No,No
Buttermilk (1L),South,2021-10-25,2198,35.05,27.5,No_Festival,6,No,No
Buttermilk (1L),South,2021-11-01,1806,34.93,25.1,No_Festival,4,No,No
Buttermilk (1L),South,2021-11-08,2334,35.02,26.2,No_Festival,5,No,No
Buttermilk (1L),South,2021-11-15,2765,34.84,25.4,Guru Nanak Jayanti,6,Yes,Yes
Buttermilk (1L),South,2021-11-22,2310,34.73,25.0,No_Festival,5,No,No
Buttermilk (1L),South,2021-11-29,1303,34.92,24.4,No_Festival,5,No,No
Buttermilk (1L),South,2021-12-06,1402,35.13,24.2,No_Festival,6,No,No
Buttermilk (1L),South,2021-12-13,985,35.0,24.4,No_Festival,4,No,No
Buttermilk (1L),South,2021-12-20,949,35.09,25.6,Christmas,4,Yes,Yes
Buttermilk (1L),South,2021-12-27,1265,34.94,25.4,No_Festival,6,No,No
Buttermilk (1L),South,2022-01-03,1324,36.46,25.9,No_Festival,5,No,No
Buttermilk (1L),South,2022-01-10,971,36.72,25.8,No_Festival,3,No,No
Buttermilk (1L),South,2022-01-17,1025,36.31,24.0,No_Festival,4,No,No
Buttermilk (1L),South,2022-01-24,1217,37.21,25.9,Republic Day,5,Yes,Yes
Buttermilk (1L),South,2022-01-31,1084,37.05,28.3,No_Festival,5,No,No
Buttermilk (1L),South,2022-02-07,767,36.6,27.2,No_Festival,4,No,No
Buttermilk (1L),South,2022-02-14,1229,36.58,27.0,No_Festival,6,No,No
Buttermilk (1L),South,2022-02-21,1239,37.05,25.8,No_Festival,4,No,No
Buttermilk (1L),South,2022-02-28,1098,36.88,26.8,No_Festival,2,No,No
Buttermilk (1L),South,2022-03-07,2379,36.8,29.4,No_Festival,4,No,No
Buttermilk (1L),South,2022-03-14,3684,36.51,27.4,No_Festival,5,No,No
Buttermilk (1L),South,2022-03-21,3763,36.48,28.1,No_Festival,5,No,No
Buttermilk (1L),South,2022-03-28,3373,37.0,31.4,No_Festival,5,No,No
Buttermilk (1L),South,2022-04-04,3754,36.58,31.5,No_Festival,6,No,No
Buttermilk (1L),South,2022-04-11,4546,36.56,32.7,Baisakhi,6,Yes,Yes
Buttermilk (1L),South,2022-04-18,2158,36.55,33.7,No_Festival,3,No,No
Buttermilk (1L),South,2022-04-25,3206,36.44,32.4,No_Festival,5,No,No
Buttermilk (1L),South,2022-05-02,3731,36.61,35.2,No_Festival,6,No,Yes
Buttermilk (1L),South,2022-05-09,2715,36.5,34.5,No_Festival,5,No,No
Buttermilk (1L),South,2022-05-16,3308,36.84,33.5,No_Festival,5,No,No
Buttermilk (1L),South,2022-05-23,3350,36.43,34.5,No_Festival,6,No,No
Buttermilk (1L),South,2022-05-30,3618,36.89,30.7,No_Festival,7,No,No
Buttermilk (1L),South,2022-06-06,3316,36.54,30.0,No_Festival,5,No,No
Buttermilk (1L),South,2022-06-13,1552,37.08,28.8,No_Festival,3,No,No
Buttermilk (1L),South,2022-06-20,3426,36.66,29.8,No_Festival,5,No,No
Buttermilk (1L),South,2022-06-27,3449,36.8,28.2,No_Festival,6,No,No
Buttermilk (1L),South,2022-07-04,2618,36.81,26.8,No_Festival,6,No,Yes
Buttermilk (1L),South,2022-07-11,1540,36.3,30.8,No_Festival,4,No,No
Buttermilk (1L),South,2022-07-18,2723,36.75,28.2,No_Festival,7,No,No
Buttermilk (1L),South,2022-07-25,1702,36.27,28.0,No_Festival,5,No,No
Buttermilk (1L),South,2022-08-01,2773,36.79,27.4,No_Festival,7,No,No
Buttermilk (1L),South,2022-08-08,1569,36.42,28.2,Raksha Bandhan,4,Yes,Yes
Buttermilk (1L),South,2022-08-15,3523,36.53,26.7,"Independence Day, Janmashtami",7,Yes,Yes
Buttermilk (1L),South,2022-08-22,1236,37.14,28.5,No_Festival,4,No,No
Buttermilk (1L),South,2022-08-29,1821,36.95,28.9,No_Festival,5,No,No
Buttermilk (1L),South,2022-09-05,2112,37.06,29.3,No_Festival,5,No,No
Buttermilk (1L),South,2022-09-12,3065,36.7,28.3,No_Festival,7,No,No
Buttermilk (1L),South,2022-09-19,1355,37.07,28.7,No_Festival,3,No,No
Buttermilk (1L),South,2022-09-26,2520,36.98,28.0,Gandhi Jayanti,6,Yes,Yes
Buttermilk (1L),South,2022-10-03,2930,37.05,29.9,No_Festival,6,No,No
Buttermilk (1L),South,2022-10-10,2191,36.77,29.2,No_Festival,5,No,No
Buttermilk (1L),South,2022-10-17,1432,36.87,28.8,No_Festival,3,No,No
Buttermilk (1L),South,2022-10-24,2637,37.02,28.5,Diwali,5,Yes,Yes
Buttermilk (1L),South,2022-10-31,2414,36.67,26.3,No_Festival,7,No,No
Buttermilk (1L),South,2022-11-07,1530,37.06,27.8,No_Festival,3,No,No
Buttermilk (1L),South,2022-11-14,915,37.14,26.1,No_Festival,3,No,No
Buttermilk (1L),South,2022-11-21,3091,36.97,24.6,No_Festival,6,No,No
Buttermilk (1L),South,2022-11-28,1561,36.98,25.7,No_Festival,6,No,No
Buttermilk (1L),South,2022-12-05,908,36.58,25.1,No_Festival,5,No,No
Buttermilk (1L),South,2022-12-12,1127,36.9,25.2,No_Festival,4,No,No
Buttermilk (1L),South,2022-12-19,1376,36.55,25.3,No_Festival,6,No,No
Buttermilk (1L),South,2022-12-26,1716,36.84,25.6,No_Festival,6,No,No
Buttermilk (1L),South,2023-01-02,1256,38.53,26.7,No_Festival,4,No,No
Buttermilk (1L),South,2023-01-09,1793,38.5,25.3,Makar Sankranti,6,Yes,Yes
Buttermilk (1L),South,2023-01-16,1270,38.52,25.1,No_Festival,6,No,No
Buttermilk (1L),South,2023-01-23,1358,38.86,26.3,Republic Day,6,Yes,Yes
Buttermilk (1L),South,2023-01-30,1370,38.03,26.0,No_Festival,5,No,No
Buttermilk (1L),South,2023-02-06,1005,38.22,27.0,No_Festival,4,No,No
Buttermilk (1L),South,2023-02-13,1499,38.35,27.6,No_Festival,6,No,No
Buttermilk (1L),South,2023-02-20,1400,38.54,26.5,No_Festival,5,No,No
Buttermilk (1L),South,2023-02-27,2967,38.66,27.4,No_Festival,6,No,No
Buttermilk (1L),South,2023-03-06,1889,38.76,30.2,No_Festival,3,No,No
Buttermilk (1L),South,2023-03-13,3299,38.9,29.6,No_Festival,6,No,No
Buttermilk (1L),South,2023-03-20,2286,38.56,29.0,No_Festival,4,No,No
Buttermilk (1L),South,2023-03-27,2377,38.26,30.5,No_Festival,4,No,No
Buttermilk (1L),South,2023-04-03,3020,38.81,31.4,No_Festival,5,No,No
Buttermilk (1L),South,2023-04-10,4113,38.55,33.5,Baisakhi,6,Yes,Yes
Buttermilk (1L),South,2023-04-17,4740,38.41,33.4,No_Festival,7,No,Yes
Buttermilk (1L),South,2023-04-24,3704,38.74,31.5,No_Festival,6,No,No
Buttermilk (1L),South,2023-05-01,2366,38.3,33.7,No_Festival,5,No,No
Buttermilk (1L),South,2023-05-08,4068,38.72,34.1,No_Festival,7,No,No
Buttermilk (1L),South,2023-05-15,3964,38.69,33.6,No_Festival,6,No,No
Buttermilk (1L),South,2023-05-22,3415,38.39,34.5,No_Festival,7,No,No
Buttermilk (1L),South,2023-05-29,3697,38.83,32.1,No_Festival,5,No,No
Buttermilk (1L),South,2023-06-05,3803,38.65,29.2,No_Festival,6,No,No
Buttermilk (1L),South,2023-06-12,4174,38.65,30.8,No_Festival,7,No,No
Buttermilk (1L),South,2023-06-19,3223,38.6,29.6,No_Festival,6,No,No
Buttermilk (1L),South,2023-06-26,1453,38.72,27.9,No_Festival,3,No,No
Buttermilk (1L),South,2023-07-03,1167,39.38,26.5,No_Festival,3,No,No
Buttermilk (1L),South,2023-07-10,2368,38.45,27.0,No_Festival,6,No,No
Buttermilk (1L),South,2023-07-17,2261,38.34,27.0,No_Festival,6,No,No
Buttermilk (1L),South,2023-07-24,1523,38.44,27.8,No_Festival,4,No,No
Buttermilk (1L),South,2023-07-31,2214,38.4,28.1,No_Festival,5,No,No
Buttermilk (1L),South,2023-08-07,1785,38.58,27.2,No_Festival,5,No,No
Buttermilk (1L),South,2023-08-14,3142,38.44,27.9,Independence Day,6,Yes,Yes
Buttermilk (1L),South,2023-08-21,2498,38.24,28.1,No_Festival,6,No,No
Buttermilk (1L),South,2023-08-28,1825,37.97,27.9,No_Festival,4,No,No
Buttermilk (1L),South,2023-09-04,2643,37.9,28.3,Janmashtami,6,Yes,Yes
Buttermilk (1L),South,2023-09-11,1703,38.46,29.2,No_Festival,4,No,No
Buttermilk (1L),South,2023-09-18,1795,39.1,30.1,No_Festival,4,No,No
Buttermilk (1L),South,2023-09-25,2667,38.45,28.0,No_Festival,7,No,No
Buttermilk (1L),South,2023-10-02,2777,38.52,27.0,No_Festival,6,No,No
Buttermilk (1L),South,2023-10-09,1725,38.68,27.2,No_Festival,5,No,No
Buttermilk (1L),South,2023-10-16,2217,38.57,28.6,No_Festival,5,No,No
Buttermilk (1L),South,2023-10-23,1102,38.14,27.3,No_Festival,3,No,No
Buttermilk (1L),South,2023-10-30,1543,38.76,27.0,No_Festival,4,No,No
Buttermilk (1L),South,2023-11-06,2455,39.1,26.2,Diwali,4,Yes,Yes
Buttermilk (1L),South,2023-11-13,3334,38.85,27.3,No_Festival,7,No,No
Buttermilk (1L),South,2023-11-20,1873,38.24,27.2,No_Festival,4,No,No
Buttermilk (1L),South,2023-11-27,1895,38.41,24.0,No_Festival,5,No,No
Buttermilk (1L),South,2023-12-04,1267,38.74,25.6,No_Festival,5,No,No
Buttermilk (1L),South,2023-12-11,1293,38.6,26.0,No_Festival,5,No,No
Buttermilk (1L),South,2023-12-18,1605,38.29,25.9,No_Festival,5,No,No
Buttermilk (1L),South,2023-12-25,820,38.16,25.2,Christmas,4,Yes,Yes
Buttermilk (1L),West,2020-12-28,820,35.11,22.4,No_Festival,3,No,No
Buttermilk (1L),West,2021-01-04,880,35.37,22.0,No_Festival,4,No,No
Buttermilk (1L),West,2021-01-11,1193,34.33,21.7,Makar Sankranti,4,Yes,Yes
Buttermilk (1L),West,2021-01-18,966,34.96,22.1,No_Festival,4,No,No
Buttermilk (1L),West,2021-01-25,1349,35.25,21.4,Republic Day,5,Yes,Yes
Buttermilk (1L),West,2021-02-01,1111,35.14,24.2,No_Festival,5,No,No
Buttermilk (1L),West,2021-02-08,1013,34.26,23.2,No_Festival,5,No,No
Buttermilk (1L),West,2021-02-15,1523,35.15,24.1,No_Festival,6,No,No
Buttermilk (1L),West,2021-02-22,1181,34.91,21.8,No_Festival,5,No,No
Buttermilk (1L),West,2021-03-01,3213,34.81,27.6,No_Festival,6,No,No
Buttermilk (1L),West,2021-03-08,3127,34.99,28.6,No_Festival,5,No,No
Buttermilk (1L),West,2021-03-15,3970,34.95,27.5,No_Festival,6,No,No
Buttermilk (1L),West,2021-03-22,4220,35.39,27.4,Holi,5,Yes,Yes
Buttermilk (1L),West,2021-03-29,3052,34.73,29.5,No_Festival,6,No,No
Buttermilk (1L),West,2021-04-05,4060,35.22,32.8,No_Festival,6,No,No
Buttermilk (1L),West,2021-04-12,3860,34.81,30.0,Baisakhi,6,Yes,Yes
Buttermilk (1L),West,2021-04-19,2489,35.04,30.5,No_Festival,5,No,No
Buttermilk (1L),West,2021-04-26,2997,35.43,34.5,No_Festival,5,No,No
Buttermilk (1L),West,2021-05-03,2607,35.62,34.9,No_Festival,4,No,No
Buttermilk (1L),West,2021-05-10,3444,35.06,35.4,No_Festival,5,No,No
Buttermilk (1L),West,2021-05-17,3226,34.71,35.8,No_Festival,6,No,No
Buttermilk (1L),West,2021-05-24,3893,35.37,35.6,No_Festival,5,No,No
Buttermilk (1L),West,2021-05-31,2833,35.3,32.2,No_Festival,5,No,No
Buttermilk (1L),West,2021-06-07,2618,35.35,31.7,No_Festival,6,No,No
Buttermilk (1L),West,2021-06-14,2672,35.22,31.2,No_Festival,4,No,No
Buttermilk (1L),West,2021-06-21,3606,34.95,30.8,No_Festival,5,No,No
Buttermilk (1L),West,2021-06-28,2639,34.59,29.9,No_Festival,5,No,No
Buttermilk (1L),West,2021-07-05,1933,34.86,29.5,No_Festival,5,No,No
Buttermilk (1L),West,2021-07-12,1921,34.32,28.8,No_Festival,5,No,No
Buttermilk (1L),West,2021-07-19,2567,34.74,28.6,No_Festival,6,No,Yes
Buttermilk (1L),West,2021-07-26,3177,34.93,29.5,No_Festival,6,No,No
Buttermilk (1L),West,2021-08-02,2325,35.35,29.1,No_Festival,6,No,No
Buttermilk (1L),West,2021-08-09,2650,34.97,27.2,Independence Day,6,Yes,Yes
Buttermilk (1L),West,2021-08-16,2538,35.1,28.4,No_Festival,5,No,No
Buttermilk (1L),West,2021-08-23,1104,35.17,30.6,No_Festival,3,No,No
Buttermilk (1L),West,2021-08-30,3095,34.86,29.1,Janmashtami,6,Yes,Yes
Buttermilk (1L),West,2021-09-06,1863,35.42,29.6,No_Festival,5,No,No
Buttermilk (1L),West,2021-09-13,2528,35.15,29.3,No_Festival,5,No,No
Buttermilk (1L),West,2021-09-20,2774,34.89,27.8,No_Festival,6,No,No
Buttermilk (1L),West,2021-09-27,3065,35.08,29.9,Gandhi Jayanti,6,Yes,Yes
Buttermilk (1L),West,2021-10-04,764,35.02,32.8,No_Festival,2,No,No
Buttermilk (1L),West,2021-10-11,1079,34.94,31.6,Navratri,2,Yes,Yes
Buttermilk (1L),West,2021-10-18,2252,35.11,32.0,No_Festival,6,No,No
Buttermilk (1L),West,2021-10-25,2115,35.04,30.0,No_Festival,6,No,No
Buttermilk (1L),West,2021-11-01,1874,34.99,25.9,No_Festival,5,No,No
Buttermilk (1L),West,2021-11-08,2133,34.65,26.2,No_Festival,5,No,No
Buttermilk (1L),West,2021-11-15,3325,34.56,26.1,Guru Nanak Jayanti,6,Yes,Yes
Buttermilk (1L),West,2021-11-22,2407,35.4,24.5,No_Festival,6,No,No
Buttermilk (1L),West,2021-11-29,2205,34.84,22.2,No_Festival,7,No,No
Buttermilk (1L),West,2021-12-06,1018,34.82,20.8,No_Festival,5,No,No
Buttermilk (1L),West,2021-12-13,1820,34.77,21.1,No_Festival,6,No,No
Buttermilk (1L),West,2021-12-20,2051,35.14,22.4,Christmas,7,Yes,Yes
Buttermilk (1L),West,2021-12-27,1136,35.48,21.7,No_Festival,4,No,No
Buttermilk (1L),West,2022-01-03,1874,36.98,21.6,No_Festival,7,No,No
Buttermilk (1L),West,2022-01-10,1212,36.6,22.3,No_Festival,5,No,No
Buttermilk (1L),West,2022-01-17,922,37.27,22.6,No_Festival,3,No,No
Buttermilk (1L),West,2022-01-24,1341,37.01,22.8,No_Festival,4,No,No
Buttermilk (1L),West,2022-01-31,1178,36.4,23.0,No_Festival,6,No,No
Buttermilk (1L),West,2022-02-07,1943,36.44,24.6,No_Festival,6,No,No
Buttermilk (1L),West,2022-02-14,1646,36.29,24.0,No_Festival,7,No,No
Buttermilk (1L),West,2022-02-21,1250,35.9,25.0,No_Festival,6,No,No
Buttermilk (1L),West,2022-02-28,2962,36.41,27.6,No_Festival,6,No,No
Buttermilk (1L),West,2022-03-07,3083,36.76,27.5,No_Festival,5,No,No
Buttermilk (1L),West,2022-03-14,3029,36.69,27.3,Holi,4,Yes,Yes
Buttermilk (1L),West,2022-03-21,2262,36.27,27.9,No_Festival,5,No,No
Buttermilk (1L),West,2022-03-28,2733,36.29,30.4,No_Festival,5,No,No
Buttermilk (1L),West,2022-04-04,3251,36.43,32.8,No_Festival,6,No,No
Buttermilk (1L),West,2022-04-11,2660,36.61,30.7,Baisakhi,4,Yes,Yes
Buttermilk (1L),West,2022-04-18,4217,36.72,32.0,No_Festival,7,No,No
Buttermilk (1L),West,2022-04-25,3200,36.94,32.1,No_Festival,5,No,No
Buttermilk (1L),West,2022-05-02,2863,36.94,34.3,No_Festival,5,No,No
Buttermilk (1L),West,2022-05-09,4855,36.46,37.0,No_Festival,7,No,No
Buttermilk (1L),West,2022-05-16,3831,36.64,37.0,No_Festival,7,No,No
Buttermilk (1L),West,2022-05-23,2820,36.72,35.9,No_Festival,5,No,No
Buttermilk (1L),West,2022-05-30,3334,37.11,34.2,No_Festival,5,No,No
Buttermilk (1L),West,2022-06-06,2631,36.88,32.7,No_Festival,5,No,No
Buttermilk (1L),West,2022-06-13,4441,37.17,31.5,No_Festival,7,No,No
Buttermilk (1L),West,2022-06-20,3424,36.78,31.4,No_Festival,6,No,No
Buttermilk (1L),West,2022-06-27,2158,36.97,30.0,No_Festival,4,No,No
Buttermilk (1L),West,2022-07-04,3575,36.95,28.0,No_Festival,7,No,Yes
Buttermilk (1L),West,2022-07-11,2011,36.39,28.3,No_Festival,4,No,No
Buttermilk (1L),West,2022-07-18,2849,36.66,29.0,No_Festival,6,No,No
Buttermilk (1L),West,2022-07-25,2803,36.96,28.4,No_Festival,7,No,No
Buttermilk (1L),West,2022-08-01,3214,36.35,28.0,No_Festival,7,No,No
Buttermilk (1L),West,2022-08-08,2550,37.18,28.2,Raksha Bandhan,7,Yes,Yes
Buttermilk (1L),West,2022-08-15,3036,36.7,26.7,Janmashtami,6,Yes,Yes
Buttermilk (1L),West,2022-08-22,2826,37.2,27.7,No_Festival,6,No,No
Buttermilk (1L),West,2022-08-29,2812,36.62,27.9,No_Festival,6,No,No
Buttermilk (1L),West,2022-09-05,2101,36.8,28.0,No_Festival,6,No,No
Buttermilk (1L),West,2022-09-12,2780,36.16,29.0,No_Festival,6,No,No
Buttermilk (1L),West,2022-09-19,2510,36.76,29.8,No_Festival,7,No,No
Buttermilk (1L),West,2022-09-26,2571,36.34,28.9,Gandhi Jayanti,6,Yes,Yes
Buttermilk (1L),West,2022-10-03,2390,36.6,31.2,No_Festival,5,No,No
Buttermilk (1L),West,2022-10-10,2199,36.83,31.0,No_Festival,5,No,No
Buttermilk (1L),West,2022-10-17,2208,36.26,28.6,No_Festival,6,No,No
Buttermilk (1L),West,2022-10-24,2077,36.89,29.3,Diwali,4,Yes,Yes
Buttermilk (1L),West,2022-10-31,2758,36.95,27.9,No_Festival,6,No,No
Buttermilk (1L),West,2022-11-07,2486,36.74,26.4,Guru Nanak Jayanti,6,Yes,Yes
Buttermilk (1L),West,2022-11-14,2510,36.42,26.9,No_Festival,7,No,No
Buttermilk (1L),West,2022-11-21,2911,36.19,27.2,No_Festival,6,No,No
Buttermilk (1L),West,2022-11-28,2068,36.56,24.1,No_Festival,6,No,No
Buttermilk (1L),West,2022-12-05,1543,36.7,23.2,No_Festival,6,No,No
Buttermilk (1L),West,2022-12-12,1943,37.4,20.6,No_Festival,7,No,No
Buttermilk (1L),West,2022-12-19,1044,36.87,23.6,No_Festival,5,No,No
Buttermilk (1L),West,2022-12-26,1825,36.83,22.4,No_Festival,7,No,No
Buttermilk (1L),West,2023-01-02,1221,38.48,23.0,No_Festival,5,No,No
Buttermilk (1L),West,2023-01-09,1167,38.7,21.2,No_Festival,4,No,No
Buttermilk (1L),West,2023-01-16,1963,38.73,22.7,No_Festival,6,No,No
Buttermilk (1L),West,2023-01-23,1313,38.53,22.3,Republic Day,5,Yes,Yes
Buttermilk (1L),West,2023-01-30,877,38.43,25.5,No_Festival,4,No,No
Buttermilk (1L),West,2023-02-06,737,39.22,23.1,No_Festival,3,No,No
Buttermilk (1L),West,2023-02-13,1219,39.05,25.6,No_Festival,5,No,No
Buttermilk (1L),West,2023-02-20,1401,38.26,24.8,No_Festival,5,No,No
Buttermilk (1L),West,2023-02-27,2377,38.93,27.4,No_Festival,5,No,No
Buttermilk (1L),West,2023-03-06,4422,38.2,28.5,Holi,7,Yes,Yes
Buttermilk (1L),West,2023-03-13,2808,38.65,26.7,No_Festival,4,No,No
Buttermilk (1L),West,2023-03-20,4033,38.41,27.8,No_Festival,7,No,No
Buttermilk (1L),West,2023-03-27,2864,38.34,27.8,No_Festival,5,No,No
Buttermilk (1L),West,2023-04-03,4493,38.12,32.5,No_Festival,7,No,No
Buttermilk (1L),West,2023-04-10,3902,37.84,31.3,Baisakhi,5,Yes,Yes
Buttermilk (1L),West,2023-04-17,3685,38.1,32.1,No_Festival,6,No,Yes
Buttermilk (1L),West,2023-04-24,2442,38.95,32.2,No_Festival,6,No,No
Buttermilk (1L),West,2023-05-01,1827,38.79,36.3,No_Festival,3,No,No
Buttermilk (1L),West,2023-05-08,3528,38.29,36.5,No_Festival,6,No,No
Buttermilk (1L),West,2023-05-15,2009,38.89,35.5,No_Festival,3,No,No
Buttermilk (1L),West,2023-05-22,2139,38.97,36.0,No_Festival,4,No,No
Buttermilk (1L),West,2023-05-29,3624,38.47,33.1,No_Festival,5,No,No
Buttermilk (1L),West,2023-06-05,3837,38.53,31.5,No_Festival,7,No,No
Buttermilk (1L),West,2023-06-12,2414,38.94,33.3,No_Festival,5,No,No
Buttermilk (1L),West,2023-06-19,4622,38.66,32.3,No_Festival,7,No,No
Buttermilk (1L),West,2023-06-26,3543,38.57,31.8,No_Festival,6,No,Yes
Buttermilk (1L),West,2023-07-03,2777,38.21,29.8,No_Festival,6,No,No
Buttermilk (1L),West,2023-07-10,1810,38.39,28.0,No_Festival,6,No,No
Buttermilk (1L),West,2023-07-17,2037,38.41,29.1,No_Festival,5,No,No
Buttermilk (1L),West,2023-07-24,1025,39.4,28.8,No_Festival,2,No,No
Buttermilk (1L),West,2023-07-31,2921,38.38,27.4,No_Festival,6,No,No
Buttermilk (1L),West,2023-08-07,2801,38.63,29.9,No_Festival,7,No,No
Buttermilk (1L),West,2023-08-14,2891,38.69,29.2,Independence Day,6,Yes,Yes
Buttermilk (1L),West,2023-08-21,2107,38.61,28.4,No_Festival,5,No,No
Buttermilk (1L),West,2023-08-28,1593,38.48,28.5,Raksha Bandhan,4,Yes,Yes
Buttermilk (1L),West,2023-09-04,2778,38.57,27.4,Janmashtami,6,Yes,Yes
Buttermilk (1L),West,2023-09-11,1957,38.94,29.0,No_Festival,5,No,No
Buttermilk (1L),West,2023-09-18,3346,38.88,29.2,No_Festival,7,No,No
Buttermilk (1L),West,2023-09-25,2449,38.93,29.9,No_Festival,5,No,No
Buttermilk (1L),West,2023-10-02,1741,38.36,31.3,Gandhi Jayanti,4,Yes,Yes
Buttermilk (1L),West,2023-10-09,2021,38.6,30.9,No_Festival,5,No,No
Buttermilk (1L),West,2023-10-16,2733,38.26,28.4,No_Festival,6,No,No
Buttermilk (1L),West,2023-10-23,2192,38.59,30.4,No_Festival,5,No,No
Buttermilk (1L),West,2023-10-30,2493,38.41,26.9,No_Festival,6,No,No
Buttermilk (1L),West,2023-11-06,2554,38.48,26.4,Diwali,7,Yes,Yes
Buttermilk (1L),West,2023-11-13,2053,38.38,25.9,No_Festival,4,No,No
Buttermilk (1L),West,2023-11-20,2894,38.71,25.2,No_Festival,7,No,No
Buttermilk (1L),West,2023-11-27,2833,38.53,24.2,Guru Nanak Jayanti,6,Yes,Yes
Buttermilk (1L),West,2023-12-04,1230,38.41,21.7,No_Festival,5,No,No
Buttermilk (1L),West,2023-12-11,1455,38.58,22.0,No_Festival,6,No,No
Buttermilk (1L),West,2023-12-18,1416,37.76,22.3,No_Festival,6,No,No
Buttermilk (1L),West,2023-12-25,2086,38.36,21.8,Christmas,7,Yes,Yes
Cheese Slices (200g),Central,2020-12-28,337,108.18,17.8,No_Festival,2,No,No
Cheese Slices (200g),Central,2021-01-04,1174,109.07,17.1,No_Festival,5,No,No
Cheese Slices (200g),Central,2021-01-11,1616,110.55,18.6,Makar Sankranti,5,Yes,Yes
Cheese Slices (200g),Central,2021-01-18,1194,111.63,17.7,No_Festival,5,No,No
Cheese Slices (200g),Central,2021-01-25,1100,108.98,17.1,Republic Day,6,Yes,Yes
Cheese Slices (200g),Central,2021-02-01,1292,110.11,19.9,No_Festival,5,No,No
Cheese Slices (200g),Central,2021-02-08,1365,109.3,22.2,No_Festival,6,No,No
Cheese Slices (200g),Central,2021-02-15,1064,110.05,21.9,No_Festival,5,No,No
Cheese Slices (200g),Central,2021-02-22,1610,109.36,19.9,No_Festival,7,No,No
Cheese Slices (200g),Central,2021-03-01,1426,109.49,27.4,No_Festival,7,No,No
Cheese Slices (200g),Central,2021-03-08,1081,109.74,26.5,No_Festival,5,No,No
Cheese Slices (200g),Central,2021-03-15,1203,109.37,28.4,No_Festival,4,No,No
Cheese Slices (200g),Central,2021-03-22,1103,110.52,28.2,Holi,3,Yes,Yes
Cheese Slices (200g),Central,2021-03-29,1366,110.69,30.3,No_Festival,6,No,No
Cheese Slices (200g),Central,2021-04-05,929,109.09,32.0,No_Festival,4,No,No
Cheese Slices (200g),Central,2021-04-12,1310,111.03,33.3,Baisakhi,5,Yes,Yes
Cheese Slices (200g),Central,2021-04-19,1350,110.23,33.9,No_Festival,6,No,No
Cheese Slices (200g),Central,2021-04-26,1841,108.84,34.9,No_Festival,7,No,No
Cheese Slices (200g),Central,2021-05-03,1375,110.02,37.7,No_Festival,6,No,No
Cheese Slices (200g),Central,2021-05-10,1177,109.89,37.9,No_Festival,5,No,Yes
Cheese Slices (200g),Central,2021-05-17,749,109.14,39.0,No_Festival,5,No,No
Cheese Slices (200g),Central,2021-05-24,923,109.35,37.3,No_Festival,4,No,No
Cheese Slices (200g),Central,2021-05-31,1284,110.02,36.3,No_Festival,6,No,No
Cheese Slices (200g),Central,2021-06-07,835,108.0,36.2,No_Festival,4,No,No
Cheese Slices (200g),Central,2021-06-14,1624,110.51,36.5,No_Festival,7,No,No
Cheese Slices (200g),Central,2021-06-21,950,110.28,36.3,No_Festival,4,No,No
Cheese Slices (200g),Central,2021-06-28,1580,111.07,31.6,No_Festival,6,No,No
Cheese Slices (200g),Central,2021-07-05,1322,111.1,30.1,No_Festival,5,No,No
Cheese Slices (200g),Central,2021-07-12,722,111.43,30.7,No_Festival,5,No,No
Cheese Slices (200g),Central,2021-07-19,918,110.88,31.8,No_Festival,4,No,Yes
Cheese Slices (200g),Central,2021-07-26,1412,110.38,30.3,No_Festival,6,No,No
Cheese Slices (200g),Central,2021-08-02,1270,108.74,29.4,No_Festival,6,No,No
Cheese Slices (200g),Central,2021-08-09,1699,109.88,29.1,Independence Day,7,Yes,Yes
Cheese Slices (200g),Central,2021-08-16,1289,110.18,31.0,Raksha Bandhan,5,Yes,Yes
Cheese Slices (200g),Central,2021-08-23,977,107.71,31.8,No_Festival,4,No,No
Cheese Slices (200g),Central,2021-08-30,1258,110.66,28.9,Janmashtami,7,Yes,Yes
Cheese Slices (200g),Central,2021-09-06,1853,108.14,30.1,No_Festival,6,No,No
Cheese Slices (200g),Central,2021-09-13,910,109.72,29.3,No_Festival,4,No,No
Cheese Slices (200g),Central,2021-09-20,948,108.11,29.8,No_Festival,6,No,No
Cheese Slices (200g),Central,2021-09-27,1667,108.49,28.9,Gandhi Jayanti,7,Yes,Yes
Cheese Slices (200g),Central,2021-10-04,1250,109.84,28.1,No_Festival,6,No,No
Cheese Slices (200g),Central,2021-10-11,841,109.41,28.1,Navratri,4,Yes,Yes
Cheese Slices (200g),Central,2021-10-18,1343,109.48,28.9,No_Festival,6,No,No
Cheese Slices (200g),Central,2021-10-25,1275,108.61,27.9,No_Festival,6,No,No
Cheese Slices (200g),Central,2021-11-01,1273,110.29,22.6,Diwali,5,Yes,Yes
Cheese Slices (200g),Central,2021-11-08,1059,108.83,22.7,No_Festival,5,No,No
Cheese Slices (200g),Central,2021-11-15,1208,110.25,22.1,Guru Nanak Jayanti,5,Yes,Yes
Cheese Slices (200g),Central,2021-11-22,1383,109.42,23.1,No_Festival,6,No,No
Cheese Slices (200g),Central,2021-11-29,902,108.85,17.7,No_Festival,4,No,No
Cheese Slices (200g),Central,2021-12-06,1591,109.12,19.2,No_Festival,6,No,No
Cheese Slices (200g),Central,2021-12-13,1448,110.93,17.8,No_Festival,5,No,No
Cheese Slices (200g),Central,2021-12-20,1891,109.44,16.9,Christmas,6,Yes,Yes
Cheese Slices (200g),Central,2021-12-27,1262,111.57,17.1,No_Festival,5,No,No
Cheese Slices (200g),Central,2022-01-03,1362,115.44,18.3,No_Festival,6,No,No
Cheese Slices (200g),Central,2022-01-10,1685,114.32,17.3,Makar Sankranti,6,Yes,Yes
Cheese Slices (200g),Central,2022-01-17,1149,115.76,17.2,No_Festival,6,No,No
Cheese Slices (200g),Central,2022-01-24,1289,113.33,16.9,No_Festival,5,No,No
Cheese Slices (200g),Central,2022-01-31,926,116.47,19.2,No_Festival,6,No,No
Cheese Slices (200g),Central,2022-02-07,1181,116.1,21.8,No_Festival,5,No,No
Cheese Slices (200g),Central,2022-02-14,1488,116.35,22.0,No_Festival,6,No,No
Cheese Slices (200g),Central,2022-02-21,1450,114.42,21.3,No_Festival,6,No,No
Cheese Slices (200g),Central,2022-02-28,859,116.12,25.4,No_Festival,5,No,No
Cheese Slices (200g),Central,2022-03-07,1091,116.59,26.5,No_Festival,5,No,No
Cheese Slices (200g),Central,2022-03-14,1453,116.2,27.2,Holi,6,Yes,Yes
Cheese Slices (200g),Central,2022-03-21,1412,115.38,27.4,No_Festival,6,No,No
Cheese Slices (200g),Central,2022-03-28,1421,114.77,30.2,No_Festival,6,No,No
Cheese Slices (200g),Central,2022-04-04,888,117.07,34.2,No_Festival,4,No,No
Cheese Slices (200g),Central,2022-04-11,2030,115.52,32.6,Baisakhi,7,Yes,Yes
Cheese Slices (200g),Central,2022-04-18,995,115.52,32.1,No_Festival,5,No,No
Cheese Slices (200g),Central,2022-04-25,1284,114.88,33.6,No_Festival,5,No,No
Cheese Slices (200g),Central,2022-05-02,1169,116.02,39.2,No_Festival,5,No,No
Cheese Slices (200g),Central,2022-05-09,746,115.93,38.8,No_Festival,4,No,No
Cheese Slices (200g),Central,2022-05-16,1272,113.88,37.9,No_Festival,5,No,No
Cheese Slices (200g),Central,2022-05-23,1490,114.58,37.0,No_Festival,7,No,No
Cheese Slices (200g),Central,2022-05-30,968,115.02,36.2,No_Festival,4,No,No
Cheese Slices (200g),Central,2022-06-06,1521,114.77,35.2,No_Festival,6,No,No
Cheese Slices (200g),Central,2022-06-13,1480,116.87,35.6,No_Festival,6,No,No
Cheese Slices (200g),Central,2022-06-20,1091,116.32,35.0,No_Festival,5,No,No
Cheese Slices (200g),Central,2022-06-27,1705,115.32,35.6,No_Festival,7,No,No
Cheese Slices (200g),Central,2022-07-04,860,114.79,30.9,No_Festival,6,No,Yes
Cheese Slices (200g),Central,2022-07-11,1036,116.61,33.0,No_Festival,4,No,No
Cheese Slices (200g),Central,2022-07-18,753,113.18,31.6,No_Festival,3,No,No
Cheese Slices (200g),Central,2022-07-25,1323,115.86,31.4,No_Festival,6,No,No
Cheese Slices (200g),Central,2022-08-01,1092,115.78,29.0,No_Festival,6,No,No
Cheese Slices (200g),Central,2022-08-08,1110,116.15,30.8,Raksha Bandhan,5,Yes,Yes
Cheese Slices (200g),Central,2022-08-15,1153,115.82,30.6,Janmashtami,4,Yes,Yes
Cheese Slices (200g),Central,2022-08-22,1828,114.8,31.2,No_Festival,7,No,No
Cheese Slices (200g),Central,2022-08-29,1431,115.55,30.2,No_Festival,7,No,No
Cheese Slices (200g),Central,2022-09-05,1375,117.46,30.0,No_Festival,6,No,No
Cheese Slices (200g),Central,2022-09-12,1580,114.68,29.3,No_Festival,5,No,No
Cheese Slices (200g),Central,2022-09-19,1783,115.57,31.0,No_Festival,6,No,No
Cheese Slices (200g),Central,2022-09-26,1578,115.4,27.8,Gandhi Jayanti,5,Yes,Yes
Cheese Slices (200g),Central,2022-10-03,1225,115.67,29.6,No_Festival,6,No,No
Cheese Slices (200g),Central,2022-10-10,1623,116.38,28.0,No_Festival,7,No,No
Cheese Slices (200g),Central,2022-10-17,1006,115.44,27.1,No_Festival,5,No,No
Cheese Slices (200g),Central,2022-10-24,871,116.13,27.9,No_Festival,4,No,No
Cheese Slices (200g),Central,2022-10-31,860,115.12,24.5,No_Festival,4,No,No
Cheese Slices (200g),Central,2022-11-07,1126,115.43,22.0,No_Festival,5,No,No
Cheese Slices (200g),Central,2022-11-14,844,115.07,20.5,No_Festival,4,No,No
Cheese Slices (200g),Central,2022-11-21,659,116.29,23.1,No_Festival,4,No,No
Cheese Slices (200g),Central,2022-11-28,1675,113.63,20.3,No_Festival,7,No,No
Cheese Slices (200g),Central,2022-12-05,1284,114.28,18.4,No_Festival,5,No,No
Cheese Slices (200g),Central,2022-12-12,1787,114.63,18.5,No_Festival,7,No,No
Cheese Slices (200g),Central,2022-12-19,1867,114.42,17.0,Christmas,7,Yes,Yes
Cheese Slices (200g),Central,2022-12-26,1483,116.85,18.9,No_Festival,6,No,No
Cheese Slices (200g),Central,2023-01-02,1461,122.68,17.8,No_Festival,7,No,No
Cheese Slices (200g),Central,2023-01-09,1645,122.71,17.4,Makar Sankranti,6,Yes,Yes
Cheese Slices (200g),Central,2023-01-16,658,121.46,16.8,No_Festival,4,No,No
Cheese Slices (200g),Central,2023-01-23,1668,120.2,17.4,Republic Day,7,Yes,Yes
Cheese Slices (200g),Central,2023-01-30,1125,120.81,20.9,No_Festival,5,No,No
Cheese Slices (200g),Central,2023-02-06,1478,121.06,22.7,No_Festival,6,No,No
Cheese Slices (200g),Central,2023-02-13,797,121.52,22.0,No_Festival,4,No,No
Cheese Slices (200g),Central,2023-02-20,827,122.05,19.6,No_Festival,5,No,No
Cheese Slices (200g),Central,2023-02-27,1652,121.37,25.3,No_Festival,6,No,No
Cheese Slices (200g),Central,2023-03-06,1473,120.91,27.0,Holi,5,Yes,Yes
Cheese Slices (200g),Central,2023-03-13,1560,121.67,26.3,No_Festival,7,No,No
Cheese Slices (200g),Central,2023-03-20,1548,121.84,27.8,No_Festival,6,No,No
Cheese Slices (200g),Central,2023-03-27,1388,121.98,26.3,No_Festival,5,No,No
Cheese Slices (200g),Central,2023-04-03,693,118.68,32.7,No_Festival,3,No,No
Cheese Slices (200g),Central,2023-04-10,1431,121.24,32.7,Baisakhi,7,Yes,Yes
Cheese Slices (200g),Central,2023-04-17,1150,120.4,33.6,No_Festival,5,No,Yes
Cheese Slices (200g),Central,2023-04-24,1664,120.95,34.1,No_Festival,6,No,No
Cheese Slices (200g),Central,2023-05-01,916,119.74,37.6,No_Festival,6,No,No
Cheese Slices (200g),Central,2023-05-08,1574,122.16,39.1,No_Festival,6,No,No
Cheese Slices (200g),Central,2023-05-15,1493,119.68,37.2,No_Festival,6,No,No
Cheese Slices (200g),Central,2023-05-22,1365,121.17,39.6,No_Festival,6,No,No
Cheese Slices (200g),Central,2023-05-29,1274,121.48,36.4,No_Festival,6,No,No
Cheese Slices (200g),Central,2023-06-05,1124,121.96,36.4,No_Festival,5,No,No
Cheese Slices (200g),Central,2023-06-12,1617,120.74,37.7,No_Festival,7,No,No
Cheese Slices (200g),Central,2023-06-19,1033,120.94,36.5,No_Festival,5,No,No
Cheese Slices (200g),Central,2023-06-26,1025,121.97,35.0,No_Festival,4,No,No
Cheese Slices (200g),Central,2023-07-03,825,120.84,30.3,No_Festival,5,No,No
Cheese Slices (200g),Central,2023-07-10,1526,122.49,31.2,No_Festival,7,No,No
Cheese Slices (200g),Central,2023-07-17,1359,120.84,32.4,No_Festival,6,No,No
Cheese Slices (200g),Central,2023-07-24,1223,122.76,31.1,No_Festival,4,No,No
Cheese Slices (200g),Central,2023-07-31,1360,121.82,30.5,No_Festival,5,No,No
Cheese Slices (200g),Central,2023-08-07,1180,121.08,29.7,No_Festival,6,No,No
Cheese Slices (200g),Central,2023-08-14,1298,119.17,29.7,Independence Day,5,Yes,Yes
Cheese Slices (200g),Central,2023-08-21,1406,119.53,28.9,No_Festival,5,No,No
Cheese Slices (200g),Central,2023-08-28,1054,120.64,30.8,No_Festival,5,No,No
Cheese Slices (200g),Central,2023-09-04,1840,120.14,29.9,Janmashtami,7,Yes,Yes
Cheese Slices (200g),Central,2023-09-11,918,120.95,28.3,No_Festival,5,No,No
Cheese Slices (200g),Central,2023-09-18,1213,121.94,30.9,No_Festival,6,No,No
Cheese Slices (200g),Central,2023-09-25,984,120.81,30.7,No_Festival,5,No,No
Cheese Slices (200g),Central,2023-10-02,977,122.33,27.8,Gandhi Jayanti,5,Yes,Yes
Cheese Slices (200g),Central,2023-10-09,980,121.11,28.2,No_Festival,5,No,No
Cheese Slices (200g),Central,2023-10-16,1383,119.65,27.4,No_Festival,5,No,No
Cheese Slices (200g),Central,2023-10-23,1199,121.99,27.4,No_Festival,6,No,No
Cheese Slices (200g),Central,2023-10-30,1160,120.63,26.4,No_Festival,5,No,No
Cheese Slices (200g),Central,2023-11-06,2060,121.04,21.5,Diwali,7,Yes,Yes
Cheese Slices (200g),Central,2023-11-13,1062,122.95,23.1,No_Festival,6,No,No
Cheese Slices (200g),Central,2023-11-20,1023,119.97,21.6,No_Festival,5,No,No
Cheese Slices (200g),Central,2023-11-27,678,119.46,20.9,Guru Nanak Jayanti,4,Yes,Yes
Cheese Slices (200g),Central,2023-12-04,645,122.03,18.1,No_Festival,3,No,No
Cheese Slices (200g),Central,2023-12-11,1693,119.8,19.7,No_Festival,7,No,No
Cheese Slices (200g),Central,2023-12-18,1518,121.36,18.5,No_Festival,7,No,No
Cheese Slices (200g),Central,2023-12-25,1907,120.83,18.4,Christmas,7,Yes,Yes
Cheese Slices (200g),East,2020-12-28,164,111.51,19.5,No_Festival,1,No,No
Cheese Slices (200g),East,2021-01-04,1356,111.28,18.2,No_Festival,6,No,No
Cheese Slices (200g),East,2021-01-11,1543,110.74,19.3,Makar Sankranti,7,Yes,Yes
Cheese Slices (200g),East,2021-01-18,1516,110.0,19.4,No_Festival,6,No,No
Cheese Slices (200g),East,2021-01-25,1476,110.24,18.4,Republic Day,7,Yes,Yes
Cheese Slices (200g),East,2021-02-01,645,109.44,20.5,No_Festival,3,No,No
Cheese Slices (200g),East,2021-02-08,1642,110.0,20.7,No_Festival,7,No,No
Cheese Slices (200g),East,2021-02-15,899,109.54,22.8,No_Festival,5,No,No
Cheese Slices (200g),East,2021-02-22,536,109.56,22.1,No_Festival,3,No,No
Cheese Slices (200g),East,2021-03-01,929,110.17,26.2,No_Festival,5,No,No
Cheese Slices (200g),East,2021-03-08,1390,109.02,25.8,No_Festival,6,No,No
Cheese Slices (200g),East,2021-03-15,1216,110.76,27.2,No_Festival,6,No,No
Cheese Slices (200g),East,2021-03-22,868,109.58,26.4,No_Festival,4,No,No
Cheese Slices (200g),East,2021-03-29,1161,110.37,31.1,No_Festival,5,No,No
Cheese Slices (200g),East,2021-04-05,1103,110.39,32.2,No_Festival,4,No,No
Cheese Slices (200g),East,2021-04-12,586,110.42,32.7,Baisakhi,3,Yes,Yes
Cheese Slices (200g),East,2021-04-19,1273,110.7,31.2,No_Festival,7,No,No
Cheese Slices (200g),East,2021-04-26,1240,110.48,32.6,No_Festival,6,No,No
Cheese Slices (200g),East,2021-05-03,1435,110.64,33.3,No_Festival,6,No,No
Cheese Slices (200g),East,2021-05-10,807,108.81,34.9,No_Festival,3,No,No
Cheese Slices (200g),East,2021-05-17,1119,110.53,35.4,No_Festival,5,No,No
Cheese Slices (200g),East,2021-05-24,1386,110.58,33.9,No_Festival,5,No,No
Cheese Slices (200g),East,2021-05-31,1578,110.38,33.1,No_Festival,7,No,No
Cheese Slices (200g),East,2021-06-07,1605,109.57,31.7,No_Festival,7,No,No
Cheese Slices (200g),East,2021-06-14,1495,110.42,32.7,No_Festival,5,No,No
Cheese Slices (200g),East,2021-06-21,1547,110.5,31.6,No_Festival,6,No,No
Cheese Slices (200g),East,2021-06-28,1011,109.84,32.1,No_Festival,6,No,No
Cheese Slices (200g),East,2021-07-05,1562,110.44,29.6,No_Festival,6,No,No
Cheese Slices (200g),East,2021-07-12,1498,110.93,29.6,No_Festival,5,No,No
Cheese Slices (200g),East,2021-07-19,1318,111.14,29.4,No_Festival,6,No,Yes
Cheese Slices (200g),East,2021-07-26,1306,108.82,30.1,No_Festival,5,No,No
Cheese Slices (200g),East,2021-08-02,2033,109.8,28.4,No_Festival,7,No,No
Cheese Slices (200g),East,2021-08-09,1405,110.14,29.8,Independence Day,6,Yes,Yes
Cheese Slices (200g),East,2021-08-16,1262,111.2,29.4,Raksha Bandhan,5,Yes,Yes
Cheese Slices (200g),East,2021-08-23,1576,110.1,31.7,No_Festival,5,No,No
Cheese Slices (200g),East,2021-08-30,1790,109.52,29.6,Janmashtami,7,Yes,Yes
Cheese Slices (200g),East,2021-09-06,1543,110.1,29.9,No_Festival,6,No,No
Cheese Slices (200g),East,2021-09-13,1883,109.13,29.6,No_Festival,7,No,No
Cheese Slices (200g),East,2021-09-20,1359,110.73,29.3,No_Festival,7,No,No
Cheese Slices (200g),East,2021-09-27,1102,109.38,27.2,Gandhi Jayanti,5,Yes,Yes
Cheese Slices (200g),East,2021-10-04,1221,109.07,25.6,No_Festival,5,No,No
Cheese Slices (200g),East,2021-10-11,1258,109.28,28.2,Navratri,5,Yes,Yes
Cheese Slices (200g),East,2021-10-18,1068,112.28,27.5,No_Festival,4,No,No
Cheese Slices (200g),East,2021-10-25,630,109.16,27.8,No_Festival,4,No,No
Cheese Slices (200g),East,2021-11-01,1436,111.32,23.0,Diwali,6,Yes,Yes
Cheese Slices (200g),East,2021-11-08,884,110.16,21.4,No_Festival,4,No,No
Cheese Slices (200g),East,2021-11-15,998,108.61,23.4,Guru Nanak Jayanti,5,Yes,Yes
Cheese Slices (200g),East,2021-11-22,1277,109.64,21.2,No_Festival,6,No,No
Cheese Slices (200g),East,2021-11-29,793,110.82,18.2,No_Festival,3,No,No
Cheese Slices (200g),East,2021-12-06,1116,109.9,17.4,No_Festival,5,No,No
Cheese Slices (200g),East,2021-12-13,1215,110.82,16.7,No_Festival,6,No,No
Cheese Slices (200g),East,2021-12-20,1345,108.5,16.7,Christmas,5,Yes,Yes
Cheese Slices (200g),East,2021-12-27,1423,111.84,16.0,No_Festival,7,No,No
Cheese Slices (200g),East,2022-01-03,597,114.73,20.1,No_Festival,4,No,No
Cheese Slices (200g),East,2022-01-10,1420,115.01,18.0,Makar Sankranti,6,Yes,Yes
Cheese Slices (200g),East,2022-01-17,1418,114.66,20.1,No_Festival,6,No,No
Cheese Slices (200g),East,2022-01-24,1850,115.61,17.7,Republic Day,7,Yes,Yes
Cheese Slices (200g),East,2022-01-31,1061,114.56,20.8,No_Festival,5,No,No
Cheese Slices (200g),East,2022-02-07,2024,115.1,21.8,No_Festival,7,No,No
Cheese Slices (200g),East,2022-02-14,1192,115.48,21.2,No_Festival,5,No,No
Cheese Slices (200g),East,2022-02-21,1560,115.81,21.4,No_Festival,6,No,No
Cheese Slices (200g),East,2022-02-28,844,114.6,25.1,No_Festival,5,No,No
Cheese Slices (200g),East,2022-03-07,1485,114.38,29.0,No_Festival,5,No,No
Cheese Slices (200g),East,2022-03-14,1470,116.51,27.2,Holi,5,Yes,Yes
Cheese Slices (200g),East,2022-03-21,1223,115.75,26.1,No_Festival,5,No,No
Cheese Slices (200g),East,2022-03-28,1497,115.18,28.0,No_Festival,5,No,No
Cheese Slices (200g),East,2022-04-04,1062,114.8,33.0,No_Festival,4,No,No
Cheese Slices (200g),East,2022-04-11,1642,114.74,32.6,Baisakhi,6,Yes,Yes
Cheese Slices (200g),East,2022-04-18,1569,115.29,32.7,No_Festival,7,No,No
Cheese Slices (200g),East,2022-04-25,1623,114.81,31.9,No_Festival,7,No,No
Cheese Slices (200g),East,2022-05-02,943,116.34,33.2,No_Festival,4,No,Yes
Cheese Slices (200g),East,2022-05-09,1315,117.92,34.7,No_Festival,6,No,No
Cheese Slices (200g),East,2022-05-16,1719,116.03,33.8,No_Festival,7,No,No
Cheese Slices (200g),East,2022-05-23,1132,115.22,35.8,No_Festival,5,No,No
Cheese Slices (200g),East,2022-05-30,974,115.06,33.7,No_Festival,4,No,No
Cheese Slices (200g),East,2022-06-06,1483,114.59,30.0,No_Festival,5,No,No
Cheese Slices (200g),East,2022-06-13,1047,116.13,31.5,No_Festival,7,No,No
Cheese Slices (200g),East,2022-06-20,1193,116.17,32.4,No_Festival,6,No,No
Cheese Slices (200g),East,2022-06-27,896,115.6,31.8,No_Festival,4,No,No
Cheese Slices (200g),East,2022-07-04,1631,115.43,30.4,No_Festival,6,No,No
Cheese Slices (200g),East,2022-07-11,1393,115.5,30.8,No_Festival,5,No,No
Cheese Slices (200g),East,2022-07-18,1239,115.93,29.0,No_Festival,6,No,No
Cheese Slices (200g),East,2022-07-25,1054,114.75,31.1,No_Festival,5,No,No
Cheese Slices (200g),East,2022-08-01,1258,115.53,30.4,No_Festival,6,No,No
Cheese Slices (200g),East,2022-08-08,944,114.81,30.8,Raksha Bandhan,5,Yes,Yes
Cheese Slices (200g),East,2022-08-15,1133,116.37,30.2,"Independence Day, Janmashtami",4,Yes,Yes
Cheese Slices (200g),East,2022-08-22,1266,115.22,30.1,No_Festival,7,No,No
Cheese Slices (200g),East,2022-08-29,1214,114.71,29.7,No_Festival,7,No,No
Cheese Slices (200g),East,2022-09-05,1250,115.37,30.0,No_Festival,6,No,No
Cheese Slices (200g),East,2022-09-12,1382,115.11,27.9,No_Festival,5,No,No
Cheese Slices (200g),East,2022-09-19,1407,116.02,31.0,No_Festival,5,No,No
Cheese Slices (200g),East,2022-09-26,1615,117.22,27.9,Gandhi Jayanti,7,Yes,Yes
Cheese Slices (200g),East,2022-10-03,1494,115.5,27.1,No_Festival,6,No,No
Cheese Slices (200g),East,2022-10-10,1390,114.76,28.2,No_Festival,6,No,No
Cheese Slices (200g),East,2022-10-17,1514,115.29,25.7,No_Festival,7,No,No
Cheese Slices (200g),East,2022-10-24,762,114.03,28.5,Diwali,3,Yes,Yes
Cheese Slices (200g),East,2022-10-31,1163,115.4,22.8,No_Festival,5,No,No
Cheese Slices (200g),East,2022-11-07,1511,113.98,22.0,Guru Nanak Jayanti,6,Yes,Yes
Cheese Slices (200g),East,2022-11-14,1317,116.2,23.7,No_Festival,5,No,No
Cheese Slices (200g),East,2022-11-21,1536,114.16,22.1,No_Festival,7,No,No
Cheese Slices (200g),East,2022-11-28,1559,115.04,19.1,No_Festival,5,No,No
Cheese Slices (200g),East,2022-12-05,1350,114.57,15.6,No_Festival,7,No,No
Cheese Slices (200g),East,2022-12-12,1173,114.62,17.2,No_Festival,5,No,No
Cheese Slices (200g),East,2022-12-19,1325,114.7,17.4,Christmas,6,Yes,Yes
Cheese Slices (200g),East,2022-12-26,934,114.89,17.7,No_Festival,4,No,No
Cheese Slices (200g),East,2023-01-02,1351,121.06,19.3,No_Festival,6,No,No
Cheese Slices (200g),East,2023-01-09,771,121.11,17.9,Makar Sankranti,4,Yes,Yes
Cheese Slices (200g),East,2023-01-16,1312,120.99,18.4,No_Festival,6,No,No
Cheese Slices (200g),East,2023-01-23,1957,120.87,18.2,Republic Day,6,Yes,Yes
Cheese Slices (200g),East,2023-01-30,1481,120.77,19.8,No_Festival,7,No,No
Cheese Slices (200g),East,2023-02-06,1073,119.06,20.2,No_Festival,4,No,No
Cheese Slices (200g),East,2023-02-13,908,121.14,21.1,No_Festival,4,No,No
Cheese Slices (200g),East,2023-02-20,997,120.98,20.2,No_Festival,4,No,No
Cheese Slices (200g),East,2023-02-27,849,121.34,25.5,No_Festival,4,No,No
Cheese Slices (200g),East,2023-03-06,1501,121.26,27.9,Holi,7,Yes,Yes
Cheese Slices (200g),East,2023-03-13,1159,120.67,26.6,No_Festival,6,No,No
Cheese Slices (200g),East,2023-03-20,1271,120.74,27.6,No_Festival,6,No,No
Cheese Slices (200g),East,2023-03-27,714,120.96,29.8,No_Festival,5,No,No
Cheese Slices (200g),East,2023-04-03,874,122.11,32.3,No_Festival,4,No,No
Cheese Slices (200g),East,2023-04-10,1104,121.15,31.6,No_Festival,5,No,No
Cheese Slices (200g),East,2023-04-17,1080,121.1,30.9,No_Festival,6,No,Yes
Cheese Slices (200g),East,2023-04-24,1217,120.61,32.9,No_Festival,5,No,No
Cheese Slices (200g),East,2023-05-01,1030,119.79,35.0,No_Festival,4,No,No
Cheese Slices (200g),East,2023-05-08,1135,120.31,33.2,No_Festival,5,No,No
Cheese Slices (200g),East,2023-05-15,776,120.2,33.4,No_Festival,4,No,No
Cheese Slices (200g),East,2023-05-22,1095,121.46,34.6,No_Festival,5,No,No
Cheese Slices (200g),East,2023-05-29,920,121.68,34.2,No_Festival,4,No,No
Cheese Slices (200g),East,2023-06-05,1262,122.5,31.4,No_Festival,5,No,No
Cheese Slices (200g),East,2023-06-12,1375,121.37,30.5,No_Festival,6,No,No
Cheese Slices (200g),East,2023-06-19,1231,121.64,32.6,No_Festival,6,No,No
Cheese Slices (200g),East,2023-06-26,886,119.19,32.2,No_Festival,4,No,Yes
Cheese Slices (200g),East,2023-07-03,1279,120.65,29.0,No_Festival,5,No,No
Cheese Slices (200g),East,2023-07-10,1174,120.96,31.0,No_Festival,5,No,No
Cheese Slices (200g),East,2023-07-17,1515,120.87,29.2,No_Festival,6,No,No
Cheese Slices (200g),East,2023-07-24,604,118.82,28.5,No_Festival,3,No,No
Cheese Slices (200g),East,2023-07-31,1034,120.7,29.5,No_Festival,5,No,No
Cheese Slices (200g),East,2023-08-07,1226,119.5,30.8,No_Festival,6,No,No
Cheese Slices (200g),East,2023-08-14,1412,121.93,30.3,Independence Day,6,Yes,Yes
Cheese Slices (200g),East,2023-08-21,856,122.55,30.6,No_Festival,4,No,No
Cheese Slices (200g),East,2023-08-28,1557,122.27,30.4,Raksha Bandhan,7,Yes,Yes
Cheese Slices (200g),East,2023-09-04,1586,122.19,29.0,Janmashtami,6,Yes,Yes
Cheese Slices (200g),East,2023-09-11,1157,121.99,28.2,No_Festival,6,No,No
Cheese Slices (200g),East,2023-09-18,1334,122.33,28.4,No_Festival,5,No,No
Cheese Slices (200g),East,2023-09-25,993,122.95,28.7,No_Festival,5,No,No
Cheese Slices (200g),East,2023-10-02,1149,120.3,27.2,Gandhi Jayanti,4,Yes,Yes
Cheese Slices (200g),East,2023-10-09,1803,121.73,26.8,No_Festival,7,No,No
Cheese Slices (200g),East,2023-10-16,732,121.99,26.3,No_Festival,4,No,No
Cheese Slices (200g),East,2023-10-23,1132,120.05,26.3,No_Festival,5,No,No
Cheese Slices (200g),East,2023-10-30,1072,120.36,24.2,No_Festival,4,No,No
Cheese Slices (200g),East,2023-11-06,845,122.03,22.7,No_Festival,4,No,No
Cheese Slices (200g),East,2023-11-13,877,120.26,23.0,No_Festival,4,No,No
Cheese Slices (200g),East,2023-11-20,1689,119.97,21.8,No_Festival,7,No,No
Cheese Slices (200g),East,2023-11-27,1212,120.44,19.2,Guru Nanak Jayanti,6,Yes,Yes
Cheese Slices (200g),East,2023-12-04,1333,120.42,17.1,No_Festival,6,No,No
Cheese Slices (200g),East,2023-12-11,1368,120.53,16.3,No_Festival,6,No,No
Cheese Slices (200g),East,2023-12-18,1237,121.35,16.0,No_Festival,7,No,No
Cheese Slices (200g),East,2023-12-25,1395,120.83,17.4,Christmas,6,Yes,Yes
Cheese Slices (200g),North,2020-12-28,404,109.76,14.5,No_Festival,2,No,No
Cheese Slices (200g),North,2021-01-04,918,109.37,14.2,No_Festival,5,No,No
Cheese Slices (200g),North,2021-01-11,897,108.73,14.1,Makar Sankranti,5,Yes,Yes
Cheese Slices (200g),North,2021-01-18,972,110.48,13.8,No_Festival,4,No,No
Cheese Slices (200g),North,2021-01-25,1066,110.24,14.6,No_Festival,4,No,No
Cheese Slices (200g),North,2021-02-01,957,110.23,16.6,No_Festival,5,No,No
Cheese Slices (200g),North,2021-02-08,1243,109.51,15.6,No_Festival,5,No,No
Cheese Slices (200g),North,2021-02-15,1237,111.62,17.3,No_Festival,5,No,No
Cheese Slices (200g),North,2021-02-22,1093,110.36,16.4,No_Festival,5,No,No
Cheese Slices (200g),North,2021-03-01,1327,109.53,23.8,No_Festival,5,No,No
Cheese Slices (200g),North,2021-03-08,1539,110.76,23.6,No_Festival,6,No,No
Cheese Slices (200g),North,2021-03-15,1885,110.29,23.9,No_Festival,7,No,No
Cheese Slices (200g),North,2021-03-22,1010,110.41,23.5,Holi,5,Yes,Yes
Cheese Slices (200g),North,2021-03-29,518,110.57,27.5,No_Festival,2,No,No
Cheese Slices (200g),North,2021-04-05,586,109.25,33.2,No_Festival,2,No,No
Cheese Slices (200g),North,2021-04-12,1363,110.38,32.1,Baisakhi,6,Yes,Yes
Cheese Slices (200g),North,2021-04-19,995,110.01,31.9,No_Festival,5,No,No
Cheese Slices (200g),North,2021-04-26,1500,109.53,34.4,No_Festival,6,No,No
Cheese Slices (200g),North,2021-05-03,1063,109.76,39.4,No_Festival,5,No,No
Cheese Slices (200g),North,2021-05-10,1420,110.27,39.0,No_Festival,6,No,Yes
Cheese Slices (200g),North,2021-05-17,1302,111.14,38.8,No_Festival,6,No,No
Cheese Slices (200g),North,2021-05-24,1636,110.48,38.2,No_Festival,6,No,No
Cheese Slices (200g),North,2021-05-31,1144,109.71,40.8,No_Festival,6,No,No
Cheese Slices (200g),North,2021-06-07,1248,109.27,39.2,No_Festival,5,No,No
Cheese Slices (200g),North,2021-06-14,1361,110.17,40.1,No_Festival,5,No,No
Cheese Slices (200g),North,2021-06-21,1308,111.0,40.4,No_Festival,6,No,No
Cheese Slices (200g),North,2021-06-28,1036,109.96,36.8,No_Festival,4,No,No
Cheese Slices (200g),North,2021-07-05,1209,110.67,35.7,No_Festival,5,No,No
Cheese Slices (200g),North,2021-07-12,1328,109.96,35.4,No_Festival,5,No,No
Cheese Slices (200g),North,2021-07-19,1358,109.43,36.3,No_Festival,6,No,Yes
Cheese Slices (200g),North,2021-07-26,1577,108.73,36.5,No_Festival,6,No,No
Cheese Slices (200g),North,2021-08-02,1308,109.86,33.1,No_Festival,6,No,No
Cheese Slices (200g),North,2021-08-09,838,110.27,33.2,No_Festival,4,No,No
Cheese Slices (200g),North,2021-08-16,438,108.57,33.2,Raksha Bandhan,2,Yes,Yes
Cheese Slices (200g),North,2021-08-23,1419,110.73,33.1,No_Festival,6,No,No
Cheese Slices (200g),North,2021-08-30,1914,110.63,32.4,Janmashtami,7,Yes,Yes
Cheese Slices (200g),North,2021-09-06,1370,109.07,32.5,No_Festival,7,No,No
Cheese Slices (200g),North,2021-09-13,1092,108.38,33.2,No_Festival,5,No,No
Cheese Slices (200g),North,2021-09-20,1511,110.27,33.4,No_Festival,6,No,No
Cheese Slices (200g),North,2021-09-27,973,110.17,29.0,Gandhi Jayanti,4,Yes,Yes
Cheese Slices (200g),North,2021-10-04,1078,110.56,26.6,No_Festival,6,No,No
Cheese Slices (200g),North,2021-10-11,1803,109.86,26.5,Navratri,7,Yes,Yes
Cheese Slices (200g),North,2021-10-18,1051,111.03,27.5,No_Festival,5,No,No
Cheese Slices (200g),North,2021-10-25,1544,109.41,24.7,No_Festival,6,No,No
Cheese Slices (200g),North,2021-11-01,820,109.32,18.9,Diwali,4,Yes,Yes
Cheese Slices (200g),North,2021-11-08,1240,110.07,19.2,No_Festival,6,No,No
Cheese Slices (200g),North,2021-11-15,860,110.09,18.0,Guru Nanak Jayanti,5,Yes,Yes
Cheese Slices (200g),North,2021-11-22,1255,109.99,19.7,No_Festival,5,No,No
Cheese Slices (200g),North,2021-11-29,743,108.52,14.4,No_Festival,3,No,No
Cheese Slices (200g),North,2021-12-06,1145,109.82,15.2,No_Festival,5,No,No
Cheese Slices (200g),North,2021-12-13,1453,108.76,15.2,No_Festival,6,No,No
Cheese Slices (200g),North,2021-12-20,1944,110.21,14.8,Christmas,7,Yes,Yes
Cheese Slices (200g),North,2021-12-27,990,108.16,14.5,No_Festival,4,No,No
Cheese Slices (200g),North,2022-01-03,1383,115.41,14.3,No_Festival,6,No,No
Cheese Slices (200g),North,2022-01-10,997,115.57,13.2,No_Festival,5,No,No
Cheese Slices (200g),North,2022-01-17,1240,115.28,14.3,No_Festival,6,No,No
Cheese Slices (200g),North,2022-01-24,1199,114.25,14.9,Republic Day,5,Yes,Yes
Cheese Slices (200g),North,2022-01-31,819,115.46,16.6,No_Festival,4,No,No
Cheese Slices (200g),North,2022-02-07,1505,116.82,17.4,No_Festival,5,No,No
Cheese Slices (200g),North,2022-02-14,1524,115.34,17.8,No_Festival,5,No,No
Cheese Slices (200g),North,2022-02-21,1696,114.38,16.6,No_Festival,7,No,No
Cheese Slices (200g),North,2022-02-28,1216,114.32,25.9,No_Festival,5,No,No
Cheese Slices (200g),North,2022-03-07,1290,116.22,22.3,No_Festival,5,No,No
Cheese Slices (200g),North,2022-03-14,867,116.36,25.2,No_Festival,4,No,No
Cheese Slices (200g),North,2022-03-21,1341,114.97,23.4,No_Festival,5,No,No
Cheese Slices (200g),North,2022-03-28,1437,114.62,27.6,No_Festival,6,No,No
Cheese Slices (200g),North,2022-04-04,1376,117.11,32.8,No_Festival,7,No,No
Cheese Slices (200g),North,2022-04-11,1182,114.96,32.3,Baisakhi,5,Yes,Yes
Cheese Slices (200g),North,2022-04-18,1810,115.45,31.4,No_Festival,7,No,No
Cheese Slices (200g),North,2022-04-25,1466,115.06,32.1,No_Festival,7,No,No
Cheese Slices (200g),North,2022-05-02,1441,116.63,38.9,No_Festival,6,No,Yes
Cheese Slices (200g),North,2022-05-09,1043,116.6,36.2,No_Festival,4,No,No
Cheese Slices (200g),North,2022-05-16,1413,115.61,39.6,No_Festival,5,No,No
Cheese Slices (200g),North,2022-05-23,1174,114.67,37.9,No_Festival,5,No,No
Cheese Slices (200g),North,2022-05-30,1631,115.8,39.3,No_Festival,7,No,No
Cheese Slices (200g),North,2022-06-06,877,114.86,39.6,No_Festival,4,No,No
Cheese Slices (200g),North,2022-06-13,1088,114.7,39.4,No_Festival,5,No,No
Cheese Slices (200g),North,2022-06-20,1280,114.5,39.0,No_Festival,5,No,No
Cheese Slices (200g),North,2022-06-27,1464,115.15,38.5,No_Festival,5,No,No
Cheese Slices (200g),North,2022-07-04,1167,114.9,35.3,No_Festival,5,No,Yes
Cheese Slices (200g),North,2022-07-11,1129,115.2,35.6,No_Festival,6,No,No
Cheese Slices (200g),North,2022-07-18,1660,115.35,35.4,No_Festival,7,No,No
Cheese Slices (200g),North,2022-07-25,1290,116.29,35.9,No_Festival,6,No,No
Cheese Slices (200g),North,2022-08-01,1033,114.07,36.3,No_Festival,5,No,No
Cheese Slices (200g),North,2022-08-08,938,115.67,35.1,Raksha Bandhan,4,Yes,Yes
Cheese Slices (200g),North,2022-08-15,1711,115.65,33.3,"Independence Day, Janmashtami",5,Yes,Yes
Cheese Slices (200g),North,2022-08-22,1028,115.17,33.8,No_Festival,4,No,No
Cheese Slices (200g),North,2022-08-29,982,116.06,33.2,No_Festival,6,No,No
Cheese Slices (200g),North,2022-09-05,1040,116.92,32.7,No_Festival,5,No,No
Cheese Slices (200g),North,2022-09-12,829,116.18,32.2,No_Festival,5,No,No
Cheese Slices (200g),North,2022-09-19,1131,114.97,31.5,No_Festival,5,No,No
Cheese Slices (200g),North,2022-09-26,1821,115.68,29.7,Gandhi Jayanti,6,Yes,Yes
Cheese Slices (200g),North,2022-10-03,944,114.86,26.4,No_Festival,4,No,No
Cheese Slices (200g),North,2022-10-10,1129,114.79,26.5,No_Festival,5,No,No
Cheese Slices (200g),North,2022-10-17,1717,114.99,26.0,No_Festival,7,No,No
Cheese Slices (200g),North,2022-10-24,2103,115.47,26.2,Diwali,7,Yes,Yes
Cheese Slices (200g),North,2022-10-31,968,115.94,22.9,No_Festival,4,No,No
Cheese Slices (200g),North,2022-11-07,1206,113.11,19.9,Guru Nanak Jayanti,6,Yes,Yes
Cheese Slices (200g),North,2022-11-14,1445,115.25,17.6,No_Festival,6,No,No
Cheese Slices (200g),North,2022-11-21,1574,115.37,19.4,No_Festival,6,No,No
Cheese Slices (200g),North,2022-11-28,1361,115.44,17.3,No_Festival,6,No,No
Cheese Slices (200g),North,2022-12-05,1029,113.99,15.4,No_Festival,4,No,No
Cheese Slices (200g),North,2022-12-12,1376,116.71,15.6,No_Festival,6,No,No
Cheese Slices (200g),North,2022-12-19,1804,114.32,14.0,Christmas,6,Yes,Yes
Cheese Slices (200g),North,2022-12-26,1861,115.81,13.6,No_Festival,7,No,No
Cheese Slices (200g),North,2023-01-02,982,121.07,14.9,No_Festival,4,No,No
Cheese Slices (200g),North,2023-01-09,1135,119.82,14.5,No_Festival,5,No,No
Cheese Slices (200g),North,2023-01-16,1326,121.86,13.1,No_Festival,5,No,No
Cheese Slices (200g),North,2023-01-23,1118,121.76,13.9,Republic Day,6,Yes,Yes
Cheese Slices (200g),North,2023-01-30,1636,120.93,17.0,No_Festival,6,No,No
Cheese Slices (200g),North,2023-02-06,1397,121.68,16.6,No_Festival,6,No,No
Cheese Slices (200g),North,2023-02-13,940,121.45,16.4,No_Festival,5,No,No
Cheese Slices (200g),North,2023-02-20,1868,120.01,17.2,No_Festival,7,No,No
Cheese Slices (200g),North,2023-02-27,1373,121.05,21.8,No_Festival,6,No,No
Cheese Slices (200g),North,2023-03-06,1420,120.6,24.6,Holi,6,Yes,Yes
Cheese Slices (200g),North,2023-03-13,1605,120.76,24.1,No_Festival,7,No,No
Cheese Slices (200g),North,2023-03-20,1320,119.71,23.6,No_Festival,5,No,No
Cheese Slices (200g),North,2023-03-27,1405,120.87,27.1,No_Festival,7,No,No
Cheese Slices (200g),North,2023-04-03,1070,120.76,31.7,No_Festival,5,No,No
Cheese Slices (200g),North,2023-04-10,2028,121.87,32.3,Baisakhi,7,Yes,Yes
Cheese Slices (200g),North,2023-04-17,1019,120.66,32.8,No_Festival,4,No,No
Cheese Slices (200g),North,2023-04-24,1692,121.47,32.5,No_Festival,6,No,No
Cheese Slices (200g),North,2023-05-01,1258,122.51,39.1,No_Festival,5,No,No
Cheese Slices (200g),North,2023-05-08,1024,122.29,37.5,No_Festival,6,No,No
Cheese Slices (200g),North,2023-05-15,1901,121.24,37.0,No_Festival,7,No,No
Cheese Slices (200g),North,2023-05-22,632,122.91,36.8,No_Festival,3,No,No
Cheese Slices (200g),North,2023-05-29,1450,121.92,37.6,No_Festival,6,No,No
Cheese Slices (200g),North,2023-06-05,1248,120.19,38.8,No_Festival,6,No,No
Cheese Slices (200g),North,2023-06-12,1519,120.61,37.8,No_Festival,6,No,No
Cheese Slices (200g),North,2023-06-19,1354,120.58,40.8,No_Festival,4,No,No
Cheese Slices (200g),North,2023-06-26,1484,121.47,38.8,No_Festival,7,No,Yes
Cheese Slices (200g),North,2023-07-03,1015,121.19,36.4,No_Festival,6,No,No
Cheese Slices (200g),North,2023-07-10,2039,120.07,36.1,No_Festival,7,No,No
Cheese Slices (200g),North,2023-07-17,1415,119.36,35.8,No_Festival,5,No,No
Cheese Slices (200g),North,2023-07-24,857,120.44,36.8,No_Festival,4,No,No
Cheese Slices (200g),North,2023-07-31,1172,122.51,35.1,No_Festival,6,No,No
Cheese Slices (200g),North,2023-08-07,685,121.75,33.9,No_Festival,4,No,No
Cheese Slices (200g),North,2023-08-14,1685,119.94,33.5,Independence Day,7,Yes,Yes
Cheese Slices (200g),North,2023-08-21,942,122.74,33.4,No_Festival,5,No,No
Cheese Slices (200g),North,2023-08-28,1566,120.48,31.9,No_Festival,6,No,No
Cheese Slices (200g),North,2023-09-04,1240,119.75,30.6,Janmashtami,4,Yes,Yes
Cheese Slices (200g),North,2023-09-11,1549,122.0,31.3,No_Festival,6,No,No
Cheese Slices (200g),North,2023-09-18,1509,120.22,32.1,No_Festival,5,No,No
Cheese Slices (200g),North,2023-09-25,877,122.2,32.2,No_Festival,4,No,No
Cheese Slices (200g),North,2023-10-02,1011,121.26,24.9,No_Festival,5,No,No
Cheese Slices (200g),North,2023-10-09,1584,120.2,26.2,No_Festival,6,No,No
Cheese Slices (200g),North,2023-10-16,1148,121.35,25.6,No_Festival,5,No,No
Cheese Slices (200g),North,2023-10-23,1224,121.43,27.6,No_Festival,5,No,No
Cheese Slices (200g),North,2023-10-30,1183,121.24,18.6,No_Festival,5,No,No
Cheese Slices (200g),North,2023-11-06,1717,120.2,18.7,Diwali,7,Yes,Yes
Cheese Slices (200g),North,2023-11-13,1218,120.67,18.5,No_Festival,5,No,No
Cheese Slices (200g),North,2023-11-20,1494,121.28,19.5,No_Festival,7,No,No
Cheese Slices (200g),North,2023-11-27,1313,120.39,17.7,Guru Nanak Jayanti,5,Yes,Yes
Cheese Slices (200g),North,2023-12-04,981,120.83,15.0,No_Festival,5,No,No
Cheese Slices (200g),North,2023-12-11,905,122.28,13.4,No_Festival,5,No,No
Cheese Slices (200g),North,2023-12-18,1359,119.22,14.4,No_Festival,6,No,No
Cheese Slices (200g),North,2023-12-25,1162,119.36,12.9,Christmas,5,Yes,Yes
Cheese Slices (200g),South,2020-12-28,274,109.25,28.3,No_Festival,1,No,No
Cheese Slices (200g),South,2021-01-04,1850,111.03,25.5,No_Festival,7,No,No
Cheese Slices (200g),South,2021-01-11,1313,110.27,25.2,No_Festival,6,No,No
Cheese Slices (200g),South,2021-01-18,530,108.82,25.7,No_Festival,3,No,No
Cheese Slices (200g),South,2021-01-25,1463,110.04,25.0,Republic Day,7,Yes,Yes
Cheese Slices (200g),South,2021-02-01,1288,111.47,25.3,No_Festival,5,No,No
Cheese Slices (200g),South,2021-02-08,1328,108.98,26.8,No_Festival,6,No,No
Cheese Slices (200g),South,2021-02-15,789,110.56,26.9,No_Festival,4,No,No
Cheese Slices (200g),South,2021-02-22,1487,109.3,27.2,No_Festival,6,No,No
Cheese Slices (200g),South,2021-03-01,916,108.43,31.4,No_Festival,4,No,No
Cheese Slices (200g),South,2021-03-08,1302,110.85,29.5,No_Festival,6,No,No
Cheese Slices (200g),South,2021-03-15,1250,109.62,30.6,No_Festival,5,No,No
Cheese Slices (200g),South,2021-03-22,1569,110.24,29.4,Holi,7,Yes,Yes
Cheese Slices (200g),South,2021-03-29,1120,109.15,32.0,No_Festival,5,No,No
Cheese Slices (200g),South,2021-04-05,1109,109.49,32.3,No_Festival,5,No,No
Cheese Slices (200g),South,2021-04-12,1602,110.49,32.1,Baisakhi,6,Yes,Yes
Cheese Slices (200g),South,2021-04-19,925,108.91,31.9,No_Festival,5,No,No
Cheese Slices (200g),South,2021-04-26,834,110.44,33.7,No_Festival,6,No,No
Cheese Slices (200g),South,2021-05-03,1153,111.2,36.6,No_Festival,4,No,No
Cheese Slices (200g),South,2021-05-10,742,109.96,33.6,No_Festival,4,No,No
Cheese Slices (200g),South,2021-05-17,1280,109.9,32.8,No_Festival,6,No,No
Cheese Slices (200g),South,2021-05-24,1505,110.8,36.1,No_Festival,6,No,No
Cheese Slices (200g),South,2021-05-31,1425,109.85,30.0,No_Festival,6,No,No
Cheese Slices (200g),South,2021-06-07,1490,109.83,30.4,No_Festival,6,No,No
Cheese Slices (200g),South,2021-06-14,1060,109.78,30.5,No_Festival,5,No,No
Cheese Slices (200g),South,2021-06-21,1244,111.23,30.6,No_Festival,6,No,No
Cheese Slices (200g),South,2021-06-28,1420,110.94,29.1,No_Festival,6,No,No
Cheese Slices (200g),South,2021-07-05,1196,109.74,28.5,No_Festival,5,No,No
Cheese Slices (200g),South,2021-07-12,1469,109.87,27.6,No_Festival,5,No,No
Cheese Slices (200g),South,2021-07-19,995,109.34,26.6,No_Festival,5,No,Yes
Cheese Slices (200g),South,2021-07-26,907,110.46,29.2,No_Festival,5,No,No
Cheese Slices (200g),South,2021-08-02,1203,110.81,27.3,No_Festival,5,No,No
Cheese Slices (200g),South,2021-08-09,1198,111.64,29.1,Independence Day,4,Yes,Yes
Cheese Slices (200g),South,2021-08-16,2016,109.69,27.6,Raksha Bandhan,7,Yes,Yes
Cheese Slices (200g),South,2021-08-23,1609,109.12,28.6,No_Festival,7,No,No
Cheese Slices (200g),South,2021-08-30,770,109.78,28.7,Janmashtami,3,Yes,Yes
Cheese Slices (200g),South,2021-09-06,376,110.99,28.1,No_Festival,2,No,No
Cheese Slices (200g),South,2021-09-13,1395,110.25,27.9,No_Festival,6,No,No
Cheese Slices (200g),South,2021-09-20,1538,108.98,27.8,No_Festival,7,No,No
Cheese Slices (200g),South,2021-09-27,1563,110.01,28.3,Gandhi Jayanti,7,Yes,Yes
Cheese Slices (200g),South,2021-10-04,1422,110.23,28.8,No_Festival,6,No,No
Cheese Slices (200g),South,2021-10-11,1235,108.74,28.6,No_Festival,5,No,No
Cheese Slices (200g),South,2021-10-18,1698,110.42,28.0,No_Festival,7,No,No
Cheese Slices (200g),South,2021-10-25,1295,109.42,27.7,No_Festival,6,No,No
Cheese Slices (200g),South,2021-11-01,1473,108.47,25.0,Diwali,5,Yes,Yes
Cheese Slices (200g),South,2021-11-08,718,111.52,26.6,No_Festival,4,No,No
Cheese Slices (200g),South,2021-11-15,1258,109.94,26.4,Guru Nanak Jayanti,6,Yes,Yes
Cheese Slices (200g),South,2021-11-22,1139,109.42,24.8,No_Festival,4,No,No
Cheese Slices (200g),South,2021-11-29,994,110.28,25.0,No_Festival,5,No,No
Cheese Slices (200g),South,2021-12-06,803,110.43,24.0,No_Festival,3,No,No
Cheese Slices (200g),South,2021-12-13,1217,109.72,25.1,No_Festival,5,No,No
Cheese Slices (200g),South,2021-12-20,1541,110.38,24.6,Christmas,6,Yes,Yes
Cheese Slices (200g),South,2021-12-27,1792,111.75,26.2,No_Festival,6,No,No
Cheese Slices (200g),South,2022-01-03,1385,115.02,25.5,No_Festival,5,No,No
Cheese Slices (200g),South,2022-01-10,1238,114.96,26.8,Makar Sankranti,5,Yes,Yes
Cheese Slices (200g),South,2022-01-17,945,115.61,24.2,No_Festival,4,No,No
Cheese Slices (200g),South,2022-01-24,1526,115.76,25.6,Republic Day,6,Yes,Yes
Cheese Slices (200g),South,2022-01-31,1625,116.57,28.6,No_Festival,6,No,No
Cheese Slices (200g),South,2022-02-07,1789,113.73,26.0,No_Festival,7,No,No
Cheese Slices (200g),South,2022-02-14,799,115.1,26.6,No_Festival,4,No,No
Cheese Slices (200g),South,2022-02-21,1156,115.4,25.6,No_Festival,5,No,No
Cheese Slices (200g),South,2022-02-28,830,115.35,28.2,No_Festival,4,No,No
Cheese Slices (200g),South,2022-03-07,814,115.27,29.6,No_Festival,4,No,No
Cheese Slices (200g),South,2022-03-14,1114,115.71,27.8,Holi,6,Yes,Yes
Cheese Slices (200g),South,2022-03-21,1037,114.99,27.3,No_Festival,5,No,No
Cheese Slices (200g),South,2022-03-28,1322,115.98,31.6,No_Festival,6,No,No
Cheese Slices (200g),South,2022-04-04,1395,116.59,31.2,No_Festival,6,No,No
Cheese Slices (200g),South,2022-04-11,1710,115.58,32.7,Baisakhi,5,Yes,Yes
Cheese Slices (200g),South,2022-04-18,1184,113.62,33.1,No_Festival,6,No,No
Cheese Slices (200g),South,2022-04-25,1115,116.65,33.1,No_Festival,4,No,No
Cheese Slices (200g),South,2022-05-02,766,115.71,35.1,No_Festival,4,No,No
Cheese Slices (200g),South,2022-05-09,329,118.24,35.0,No_Festival,2,No,No
Cheese Slices (200g),South,2022-05-16,1702,115.69,33.7,No_Festival,7,No,No
Cheese Slices (200g),South,2022-05-23,1628,114.79,34.5,No_Festival,6,No,No
Cheese Slices (200g),South,2022-05-30,1556,115.82,31.1,No_Festival,6,No,No
Cheese Slices (200g),South,2022-06-06,1403,116.08,29.3,No_Festival,5,No,No
Cheese Slices (200g),South,2022-06-13,759,116.48,29.5,No_Festival,4,No,No
Cheese Slices (200g),South,2022-06-20,1538,114.99,29.3,No_Festival,7,No,No
Cheese Slices (200g),South,2022-06-27,1257,113.72,29.2,No_Festival,6,No,No
Cheese Slices (200g),South,2022-07-04,1425,114.22,26.8,No_Festival,6,No,Yes
Cheese Slices (200g),South,2022-07-11,1289,115.33,29.9,No_Festival,5,No,No
Cheese Slices (200g),South,2022-07-18,1348,116.62,28.2,No_Festival,6,No,No
Cheese Slices (200g),South,2022-07-25,1014,114.96,29.4,No_Festival,4,No,No
Cheese Slices (200g),South,2022-08-01,466,114.25,27.3,No_Festival,3,No,No
Cheese Slices (200g),South,2022-08-08,1618,115.2,27.9,Raksha Bandhan,6,Yes,Yes
Cheese Slices (200g),South,2022-08-15,1797,115.23,26.7,"Independence Day, Janmashtami",7,Yes,Yes
Cheese Slices (200g),South,2022-08-22,1041,115.56,28.6,No_Festival,4,No,No
Cheese Slices (200g),South,2022-08-29,798,115.71,29.7,No_Festival,4,No,No
Cheese Slices (200g),South,2022-09-05,1041,114.68,30.3,No_Festival,5,No,No
Cheese Slices (200g),South,2022-09-12,1422,115.19,29.0,No_Festival,5,No,No
Cheese Slices (200g),South,2022-09-19,987,114.59,28.2,No_Festival,4,No,No
Cheese Slices (200g),South,2022-09-26,1356,114.65,27.9,Gandhi Jayanti,6,Yes,Yes
Cheese Slices (200g),South,2022-10-03,1406,115.42,30.1,No_Festival,7,No,No
Cheese Slices (200g),South,2022-10-10,1276,115.15,28.5,No_Festival,6,No,No
Cheese Slices (200g),South,2022-10-17,1332,116.52,28.8,No_Festival,5,No,No
Cheese Slices (200g),South,2022-10-24,1667,115.63,28.1,Diwali,7,Yes,Yes
Cheese Slices (200g),South,2022-10-31,1532,115.37,26.2,No_Festival,6,No,No
Cheese Slices (200g),South,2022-11-07,714,113.77,27.2,No_Festival,3,No,No
Cheese Slices (200g),South,2022-11-14,868,115.68,24.9,No_Festival,5,No,No
Cheese Slices (200g),South,2022-11-21,1129,115.67,24.7,No_Festival,6,No,No
Cheese Slices (200g),South,2022-11-28,1122,113.64,24.7,No_Festival,4,No,No
Cheese Slices (200g),South,2022-12-05,991,114.85,24.2,No_Festival,5,No,No
Cheese Slices (200g),South,2022-12-12,1539,116.12,26.0,No_Festival,6,No,No
Cheese Slices (200g),South,2022-12-19,1514,116.98,24.5,Christmas,5,Yes,Yes
Cheese Slices (200g),South,2022-12-26,1517,116.78,25.6,No_Festival,6,No,No
Cheese Slices (200g),South,2023-01-02,1002,121.94,27.2,No_Festival,5,No,No
Cheese Slices (200g),South,2023-01-09,1309,121.17,25.0,Makar Sankranti,5,Yes,Yes
Cheese Slices (200g),South,2023-01-16,1439,120.25,24.9,No_Festival,5,No,No
Cheese Slices (200g),South,2023-01-23,1212,120.95,26.5,Republic Day,5,Yes,Yes
Cheese Slices (200g),South,2023-01-30,1422,121.15,25.8,No_Festival,6,No,No
Cheese Slices (200g),South,2023-02-06,1057,121.1,26.7,No_Festival,5,No,No
Cheese Slices (200g),South,2023-02-13,1347,119.64,27.5,No_Festival,6,No,No
Cheese Slices (200g),South,2023-02-20,1200,121.98,26.2,No_Festival,6,No,No
Cheese Slices (200g),South,2023-02-27,714,120.04,27.6,No_Festival,5,No,No
Cheese Slices (200g),South,2023-03-06,932,121.9,29.1,Holi,4,Yes,Yes
Cheese Slices (200g),South,2023-03-13,1022,120.34,29.0,No_Festival,5,No,No
Cheese Slices (200g),South,2023-03-20,1399,120.69,29.4,No_Festival,5,No,No
Cheese Slices (200g),South,2023-03-27,1129,121.6,29.1,No_Festival,6,No,No
Cheese Slices (200g),South,2023-04-03,1340,121.54,31.7,No_Festival,6,No,No
Cheese Slices (200g),South,2023-04-10,1006,122.26,33.1,Baisakhi,4,Yes,Yes
Cheese Slices (200g),South,2023-04-17,878,120.28,33.8,No_Festival,5,No,Yes
Cheese Slices (200g),South,2023-04-24,767,122.11,31.3,No_Festival,3,No,No
Cheese Slices (200g),South,2023-05-01,1304,119.68,34.1,No_Festival,7,No,No
Cheese Slices (200g),South,2023-05-08,1372,121.23,33.6,No_Festival,5,No,No
Cheese Slices (200g),South,2023-05-15,726,120.86,34.7,No_Festival,4,No,No
Cheese Slices (200g),South,2023-05-22,1426,120.34,34.5,No_Festival,7,No,No
Cheese Slices (200g),South,2023-05-29,1374,120.97,31.5,No_Festival,7,No,No
Cheese Slices (200g),South,2023-06-05,1160,120.87,29.9,No_Festival,5,No,No
Cheese Slices (200g),South,2023-06-12,1420,121.7,30.9,No_Festival,6,No,No
Cheese Slices (200g),South,2023-06-19,1174,121.49,29.3,No_Festival,5,No,No
Cheese Slices (200g),South,2023-06-26,1222,120.79,29.3,No_Festival,5,No,No
Cheese Slices (200g),South,2023-07-03,943,122.04,28.5,No_Festival,5,No,No
Cheese Slices (200g),South,2023-07-10,1667,120.38,27.2,No_Festival,6,No,No
Cheese Slices (200g),South,2023-07-17,1562,121.18,27.4,No_Festival,5,No,No
Cheese Slices (200g),South,2023-07-24,1017,121.56,27.4,No_Festival,4,No,No
Cheese Slices (200g),South,2023-07-31,507,121.52,27.9,No_Festival,4,No,No
Cheese Slices (200g),South,2023-08-07,1373,123.26,27.6,No_Festival,6,No,No
Cheese Slices (200g),South,2023-08-14,1235,121.13,28.2,Independence Day,6,Yes,Yes
Cheese Slices (200g),South,2023-08-21,1821,121.84,28.2,No_Festival,7,No,No
Cheese Slices (200g),South,2023-08-28,934,121.53,27.5,Raksha Bandhan,4,Yes,Yes
Cheese Slices (200g),South,2023-09-04,1929,120.24,28.4,Janmashtami,6,Yes,Yes
Cheese Slices (200g),South,2023-09-11,1326,121.12,28.9,No_Festival,6,No,No
Cheese Slices (200g),South,2023-09-18,1531,120.51,29.3,No_Festival,7,No,No
Cheese Slices (200g),South,2023-09-25,899,119.21,28.5,No_Festival,5,No,No
Cheese Slices (200g),South,2023-10-02,1194,122.32,27.8,Gandhi Jayanti,6,Yes,Yes
Cheese Slices (200g),South,2023-10-09,1350,121.18,27.6,No_Festival,5,No,No
Cheese Slices (200g),South,2023-10-16,1197,120.75,28.3,No_Festival,6,No,No
Cheese Slices (200g),South,2023-10-23,1911,120.88,27.2,No_Festival,7,No,No
Cheese Slices (200g),South,2023-10-30,1123,121.68,28.0,No_Festival,5,No,No
Cheese Slices (200g),South,2023-11-06,999,120.38,25.2,No_Festival,4,No,No
Cheese Slices (200g),South,2023-11-13,1040,120.99,27.1,No_Festival,6,No,No
Cheese Slices (200g),South,2023-11-20,922,121.69,27.5,No_Festival,5,No,No
Cheese Slices (200g),South,2023-11-27,1388,119.78,24.8,Guru Nanak Jayanti,6,Yes,Yes
Cheese Slices (200g),South,2023-12-04,812,120.85,26.2,No_Festival,5,No,No
Cheese Slices (200g),South,2023-12-11,1082,123.1,25.8,No_Festival,5,No,No
Cheese Slices (200g),South,2023-12-18,1830,120.68,25.4,No_Festival,7,No,No
Cheese Slices (200g),South,2023-12-25,1834,120.63,25.0,Christmas,6,Yes,Yes
Cheese Slices (200g),West,2020-12-28,586,109.88,22.4,No_Festival,2,No,No
Cheese Slices (200g),West,2021-01-04,1410,109.57,21.2,No_Festival,6,No,No
Cheese Slices (200g),West,2021-01-11,1154,108.58,22.5,Makar Sankranti,5,Yes,Yes
Cheese Slices (200g),West,2021-01-18,1043,110.67,23.2,No_Festival,4,No,No
Cheese Slices (200g),West,2021-01-25,159,108.09,23.3,No_Festival,1,No,No
Cheese Slices (200g),West,2021-02-01,1580,108.86,23.9,No_Festival,7,No,No
Cheese Slices (200g),West,2021-02-08,1729,109.12,23.2,No_Festival,7,No,No
Cheese Slices (200g),West,2021-02-15,1362,109.89,24.2,No_Festival,5,No,No
Cheese Slices (200g),West,2021-02-22,1001,110.81,23.3,No_Festival,5,No,No
Cheese Slices (200g),West,2021-03-01,1513,110.9,27.8,No_Festival,6,No,No
Cheese Slices (200g),West,2021-03-08,1226,110.78,28.8,No_Festival,7,No,No
Cheese Slices (200g),West,2021-03-15,1116,110.29,27.8,No_Festival,4,No,No
Cheese Slices (200g),West,2021-03-22,2087,108.27,26.5,Holi,7,Yes,Yes
Cheese Slices (200g),West,2021-03-29,1006,110.86,28.7,No_Festival,5,No,No
Cheese Slices (200g),West,2021-04-05,1469,108.82,32.7,No_Festival,6,No,No
Cheese Slices (200g),West,2021-04-12,2029,109.14,29.9,Baisakhi,7,Yes,Yes
Cheese Slices (200g),West,2021-04-19,889,109.2,31.6,No_Festival,5,No,No
Cheese Slices (200g),West,2021-04-26,1073,109.5,34.0,No_Festival,5,No,No
Cheese Slices (200g),West,2021-05-03,1228,107.23,35.2,No_Festival,6,No,No
Cheese Slices (200g),West,2021-05-10,1449,109.52,35.0,No_Festival,7,No,Yes
Cheese Slices (200g),West,2021-05-17,1093,108.79,35.8,No_Festival,5,No,No
Cheese Slices (200g),West,2021-05-24,1544,111.22,35.7,No_Festival,6,No,No
Cheese Slices (200g),West,2021-05-31,1500,111.4,31.2,No_Festival,6,No,No
Cheese Slices (200g),West,2021-06-07,415,111.66,33.0,No_Festival,3,No,No
Cheese Slices (200g),West,2021-06-14,1204,107.63,31.1,No_Festival,6,No,No
Cheese Slices (200g),West,2021-06-21,1137,109.99,31.5,No_Festival,6,No,No
Cheese Slices (200g),West,2021-06-28,372,107.61,30.9,No_Festival,2,No,No
Cheese Slices (200g),West,2021-07-05,1327,109.06,29.9,No_Festival,5,No,No
Cheese Slices (200g),West,2021-07-12,1308,109.88,29.0,No_Festival,5,No,No
Cheese Slices (200g),West,2021-07-19,1524,110.25,28.4,No_Festival,7,No,Yes
Cheese Slices (200g),West,2021-07-26,1501,109.55,29.7,No_Festival,6,No,No
Cheese Slices (200g),West,2021-08-02,1276,109.47,28.5,No_Festival,7,No,No
Cheese Slices (200g),West,2021-08-09,879,110.98,26.3,No_Festival,4,No,No
Cheese Slices (200g),West,2021-08-16,1403,109.01,28.3,No_Festival,6,No,No
Cheese Slices (200g),West,2021-08-23,1358,110.38,28.8,No_Festival,6,No,No
Cheese Slices (200g),West,2021-08-30,1875,108.88,28.6,Janmashtami,6,Yes,Yes
Cheese Slices (200g),West,2021-09-06,1109,109.69,29.3,No_Festival,6,No,No
Cheese Slices (200g),West,2021-09-13,954,110.18,29.7,No_Festival,5,No,No
Cheese Slices (200g),West,2021-09-20,1223,109.14,27.4,No_Festival,4,No,No
Cheese Slices (200g),West,2021-09-27,1360,109.63,29.6,Gandhi Jayanti,6,Yes,Yes
Cheese Slices (200g),West,2021-10-04,1024,111.84,31.5,No_Festival,5,No,No
Cheese Slices (200g),West,2021-10-11,1190,109.0,30.5,Navratri,4,Yes,Yes
Cheese Slices (200g),West,2021-10-18,899,109.33,31.9,No_Festival,5,No,No
Cheese Slices (200g),West,2021-10-25,1144,110.49,29.8,No_Festival,5,No,No
Cheese Slices (200g),West,2021-11-01,1510,109.58,25.8,Diwali,6,Yes,Yes
Cheese Slices (200g),West,2021-11-08,680,108.81,26.3,No_Festival,3,No,No
Cheese Slices (200g),West,2021-11-15,1919,108.3,26.3,Guru Nanak Jayanti,7,Yes,Yes
Cheese Slices (200g),West,2021-11-22,1286,111.11,25.3,No_Festival,6,No,No
Cheese Slices (200g),West,2021-11-29,1019,110.14,21.5,No_Festival,4,No,No
Cheese Slices (200g),West,2021-12-06,1223,109.86,21.4,No_Festival,5,No,No
Cheese Slices (200g),West,2021-12-13,1184,111.19,22.3,No_Festival,5,No,No
Cheese Slices (200g),West,2021-12-20,1534,109.85,22.6,Christmas,6,Yes,Yes
Cheese Slices (200g),West,2021-12-27,893,111.51,22.1,No_Festival,5,No,No
Cheese Slices (200g),West,2022-01-03,1219,113.93,21.8,No_Festival,6,No,No
Cheese Slices (200g),West,2022-01-10,1228,114.7,22.0,No_Festival,4,No,No
Cheese Slices (200g),West,2022-01-17,807,116.25,20.7,No_Festival,5,No,No
Cheese Slices (200g),West,2022-01-24,1088,114.88,21.6,Republic Day,4,Yes,Yes
Cheese Slices (200g),West,2022-01-31,1104,116.77,23.5,No_Festival,6,No,No
Cheese Slices (200g),West,2022-02-07,843,114.1,24.9,No_Festival,4,No,No
Cheese Slices (200g),West,2022-02-14,1055,115.29,23.9,No_Festival,5,No,No
Cheese Slices (200g),West,2022-02-21,1940,116.03,25.0,No_Festival,7,No,No
Cheese Slices (200g),West,2022-02-28,1073,114.16,27.4,No_Festival,4,No,No
Cheese Slices (200g),West,2022-03-07,584,114.64,27.4,No_Festival,2,No,No
Cheese Slices (200g),West,2022-03-14,938,113.62,27.8,No_Festival,4,No,No
Cheese Slices (200g),West,2022-03-21,963,115.25,27.2,No_Festival,4,No,No
Cheese Slices (200g),West,2022-03-28,827,113.88,29.1,No_Festival,3,No,No
Cheese Slices (200g),West,2022-04-04,1415,115.98,32.2,No_Festival,5,No,No
Cheese Slices (200g),West,2022-04-11,1301,114.96,31.0,Baisakhi,6,Yes,Yes
Cheese Slices (200g),West,2022-04-18,1212,116.21,32.0,No_Festival,6,No,No
Cheese Slices (200g),West,2022-04-25,1429,115.68,31.2,No_Festival,7,No,No
Cheese Slices (200g),West,2022-05-02,1073,113.58,34.8,No_Festival,4,No,No
Cheese Slices (200g),West,2022-05-09,1287,114.05,37.1,No_Festival,6,No,No
Cheese Slices (200g),West,2022-05-16,1053,115.28,37.2,No_Festival,4,No,No
Cheese Slices (200g),West,2022-05-23,1201,116.39,35.4,No_Festival,6,No,No
Cheese Slices (200g),West,2022-05-30,1395,115.81,33.4,No_Festival,6,No,No
Cheese Slices (200g),West,2022-06-06,1109,115.32,32.1,No_Festival,7,No,No
Cheese Slices (200g),West,2022-06-13,1501,114.11,31.8,No_Festival,6,No,No
Cheese Slices (200g),West,2022-06-20,1465,114.38,32.2,No_Festival,6,No,No
Cheese Slices (200g),West,2022-06-27,1389,116.59,30.3,No_Festival,6,No,No
Cheese Slices (200g),West,2022-07-04,1477,115.26,28.0,No_Festival,6,No,Yes
Cheese Slices (200g),West,2022-07-11,1330,116.39,28.6,No_Festival,6,No,No
Cheese Slices (200g),West,2022-07-18,1120,115.69,28.8,No_Festival,5,No,No
Cheese Slices (200g),West,2022-07-25,1045,116.12,28.8,No_Festival,5,No,No
Cheese Slices (200g),West,2022-08-01,961,116.15,28.6,No_Festival,5,No,No
Cheese Slices (200g),West,2022-08-08,1691,116.73,28.6,Raksha Bandhan,6,Yes,Yes
Cheese Slices (200g),West,2022-08-15,1523,116.25,26.3,Independence Day,6,Yes,Yes
Cheese Slices (200g),West,2022-08-22,1526,115.21,27.3,No_Festival,7,No,No
Cheese Slices (200g),West,2022-08-29,1198,115.4,28.2,No_Festival,6,No,No
Cheese Slices (200g),West,2022-09-05,828,114.49,28.1,No_Festival,3,No,No
Cheese Slices (200g),West,2022-09-12,452,114.98,29.0,No_Festival,2,No,No
Cheese Slices (200g),West,2022-09-19,867,114.79,30.1,No_Festival,4,No,No
Cheese Slices (200g),West,2022-09-26,1374,113.96,29.3,Gandhi Jayanti,6,Yes,Yes
Cheese Slices (200g),West,2022-10-03,1163,116.43,31.2,No_Festival,4,No,No
Cheese Slices (200g),West,2022-10-10,943,116.6,30.6,No_Festival,5,No,No
Cheese Slices (200g),West,2022-10-17,1053,117.29,29.6,No_Festival,5,No,No
Cheese Slices (200g),West,2022-10-24,1286,115.59,30.7,No_Festival,5,No,No
Cheese Slices (200g),West,2022-10-31,1287,116.01,28.0,No_Festival,7,No,No
Cheese Slices (200g),West,2022-11-07,1320,117.63,26.2,Guru Nanak Jayanti,6,Yes,Yes
Cheese Slices (200g),West,2022-11-14,1018,115.7,27.1,No_Festival,6,No,No
Cheese Slices (200g),West,2022-11-21,1547,113.02,26.7,No_Festival,5,No,No
Cheese Slices (200g),West,2022-11-28,1194,116.33,23.6,No_Festival,6,No,No
Cheese Slices (200g),West,2022-12-05,887,115.15,22.8,No_Festival,5,No,No
Cheese Slices (200g),West,2022-12-12,1256,117.15,20.6,No_Festival,4,No,No
Cheese Slices (200g),West,2022-12-19,1207,115.38,24.2,Christmas,5,Yes,Yes
Cheese Slices (200g),West,2022-12-26,1043,115.57,21.9,No_Festival,4,No,No
Cheese Slices (200g),West,2023-01-02,1799,120.38,22.8,No_Festival,6,No,No
Cheese Slices (200g),West,2023-01-09,1313,120.85,22.5,Makar Sankranti,5,Yes,Yes
Cheese Slices (200g),West,2023-01-16,1329,121.17,22.7,No_Festival,6,No,No
Cheese Slices (200g),West,2023-01-23,1161,122.22,22.2,Republic Day,5,Yes,Yes
Cheese Slices (200g),West,2023-01-30,1075,122.4,23.3,No_Festival,5,No,No
Cheese Slices (200g),West,2023-02-06,878,121.25,23.8,No_Festival,4,No,No
Cheese Slices (200g),West,2023-02-13,1489,118.76,25.4,No_Festival,6,No,No
Cheese Slices (200g),West,2023-02-20,1042,122.12,25.8,No_Festival,4,No,No
Cheese Slices (200g),West,2023-02-27,1594,121.03,26.9,No_Festival,7,No,No
Cheese Slices (200g),West,2023-03-06,936,120.45,28.6,Holi,4,Yes,Yes
Cheese Slices (200g),West,2023-03-13,955,120.7,27.0,No_Festival,5,No,No
Cheese Slices (200g),West,2023-03-20,1072,120.44,28.1,No_Festival,5,No,No
Cheese Slices (200g),West,2023-03-27,1175,121.49,27.6,No_Festival,6,No,No
Cheese Slices (200g),West,2023-04-03,1612,120.79,33.2,No_Festival,6,No,No
Cheese Slices (200g),West,2023-04-10,1424,121.54,31.2,Baisakhi,6,Yes,Yes
Cheese Slices (200g),West,2023-04-17,1218,121.8,32.7,No_Festival,4,No,No
Cheese Slices (200g),West,2023-04-24,1233,121.12,32.3,No_Festival,7,No,No
Cheese Slices (200g),West,2023-05-01,1347,121.01,35.7,No_Festival,7,No,No
Cheese Slices (200g),West,2023-05-08,1301,120.6,36.5,No_Festival,6,No,No
Cheese Slices (200g),West,2023-05-15,1683,120.19,35.9,No_Festival,6,No,No
Cheese Slices (200g),West,2023-05-22,1388,121.11,36.7,No_Festival,6,No,No
Cheese Slices (200g),West,2023-05-29,1355,121.94,31.8,No_Festival,7,No,No
Cheese Slices (200g),West,2023-06-05,1102,120.2,31.5,No_Festival,6,No,No
Cheese Slices (200g),West,2023-06-12,678,120.6,31.8,No_Festival,4,No,No
Cheese Slices (200g),West,2023-06-19,1054,122.47,32.8,No_Festival,5,No,No
Cheese Slices (200g),West,2023-06-26,1881,121.11,31.1,No_Festival,7,No,Yes
Cheese Slices (200g),West,2023-07-03,1082,120.34,29.7,No_Festival,5,No,No
Cheese Slices (200g),West,2023-07-10,1584,121.82,28.0,No_Festival,7,No,No
Cheese Slices (200g),West,2023-07-17,1716,122.27,28.9,No_Festival,7,No,No
Cheese Slices (200g),West,2023-07-24,1522,120.53,28.8,No_Festival,7,No,No
Cheese Slices (200g),West,2023-07-31,1488,121.91,27.2,No_Festival,5,No,No
Cheese Slices (200g),West,2023-08-07,1316,119.64,30.0,No_Festival,5,No,No
Cheese Slices (200g),West,2023-08-14,1993,120.23,28.9,Independence Day,7,Yes,Yes
Cheese Slices (200g),West,2023-08-21,1198,118.83,27.8,No_Festival,5,No,No
Cheese Slices (200g),West,2023-08-28,1171,120.87,28.9,Raksha Bandhan,5,Yes,Yes
Cheese Slices (200g),West,2023-09-04,1765,121.7,27.7,Janmashtami,7,Yes,Yes
Cheese Slices (200g),West,2023-09-11,1415,121.47,28.5,No_Festival,7,No,No
Cheese Slices (200g),West,2023-09-18,670,120.94,31.0,No_Festival,3,No,No
Cheese Slices (200g),West,2023-09-25,1381,122.48,31.0,No_Festival,5,No,No
Cheese Slices (200g),West,2023-10-02,1180,118.92,31.6,Gandhi Jayanti,4,Yes,Yes
Cheese Slices (200g),West,2023-10-09,1133,122.28,30.9,No_Festival,5,No,No
Cheese Slices (200g),West,2023-10-16,1670,121.22,28.2,No_Festival,6,No,No
Cheese Slices (200g),West,2023-10-23,1057,119.79,31.8,No_Festival,4,No,No
Cheese Slices (200g),West,2023-10-30,1566,120.97,27.3,No_Festival,6,No,No
Cheese Slices (200g),West,2023-11-06,1578,119.49,26.4,Diwali,7,Yes,Yes
Cheese Slices (200g),West,2023-11-13,707,119.37,25.9,No_Festival,4,No,No
Cheese Slices (200g),West,2023-11-20,1461,120.5,24.9,No_Festival,6,No,No
Cheese Slices (200g),West,2023-11-27,1337,122.41,23.0,Guru Nanak Jayanti,6,Yes,Yes
Cheese Slices (200g),West,2023-12-04,1749,120.48,22.1,No_Festival,7,No,No
Cheese Slices (200g),West,2023-12-11,981,120.34,22.8,No_Festival,5,No,No
Cheese Slices (200g),West,2023-12-18,1030,120.09,22.1,No_Festival,5,No,No
Cheese Slices (200g),West,2023-12-25,1630,119.86,21.8,Christmas,7,Yes,Yes
Dahi / Curd (500g),Central,2020-12-28,1956,46.04,17.8,No_Festival,2,No,No
Dahi / Curd (500g),Central,2021-01-04,5105,44.97,17.7,No_Festival,5,No,No
Dahi / Curd (500g),Central,2021-01-11,5054,44.6,18.6,Makar Sankranti,6,Yes,Yes
Dahi / Curd (500g),Central,2021-01-18,2594,44.92,17.5,No_Festival,4,No,No
Dahi / Curd (500g),Central,2021-01-25,3769,44.54,16.4,No_Festival,5,No,No
Dahi / Curd (500g),Central,2021-02-01,3444,45.17,19.9,No_Festival,4,No,No
Dahi / Curd (500g),Central,2021-02-08,5046,45.55,22.1,No_Festival,7,No,No
Dahi / Curd (500g),Central,2021-02-15,3810,44.7,21.9,No_Festival,5,No,No
Dahi / Curd (500g),Central,2021-02-22,3324,44.51,19.8,No_Festival,4,No,No
Dahi / Curd (500g),Central,2021-03-01,3087,44.97,28.1,No_Festival,5,No,No
Dahi / Curd (500g),Central,2021-03-08,5064,44.9,26.7,No_Festival,7,No,No
Dahi / Curd (500g),Central,2021-03-15,1017,44.34,27.4,No_Festival,2,No,No
Dahi / Curd (500g),Central,2021-03-22,5319,45.09,26.7,Holi,6,Yes,Yes
Dahi / Curd (500g),Central,2021-03-29,5741,45.31,31.1,No_Festival,6,No,No
Dahi / Curd (500g),Central,2021-04-05,3723,45.75,31.2,No_Festival,4,No,No
Dahi / Curd (500g),Central,2021-04-12,5786,44.66,34.2,No_Festival,6,No,No
Dahi / Curd (500g),Central,2021-04-19,4370,44.8,33.5,No_Festival,6,No,No
Dahi / Curd (500g),Central,2021-04-26,4818,45.17,35.0,No_Festival,5,No,No
Dahi / Curd (500g),Central,2021-05-03,3811,44.64,38.6,No_Festival,4,No,No
Dahi / Curd (500g),Central,2021-05-10,1882,44.38,38.8,No_Festival,4,No,No
Dahi / Curd (500g),Central,2021-05-17,3422,44.79,39.5,No_Festival,4,No,No
Dahi / Curd (500g),Central,2021-05-24,5028,44.62,37.5,No_Festival,6,No,No
Dahi / Curd (500g),Central,2021-05-31,5302,44.74,36.5,No_Festival,7,No,No
Dahi / Curd (500g),Central,2021-06-07,2541,44.98,36.0,No_Festival,5,No,No
Dahi / Curd (500g),Central,2021-06-14,6935,44.75,36.5,No_Festival,7,No,No
Dahi / Curd (500g),Central,2021-06-21,3780,44.85,37.0,No_Festival,5,No,No
Dahi / Curd (500g),Central,2021-06-28,4756,45.2,33.9,No_Festival,5,No,No
Dahi / Curd (500g),Central,2021-07-05,5186,45.57,30.5,No_Festival,5,No,No
Dahi / Curd (500g),Central,2021-07-12,4800,45.41,30.9,No_Festival,6,No,No
Dahi / Curd (500g),Central,2021-07-19,3483,44.93,31.3,No_Festival,5,No,No
Dahi / Curd (500g),Central,2021-07-26,5313,44.83,30.8,No_Festival,7,No,No
Dahi / Curd (500g),Central,2021-08-02,5704,45.15,29.8,No_Festival,6,No,No
Dahi / Curd (500g),Central,2021-08-09,4661,44.49,29.3,No_Festival,6,No,No
Dahi / Curd (500g),Central,2021-08-16,6029,44.8,29.9,Raksha Bandhan,7,Yes,Yes
Dahi / Curd (500g),Central,2021-08-23,6873,45.08,30.8,No_Festival,7,No,No
Dahi / Curd (500g),Central,2021-08-30,5061,45.41,28.6,No_Festival,6,No,No
Dahi / Curd (500g),Central,2021-09-06,4503,45.21,30.7,No_Festival,6,No,No
Dahi / Curd (500g),Central,2021-09-13,3965,44.83,28.5,No_Festival,5,No,No
Dahi / Curd (500g),Central,2021-09-20,4547,45.48,30.1,No_Festival,6,No,No
Dahi / Curd (500g),Central,2021-09-27,5858,45.02,29.3,Gandhi Jayanti,6,Yes,Yes
Dahi / Curd (500g),Central,2021-10-04,5056,44.61,28.2,No_Festival,5,No,No
Dahi / Curd (500g),Central,2021-10-11,3159,45.13,27.8,No_Festival,4,No,No
Dahi / Curd (500g),Central,2021-10-18,3557,45.34,28.3,No_Festival,5,No,No
Dahi / Curd (500g),Central,2021-10-25,3903,44.52,27.1,No_Festival,5,No,No
Dahi / Curd (500g),Central,2021-11-01,5195,45.12,22.8,Diwali,6,Yes,Yes
Dahi / Curd (500g),Central,2021-11-08,6433,45.33,22.4,No_Festival,7,No,No
Dahi / Curd (500g),Central,2021-11-15,6596,45.1,22.7,Guru Nanak Jayanti,6,Yes,Yes
Dahi / Curd (500g),Central,2021-11-22,5345,45.64,23.6,No_Festival,6,No,No
Dahi / Curd (500g),Central,2021-11-29,3945,45.14,18.1,No_Festival,6,No,No
Dahi / Curd (500g),Central,2021-12-06,5021,45.04,20.2,No_Festival,6,No,No
Dahi / Curd (500g),Central,2021-12-13,3319,45.02,18.3,No_Festival,4,No,No
Dahi / Curd (500g),Central,2021-12-20,3731,44.25,16.6,Christmas,4,Yes,Yes
Dahi / Curd (500g),Central,2021-12-27,5319,44.96,17.6,No_Festival,7,No,No
Dahi / Curd (500g),Central,2022-01-03,2512,46.53,20.3,No_Festival,3,No,No
Dahi / Curd (500g),Central,2022-01-10,5114,47.4,17.3,Makar Sankranti,5,Yes,Yes
Dahi / Curd (500g),Central,2022-01-17,3106,46.85,17.7,No_Festival,4,No,No
Dahi / Curd (500g),Central,2022-01-24,4858,47.69,17.3,Republic Day,5,Yes,Yes
Dahi / Curd (500g),Central,2022-01-31,3515,48.0,19.0,No_Festival,4,No,No
Dahi / Curd (500g),Central,2022-02-07,5480,47.45,22.5,No_Festival,5,No,No
Dahi / Curd (500g),Central,2022-02-14,6056,47.49,22.0,No_Festival,7,No,No
Dahi / Curd (500g),Central,2022-02-21,4490,47.67,21.5,No_Festival,5,No,No
Dahi / Curd (500g),Central,2022-02-28,4152,46.75,24.8,No_Festival,5,No,No
Dahi / Curd (500g),Central,2022-03-07,4813,47.59,27.9,No_Festival,5,No,No
Dahi / Curd (500g),Central,2022-03-14,4511,47.73,27.3,No_Festival,5,No,No
Dahi / Curd (500g),Central,2022-03-21,3998,47.54,27.2,No_Festival,5,No,No
Dahi / Curd (500g),Central,2022-03-28,2583,48.47,27.5,No_Festival,4,No,No
Dahi / Curd (500g),Central,2022-04-04,2697,47.55,34.8,No_Festival,3,No,No
Dahi / Curd (500g),Central,2022-04-11,2849,47.97,33.2,No_Festival,3,No,No
Dahi / Curd (500g),Central,2022-04-18,4268,47.37,31.6,No_Festival,5,No,No
Dahi / Curd (500g),Central,2022-04-25,4899,46.52,33.9,No_Festival,6,No,No
Dahi / Curd (500g),Central,2022-05-02,5426,47.24,38.7,No_Festival,6,No,Yes
Dahi / Curd (500g),Central,2022-05-09,3495,47.32,38.2,No_Festival,4,No,No
Dahi / Curd (500g),Central,2022-05-16,3985,47.8,38.6,No_Festival,5,No,No
Dahi / Curd (500g),Central,2022-05-23,4498,47.39,36.3,No_Festival,5,No,No
Dahi / Curd (500g),Central,2022-05-30,4607,47.66,36.6,No_Festival,7,No,No
Dahi / Curd (500g),Central,2022-06-06,3508,47.02,35.8,No_Festival,5,No,No
Dahi / Curd (500g),Central,2022-06-13,3187,47.02,36.2,No_Festival,4,No,No
Dahi / Curd (500g),Central,2022-06-20,3464,47.05,35.9,No_Festival,4,No,No
Dahi / Curd (500g),Central,2022-06-27,3909,47.6,36.1,No_Festival,5,No,No
Dahi / Curd (500g),Central,2022-07-04,5217,47.39,31.8,No_Festival,6,No,Yes
Dahi / Curd (500g),Central,2022-07-11,6658,47.3,31.3,No_Festival,7,No,No
Dahi / Curd (500g),Central,2022-07-18,3261,47.09,30.6,No_Festival,4,No,No
Dahi / Curd (500g),Central,2022-07-25,4944,47.01,31.3,No_Festival,5,No,No
Dahi / Curd (500g),Central,2022-08-01,6019,47.17,28.8,No_Festival,7,No,No
Dahi / Curd (500g),Central,2022-08-08,4270,47.49,31.3,No_Festival,6,No,No
Dahi / Curd (500g),Central,2022-08-15,6040,47.7,30.9,"Independence Day, Janmashtami",7,Yes,Yes
Dahi / Curd (500g),Central,2022-08-22,5161,47.27,31.0,No_Festival,6,No,No
Dahi / Curd (500g),Central,2022-08-29,4976,46.91,30.5,No_Festival,6,No,No
Dahi / Curd (500g),Central,2022-09-05,3846,47.15,29.9,No_Festival,5,No,No
Dahi / Curd (500g),Central,2022-09-12,4409,47.25,30.2,No_Festival,6,No,No
Dahi / Curd (500g),Central,2022-09-19,4702,47.72,31.2,No_Festival,5,No,No
Dahi / Curd (500g),Central,2022-09-26,3570,48.02,29.9,No_Festival,5,No,No
Dahi / Curd (500g),Central,2022-10-03,5045,47.21,30.1,No_Festival,6,No,No
Dahi / Curd (500g),Central,2022-10-10,4996,47.0,28.5,No_Festival,6,No,No
Dahi / Curd (500g),Central,2022-10-17,3381,47.2,26.7,No_Festival,5,No,No
Dahi / Curd (500g),Central,2022-10-24,4075,46.77,27.9,No_Festival,4,No,No
Dahi / Curd (500g),Central,2022-10-31,4278,47.44,23.4,No_Festival,5,No,No
Dahi / Curd (500g),Central,2022-11-07,5617,48.2,22.1,No_Festival,6,No,No
Dahi / Curd (500g),Central,2022-11-14,4921,47.81,21.8,No_Festival,5,No,No
Dahi / Curd (500g),Central,2022-11-21,3328,46.82,23.3,No_Festival,4,No,No
Dahi / Curd (500g),Central,2022-11-28,3398,47.7,20.0,No_Festival,4,No,No
Dahi / Curd (500g),Central,2022-12-05,5199,47.55,19.2,No_Festival,6,No,No
Dahi / Curd (500g),Central,2022-12-12,2742,47.15,18.4,No_Festival,4,No,No
Dahi / Curd (500g),Central,2022-12-19,4364,46.71,17.7,Christmas,5,Yes,Yes
Dahi / Curd (500g),Central,2022-12-26,3561,47.08,18.4,No_Festival,4,No,No
Dahi / Curd (500g),Central,2023-01-02,5866,49.89,17.4,No_Festival,6,No,No
Dahi / Curd (500g),Central,2023-01-09,3486,49.47,18.3,No_Festival,4,No,No
Dahi / Curd (500g),Central,2023-01-16,5037,50.15,17.3,No_Festival,6,No,No
Dahi / Curd (500g),Central,2023-01-23,4050,49.14,17.4,Republic Day,4,Yes,Yes
Dahi / Curd (500g),Central,2023-01-30,2352,48.96,21.7,No_Festival,3,No,No
Dahi / Curd (500g),Central,2023-02-06,4673,49.3,22.1,No_Festival,6,No,No
Dahi / Curd (500g),Central,2023-02-13,2936,49.86,22.0,No_Festival,4,No,No
Dahi / Curd (500g),Central,2023-02-20,6250,50.02,20.2,No_Festival,7,No,No
Dahi / Curd (500g),Central,2023-02-27,5465,49.02,25.8,No_Festival,6,No,No
Dahi / Curd (500g),Central,2023-03-06,4175,49.3,27.2,Holi,5,Yes,Yes
Dahi / Curd (500g),Central,2023-03-13,4312,48.54,26.2,No_Festival,5,No,No
Dahi / Curd (500g),Central,2023-03-20,6697,49.07,28.1,No_Festival,7,No,No
Dahi / Curd (500g),Central,2023-03-27,3858,49.0,27.6,No_Festival,5,No,No
Dahi / Curd (500g),Central,2023-04-03,5496,49.61,32.3,No_Festival,6,No,No
Dahi / Curd (500g),Central,2023-04-10,6785,49.38,32.7,Baisakhi,7,Yes,Yes
Dahi / Curd (500g),Central,2023-04-17,5398,49.29,33.7,No_Festival,7,No,Yes
Dahi / Curd (500g),Central,2023-04-24,4350,49.84,34.6,No_Festival,5,No,No
Dahi / Curd (500g),Central,2023-05-01,4147,49.48,37.3,No_Festival,5,No,No
Dahi / Curd (500g),Central,2023-05-08,4824,49.12,39.1,No_Festival,6,No,No
Dahi / Curd (500g),Central,2023-05-15,4712,49.01,38.1,No_Festival,5,No,No
Dahi / Curd (500g),Central,2023-05-22,4811,49.39,39.6,No_Festival,6,No,No
Dahi / Curd (500g),Central,2023-05-29,3649,49.09,36.2,No_Festival,6,No,No
Dahi / Curd (500g),Central,2023-06-05,5220,49.89,36.5,No_Festival,6,No,No
Dahi / Curd (500g),Central,2023-06-12,4679,49.42,37.7,No_Festival,5,No,No
Dahi / Curd (500g),Central,2023-06-19,4618,49.96,36.8,No_Festival,7,No,No
Dahi / Curd (500g),Central,2023-06-26,5949,49.71,35.9,No_Festival,6,No,Yes
Dahi / Curd (500g),Central,2023-07-03,3660,49.75,31.7,No_Festival,5,No,No
Dahi / Curd (500g),Central,2023-07-10,1623,49.52,29.9,No_Festival,2,No,No
Dahi / Curd (500g),Central,2023-07-17,3854,48.96,31.8,No_Festival,6,No,No
Dahi / Curd (500g),Central,2023-07-24,2932,50.01,31.5,No_Festival,4,No,No
Dahi / Curd (500g),Central,2023-07-31,6340,49.61,29.8,No_Festival,7,No,No
Dahi / Curd (500g),Central,2023-08-07,5759,49.6,29.4,No_Festival,6,No,No
Dahi / Curd (500g),Central,2023-08-14,5517,49.12,30.0,Independence Day,6,Yes,Yes
Dahi / Curd (500g),Central,2023-08-21,4407,49.95,30.0,No_Festival,6,No,No
Dahi / Curd (500g),Central,2023-08-28,3520,49.92,30.9,Raksha Bandhan,5,Yes,Yes
Dahi / Curd (500g),Central,2023-09-04,5226,49.7,30.0,Janmashtami,6,Yes,Yes
Dahi / Curd (500g),Central,2023-09-11,6565,48.85,29.0,No_Festival,7,No,No
Dahi / Curd (500g),Central,2023-09-18,4305,49.61,31.1,No_Festival,6,No,No
Dahi / Curd (500g),Central,2023-09-25,3290,49.51,29.3,No_Festival,5,No,No
Dahi / Curd (500g),Central,2023-10-02,5187,49.4,28.2,No_Festival,6,No,No
Dahi / Curd (500g),Central,2023-10-09,4953,49.32,28.4,No_Festival,7,No,No
Dahi / Curd (500g),Central,2023-10-16,4230,49.6,27.0,No_Festival,5,No,No
Dahi / Curd (500g),Central,2023-10-23,2780,49.44,27.2,No_Festival,3,No,No
Dahi / Curd (500g),Central,2023-10-30,3574,49.12,24.3,No_Festival,6,No,No
Dahi / Curd (500g),Central,2023-11-06,5519,49.76,21.8,No_Festival,6,No,No
Dahi / Curd (500g),Central,2023-11-13,3039,49.42,23.2,No_Festival,4,No,No
Dahi / Curd (500g),Central,2023-11-20,4647,50.2,22.3,No_Festival,6,No,No
Dahi / Curd (500g),Central,2023-11-27,4843,49.78,21.4,Guru Nanak Jayanti,6,Yes,Yes
Dahi / Curd (500g),Central,2023-12-04,2524,49.71,18.2,No_Festival,5,No,No
Dahi / Curd (500g),Central,2023-12-11,4284,49.58,19.5,No_Festival,6,No,No
Dahi / Curd (500g),Central,2023-12-18,3043,50.05,19.1,No_Festival,4,No,No
Dahi / Curd (500g),Central,2023-12-25,2449,49.54,18.5,No_Festival,4,No,No
Dahi / Curd (500g),East,2020-12-28,1066,46.07,19.5,No_Festival,1,No,No
Dahi / Curd (500g),East,2021-01-04,4631,45.36,18.6,No_Festival,6,No,No
Dahi / Curd (500g),East,2021-01-11,5091,45.22,19.6,No_Festival,6,No,No
Dahi / Curd (500g),East,2021-01-18,4620,45.04,18.7,No_Festival,6,No,No
Dahi / Curd (500g),East,2021-01-25,3335,45.08,17.6,Republic Day,4,Yes,Yes
Dahi / Curd (500g),East,2021-02-01,5752,45.13,20.3,No_Festival,7,No,No
Dahi / Curd (500g),East,2021-02-08,6510,45.11,20.6,No_Festival,6,No,No
Dahi / Curd (500g),East,2021-02-15,4640,45.42,22.8,No_Festival,6,No,No
Dahi / Curd (500g),East,2021-02-22,5922,44.83,21.4,No_Festival,6,No,No
Dahi / Curd (500g),East,2021-03-01,4112,44.87,26.5,No_Festival,5,No,No
Dahi / Curd (500g),East,2021-03-08,6100,45.16,25.8,No_Festival,7,No,No
Dahi / Curd (500g),East,2021-03-15,5331,44.52,27.9,No_Festival,6,No,No
Dahi / Curd (500g),East,2021-03-22,4673,45.07,26.6,No_Festival,6,No,No
Dahi / Curd (500g),East,2021-03-29,4599,45.22,30.8,No_Festival,5,No,No
Dahi / Curd (500g),East,2021-04-05,3683,44.85,31.8,No_Festival,5,No,No
Dahi / Curd (500g),East,2021-04-12,5970,44.65,32.0,Baisakhi,7,Yes,Yes
Dahi / Curd (500g),East,2021-04-19,4494,44.6,31.4,No_Festival,6,No,No
Dahi / Curd (500g),East,2021-04-26,4606,45.58,32.6,No_Festival,7,No,No
Dahi / Curd (500g),East,2021-05-03,5305,45.25,34.0,No_Festival,7,No,No
Dahi / Curd (500g),East,2021-05-10,4946,44.94,35.5,No_Festival,5,No,Yes
Dahi / Curd (500g),East,2021-05-17,3937,45.0,35.1,No_Festival,5,No,No
Dahi / Curd (500g),East,2021-05-24,5394,44.7,33.5,No_Festival,6,No,No
Dahi / Curd (500g),East,2021-05-31,3886,45.12,33.1,No_Festival,5,No,No
Dahi / Curd (500g),East,2021-06-07,4569,45.15,31.7,No_Festival,6,No,No
Dahi / Curd (500g),East,2021-06-14,5811,45.29,32.6,No_Festival,7,No,No
Dahi / Curd (500g),East,2021-06-21,5514,45.06,32.3,No_Festival,6,No,No
Dahi / Curd (500g),East,2021-06-28,4606,45.15,30.9,No_Festival,6,No,No
Dahi / Curd (500g),East,2021-07-05,5417,45.63,29.9,No_Festival,6,No,No
Dahi / Curd (500g),East,2021-07-12,5243,45.2,29.6,No_Festival,6,No,No
Dahi / Curd (500g),East,2021-07-19,5305,44.91,29.4,No_Festival,7,No,Yes
Dahi / Curd (500g),East,2021-07-26,2384,44.18,29.9,No_Festival,3,No,No
Dahi / Curd (500g),East,2021-08-02,5754,44.85,28.6,No_Festival,6,No,No
Dahi / Curd (500g),East,2021-08-09,4872,44.42,29.6,Independence Day,5,Yes,Yes
Dahi / Curd (500g),East,2021-08-16,6118,45.2,30.0,Raksha Bandhan,6,Yes,Yes
Dahi / Curd (500g),East,2021-08-23,5147,45.25,31.4,No_Festival,6,No,No
Dahi / Curd (500g),East,2021-08-30,5795,44.95,30.2,Janmashtami,6,Yes,Yes
Dahi / Curd (500g),East,2021-09-06,4644,45.19,29.0,No_Festival,5,No,No
Dahi / Curd (500g),East,2021-09-13,4189,45.58,29.6,No_Festival,6,No,No
Dahi / Curd (500g),East,2021-09-20,4579,45.63,29.0,No_Festival,6,No,No
Dahi / Curd (500g),East,2021-09-27,4074,45.08,28.0,Gandhi Jayanti,6,Yes,Yes
Dahi / Curd (500g),East,2021-10-04,5229,44.72,26.5,No_Festival,7,No,No
Dahi / Curd (500g),East,2021-10-11,4029,44.67,28.2,Navratri,5,Yes,Yes
Dahi / Curd (500g),East,2021-10-18,5038,44.82,27.3,No_Festival,6,No,No
Dahi / Curd (500g),East,2021-10-25,2555,45.65,28.6,No_Festival,3,No,No
Dahi / Curd (500g),East,2021-11-01,4639,45.29,23.0,Diwali,6,Yes,Yes
Dahi / Curd (500g),East,2021-11-08,4118,45.0,22.0,No_Festival,6,No,No
Dahi / Curd (500g),East,2021-11-15,5253,44.39,23.1,Guru Nanak Jayanti,6,Yes,Yes
Dahi / Curd (500g),East,2021-11-22,3310,45.04,21.5,No_Festival,5,No,No
Dahi / Curd (500g),East,2021-11-29,2888,44.91,18.9,No_Festival,4,No,No
Dahi / Curd (500g),East,2021-12-06,4858,44.64,16.4,No_Festival,6,No,No
Dahi / Curd (500g),East,2021-12-13,4062,44.8,16.8,No_Festival,5,No,No
Dahi / Curd (500g),East,2021-12-20,4321,45.01,16.7,No_Festival,5,No,No
Dahi / Curd (500g),East,2021-12-27,3506,45.39,15.7,No_Festival,5,No,No
Dahi / Curd (500g),East,2022-01-03,3236,47.17,18.8,No_Festival,5,No,No
Dahi / Curd (500g),East,2022-01-10,7679,47.02,17.7,Makar Sankranti,6,Yes,Yes
Dahi / Curd (500g),East,2022-01-17,3460,47.68,21.0,No_Festival,4,No,No
Dahi / Curd (500g),East,2022-01-24,3650,47.38,17.4,Republic Day,4,Yes,Yes
Dahi / Curd (500g),East,2022-01-31,5154,47.64,20.7,No_Festival,6,No,No
Dahi / Curd (500g),East,2022-02-07,4775,47.11,21.8,No_Festival,7,No,No
Dahi / Curd (500g),East,2022-02-14,5440,46.83,21.6,No_Festival,7,No,No
Dahi / Curd (500g),East,2022-02-21,4471,47.41,22.5,No_Festival,6,No,No
Dahi / Curd (500g),East,2022-02-28,4230,47.45,26.0,No_Festival,6,No,No
Dahi / Curd (500g),East,2022-03-07,5611,47.44,28.2,No_Festival,6,No,No
Dahi / Curd (500g),East,2022-03-14,5242,47.56,27.0,Holi,6,Yes,Yes
Dahi / Curd (500g),East,2022-03-21,4104,47.43,25.6,No_Festival,5,No,No
Dahi / Curd (500g),East,2022-03-28,2434,46.91,28.3,No_Festival,3,No,No
Dahi / Curd (500g),East,2022-04-04,5147,47.12,32.4,No_Festival,6,No,No
Dahi / Curd (500g),East,2022-04-11,3448,47.41,32.1,Baisakhi,5,Yes,Yes
Dahi / Curd (500g),East,2022-04-18,2686,47.24,33.0,No_Festival,5,No,No
Dahi / Curd (500g),East,2022-04-25,5538,47.31,32.1,No_Festival,6,No,No
Dahi / Curd (500g),East,2022-05-02,5209,47.21,34.3,No_Festival,6,No,Yes
Dahi / Curd (500g),East,2022-05-09,3385,47.27,34.7,No_Festival,6,No,No
Dahi / Curd (500g),East,2022-05-16,2558,47.59,33.2,No_Festival,4,No,No
Dahi / Curd (500g),East,2022-05-23,4232,46.76,35.5,No_Festival,4,No,No
Dahi / Curd (500g),East,2022-05-30,3533,46.78,33.4,No_Festival,5,No,No
Dahi / Curd (500g),East,2022-06-06,4213,47.88,30.9,No_Festival,5,No,No
Dahi / Curd (500g),East,2022-06-13,5389,47.65,31.5,No_Festival,7,No,No
Dahi / Curd (500g),East,2022-06-20,7128,46.97,32.3,No_Festival,7,No,No
Dahi / Curd (500g),East,2022-06-27,3877,46.83,31.3,No_Festival,5,No,No
Dahi / Curd (500g),East,2022-07-04,4399,47.08,30.4,No_Festival,6,No,No
Dahi / Curd (500g),East,2022-07-11,5372,47.23,30.5,No_Festival,6,No,No
Dahi / Curd (500g),East,2022-07-18,3714,47.34,29.6,No_Festival,4,No,No
Dahi / Curd (500g),East,2022-07-25,4966,46.89,30.4,No_Festival,6,No,No
Dahi / Curd (500g),East,2022-08-01,3372,47.28,29.8,No_Festival,4,No,No
Dahi / Curd (500g),East,2022-08-08,4732,46.8,30.6,Raksha Bandhan,6,Yes,Yes
Dahi / Curd (500g),East,2022-08-15,4209,47.62,31.1,Janmashtami,5,Yes,Yes
Dahi / Curd (500g),East,2022-08-22,3402,47.73,29.6,No_Festival,4,No,No
Dahi / Curd (500g),East,2022-08-29,5155,47.55,29.7,No_Festival,7,No,No
Dahi / Curd (500g),East,2022-09-05,6929,47.66,29.6,No_Festival,7,No,No
Dahi / Curd (500g),East,2022-09-12,2866,47.32,28.5,No_Festival,4,No,No
Dahi / Curd (500g),East,2022-09-19,5283,47.5,30.8,No_Festival,5,No,No
Dahi / Curd (500g),East,2022-09-26,4541,47.51,28.6,Gandhi Jayanti,5,Yes,Yes
Dahi / Curd (500g),East,2022-10-03,4827,48.01,26.8,No_Festival,6,No,No
Dahi / Curd (500g),East,2022-10-10,2833,46.88,27.4,No_Festival,4,No,No
Dahi / Curd (500g),East,2022-10-17,4862,47.5,25.6,No_Festival,6,No,No
Dahi / Curd (500g),East,2022-10-24,2732,47.14,28.4,Diwali,5,Yes,Yes
Dahi / Curd (500g),East,2022-10-31,3307,47.11,23.0,No_Festival,4,No,No
Dahi / Curd (500g),East,2022-11-07,4271,47.08,22.2,Guru Nanak Jayanti,4,Yes,Yes
Dahi / Curd (500g),East,2022-11-14,7210,47.31,22.9,No_Festival,7,No,No
Dahi / Curd (500g),East,2022-11-21,3960,47.16,22.3,No_Festival,6,No,No
Dahi / Curd (500g),East,2022-11-28,5598,47.27,19.3,No_Festival,7,No,No
Dahi / Curd (500g),East,2022-12-05,7008,47.51,15.6,No_Festival,7,No,No
Dahi / Curd (500g),East,2022-12-12,2814,48.39,16.8,No_Festival,4,No,No
Dahi / Curd (500g),East,2022-12-19,4356,47.33,16.9,No_Festival,5,No,No
Dahi / Curd (500g),East,2022-12-26,5366,47.76,17.8,No_Festival,7,No,No
Dahi / Curd (500g),East,2023-01-02,5417,49.59,19.3,No_Festival,7,No,No
Dahi / Curd (500g),East,2023-01-09,5115,49.47,18.8,Makar Sankranti,6,Yes,Yes
Dahi / Curd (500g),East,2023-01-16,4077,49.9,18.1,No_Festival,5,No,No
Dahi / Curd (500g),East,2023-01-23,5061,49.78,19.2,Republic Day,5,Yes,Yes
Dahi / Curd (500g),East,2023-01-30,7112,49.58,19.8,No_Festival,7,No,No
Dahi / Curd (500g),East,2023-02-06,5000,50.09,21.2,No_Festival,6,No,No
Dahi / Curd (500g),East,2023-02-13,4401,48.96,21.0,No_Festival,5,No,No
Dahi / Curd (500g),East,2023-02-20,2990,48.9,19.4,No_Festival,4,No,No
Dahi / Curd (500g),East,2023-02-27,6565,49.04,24.8,No_Festival,7,No,No
Dahi / Curd (500g),East,2023-03-06,2942,50.25,27.7,No_Festival,3,No,No
Dahi / Curd (500g),East,2023-03-13,3776,49.25,26.7,No_Festival,5,No,No
Dahi / Curd (500g),East,2023-03-20,2434,49.08,28.3,No_Festival,4,No,No
Dahi / Curd (500g),East,2023-03-27,2691,49.05,28.0,No_Festival,3,No,No
Dahi / Curd (500g),East,2023-04-03,3807,49.43,32.4,No_Festival,5,No,No
Dahi / Curd (500g),East,2023-04-10,5899,49.55,32.1,Baisakhi,6,Yes,Yes
Dahi / Curd (500g),East,2023-04-17,3068,48.72,31.3,No_Festival,4,No,No
Dahi / Curd (500g),East,2023-04-24,6315,50.26,32.4,No_Festival,7,No,No
Dahi / Curd (500g),East,2023-05-01,5018,49.39,34.4,No_Festival,5,No,No
Dahi / Curd (500g),East,2023-05-08,4930,49.32,32.8,No_Festival,5,No,No
Dahi / Curd (500g),East,2023-05-15,5946,49.64,34.0,No_Festival,6,No,No
Dahi / Curd (500g),East,2023-05-22,4361,49.11,33.6,No_Festival,5,No,No
Dahi / Curd (500g),East,2023-05-29,4171,49.57,33.2,No_Festival,5,No,No
Dahi / Curd (500g),East,2023-06-05,5301,49.41,30.8,No_Festival,6,No,No
Dahi / Curd (500g),East,2023-06-12,3496,48.94,30.5,No_Festival,4,No,No
Dahi / Curd (500g),East,2023-06-19,4358,49.31,32.4,No_Festival,5,No,No
Dahi / Curd (500g),East,2023-06-26,4303,49.04,32.3,No_Festival,5,No,Yes
Dahi / Curd (500g),East,2023-07-03,4107,49.84,30.0,No_Festival,5,No,No
Dahi / Curd (500g),East,2023-07-10,2751,49.6,30.6,No_Festival,3,No,No
Dahi / Curd (500g),East,2023-07-17,4423,49.74,29.6,No_Festival,6,No,No
Dahi / Curd (500g),East,2023-07-24,3930,48.59,29.0,No_Festival,5,No,No
Dahi / Curd (500g),East,2023-07-31,6542,49.44,28.7,No_Festival,6,No,No
Dahi / Curd (500g),East,2023-08-07,1974,49.65,31.8,No_Festival,3,No,No
Dahi / Curd (500g),East,2023-08-14,4471,49.38,29.9,No_Festival,6,No,No
Dahi / Curd (500g),East,2023-08-21,4300,49.48,29.7,No_Festival,5,No,No
Dahi / Curd (500g),East,2023-08-28,6468,49.28,30.4,Raksha Bandhan,6,Yes,Yes
Dahi / Curd (500g),East,2023-09-04,4113,49.69,28.7,No_Festival,5,No,No
Dahi / Curd (500g),East,2023-09-11,5086,50.19,28.0,No_Festival,5,No,No
Dahi / Curd (500g),East,2023-09-18,6136,49.95,29.0,No_Festival,6,No,No
Dahi / Curd (500g),East,2023-09-25,7231,49.2,28.3,No_Festival,7,No,No
Dahi / Curd (500g),East,2023-10-02,6818,49.55,26.5,Gandhi Jayanti,7,Yes,Yes
Dahi / Curd (500g),East,2023-10-09,5525,49.35,27.0,No_Festival,6,No,No
Dahi / Curd (500g),East,2023-10-16,2995,49.89,27.2,No_Festival,4,No,No
Dahi / Curd (500g),East,2023-10-23,4884,49.52,26.1,No_Festival,5,No,No
Dahi / Curd (500g),East,2023-10-30,3398,49.92,24.2,No_Festival,5,No,No
Dahi / Curd (500g),East,2023-11-06,4448,49.97,22.8,No_Festival,6,No,No
Dahi / Curd (500g),East,2023-11-13,4324,49.79,22.7,No_Festival,5,No,No
Dahi / Curd (500g),East,2023-11-20,4799,48.89,21.5,No_Festival,5,No,No
Dahi / Curd (500g),East,2023-11-27,5769,49.53,19.2,Guru Nanak Jayanti,6,Yes,Yes
Dahi / Curd (500g),East,2023-12-04,4163,49.2,16.3,No_Festival,5,No,No
Dahi / Curd (500g),East,2023-12-11,5607,48.83,16.1,No_Festival,6,No,No
Dahi / Curd (500g),East,2023-12-18,3653,49.49,16.1,No_Festival,5,No,No
Dahi / Curd (500g),East,2023-12-25,2213,49.38,16.8,No_Festival,3,No,No
Dahi / Curd (500g),North,2020-12-28,2310,46.03,14.7,No_Festival,3,No,No
Dahi / Curd (500g),North,2021-01-04,4448,45.01,14.0,No_Festival,5,No,No
Dahi / Curd (500g),North,2021-01-11,4625,45.0,14.6,No_Festival,6,No,No
Dahi / Curd (500g),North,2021-01-18,4074,44.37,15.0,No_Festival,5,No,No
Dahi / Curd (500g),North,2021-01-25,5493,44.84,13.8,Republic Day,7,Yes,Yes
Dahi / Curd (500g),North,2021-02-01,3895,45.45,16.8,No_Festival,5,No,No
Dahi / Curd (500g),North,2021-02-08,5906,44.97,16.0,No_Festival,7,No,No
Dahi / Curd (500g),North,2021-02-15,5529,45.72,16.9,No_Festival,7,No,No
Dahi / Curd (500g),North,2021-02-22,4646,44.43,16.4,No_Festival,6,No,No
Dahi / Curd (500g),North,2021-03-01,6505,44.88,24.4,No_Festival,7,No,No
Dahi / Curd (500g),North,2021-03-08,4176,45.02,24.0,No_Festival,6,No,No
Dahi / Curd (500g),North,2021-03-15,6649,44.81,23.9,No_Festival,7,No,No
Dahi / Curd (500g),North,2021-03-22,2040,45.15,20.9,Holi,3,Yes,Yes
Dahi / Curd (500g),North,2021-03-29,5332,44.67,28.7,No_Festival,6,No,No
Dahi / Curd (500g),North,2021-04-05,4503,45.75,32.6,No_Festival,5,No,No
Dahi / Curd (500g),North,2021-04-12,4208,44.98,31.6,Baisakhi,5,Yes,Yes
Dahi / Curd (500g),North,2021-04-19,5596,44.86,32.1,No_Festival,6,No,No
Dahi / Curd (500g),North,2021-04-26,6495,44.59,34.9,No_Festival,7,No,No
Dahi / Curd (500g),North,2021-05-03,3268,44.96,39.4,No_Festival,3,No,No
Dahi / Curd (500g),North,2021-05-10,3641,44.94,39.9,No_Festival,5,No,Yes
Dahi / Curd (500g),North,2021-05-17,5189,45.35,38.5,No_Festival,6,No,No
Dahi / Curd (500g),North,2021-05-24,5585,45.45,37.7,No_Festival,7,No,No
Dahi / Curd (500g),North,2021-05-31,2464,44.5,39.1,No_Festival,3,No,No
Dahi / Curd (500g),North,2021-06-07,2417,45.37,40.3,No_Festival,4,No,No
Dahi / Curd (500g),North,2021-06-14,4697,45.29,39.9,No_Festival,5,No,No
Dahi / Curd (500g),North,2021-06-21,4365,44.95,40.1,No_Festival,6,No,No
Dahi / Curd (500g),North,2021-06-28,4068,45.02,35.6,No_Festival,6,No,No
Dahi / Curd (500g),North,2021-07-05,4004,44.63,35.3,No_Festival,4,No,No
Dahi / Curd (500g),North,2021-07-12,3230,45.56,35.7,No_Festival,5,No,No
Dahi / Curd (500g),North,2021-07-19,5003,44.59,36.3,No_Festival,6,No,Yes
Dahi / Curd (500g),North,2021-07-26,4859,44.68,37.3,No_Festival,5,No,No
Dahi / Curd (500g),North,2021-08-02,5028,45.45,32.9,No_Festival,7,No,No
Dahi / Curd (500g),North,2021-08-09,5387,45.26,33.0,Independence Day,5,Yes,Yes
Dahi / Curd (500g),North,2021-08-16,4617,44.56,33.6,Raksha Bandhan,6,Yes,Yes
Dahi / Curd (500g),North,2021-08-23,4927,45.27,32.9,No_Festival,7,No,No
Dahi / Curd (500g),North,2021-08-30,3997,44.89,32.9,Janmashtami,6,Yes,Yes
Dahi / Curd (500g),North,2021-09-06,5518,45.66,32.1,No_Festival,6,No,No
Dahi / Curd (500g),North,2021-09-13,5507,45.31,31.7,No_Festival,6,No,No
Dahi / Curd (500g),North,2021-09-20,6669,45.07,32.7,No_Festival,7,No,No
Dahi / Curd (500g),North,2021-09-27,6854,44.5,29.9,Gandhi Jayanti,7,Yes,Yes
Dahi / Curd (500g),North,2021-10-04,4624,44.84,26.8,No_Festival,6,No,No
Dahi / Curd (500g),North,2021-10-11,5292,44.7,26.6,Navratri,6,Yes,Yes
Dahi / Curd (500g),North,2021-10-18,5217,44.92,26.4,No_Festival,6,No,No
Dahi / Curd (500g),North,2021-10-25,4344,45.23,26.1,No_Festival,5,No,No
Dahi / Curd (500g),North,2021-11-01,6016,45.11,19.0,Diwali,6,Yes,Yes
Dahi / Curd (500g),North,2021-11-08,5227,45.23,17.8,No_Festival,6,No,No
Dahi / Curd (500g),North,2021-11-15,5560,44.38,18.1,No_Festival,6,No,No
Dahi / Curd (500g),North,2021-11-22,4234,45.32,18.2,No_Festival,5,No,No
Dahi / Curd (500g),North,2021-11-29,1506,44.7,15.4,No_Festival,2,No,No
Dahi / Curd (500g),North,2021-12-06,2464,44.84,13.4,No_Festival,3,No,No
Dahi / Curd (500g),North,2021-12-13,4228,45.33,14.6,No_Festival,5,No,No
Dahi / Curd (500g),North,2021-12-20,4383,44.75,15.1,Christmas,4,Yes,Yes
Dahi / Curd (500g),North,2021-12-27,4965,45.76,14.2,No_Festival,5,No,No
Dahi / Curd (500g),North,2022-01-03,4004,47.23,14.4,No_Festival,6,No,No
Dahi / Curd (500g),North,2022-01-10,2309,47.58,12.0,No_Festival,3,No,No
Dahi / Curd (500g),North,2022-01-17,4115,47.17,13.2,No_Festival,5,No,No
Dahi / Curd (500g),North,2022-01-24,1762,46.34,16.5,Republic Day,3,Yes,Yes
Dahi / Curd (500g),North,2022-01-31,2396,46.57,17.2,No_Festival,3,No,No
Dahi / Curd (500g),North,2022-02-07,2140,46.74,16.4,No_Festival,3,No,No
Dahi / Curd (500g),North,2022-02-14,4384,46.98,17.7,No_Festival,4,No,No
Dahi / Curd (500g),North,2022-02-21,6248,46.99,16.6,No_Festival,7,No,No
Dahi / Curd (500g),North,2022-02-28,6322,47.44,24.5,No_Festival,7,No,No
Dahi / Curd (500g),North,2022-03-07,4080,47.27,23.0,No_Festival,6,No,No
Dahi / Curd (500g),North,2022-03-14,5449,47.6,24.3,Holi,6,Yes,Yes
Dahi / Curd (500g),North,2022-03-21,5757,47.29,24.9,No_Festival,6,No,No
Dahi / Curd (500g),North,2022-03-28,2689,47.01,25.9,No_Festival,4,No,No
Dahi / Curd (500g),North,2022-04-04,6378,47.62,32.8,No_Festival,7,No,No
Dahi / Curd (500g),North,2022-04-11,2085,47.46,31.6,No_Festival,2,No,No
Dahi / Curd (500g),North,2022-04-18,2996,47.5,32.0,No_Festival,4,No,No
Dahi / Curd (500g),North,2022-04-25,4639,46.87,31.6,No_Festival,6,No,No
Dahi / Curd (500g),North,2022-05-02,5699,47.05,39.0,No_Festival,6,No,Yes
Dahi / Curd (500g),North,2022-05-09,4898,47.16,37.2,No_Festival,6,No,No
Dahi / Curd (500g),North,2022-05-16,4285,47.12,38.7,No_Festival,7,No,No
Dahi / Curd (500g),North,2022-05-23,5477,47.63,38.9,No_Festival,5,No,No
Dahi / Curd (500g),North,2022-05-30,4679,47.13,39.4,No_Festival,5,No,No
Dahi / Curd (500g),North,2022-06-06,4555,47.26,39.8,No_Festival,5,No,No
Dahi / Curd (500g),North,2022-06-13,5822,47.24,40.2,No_Festival,7,No,No
Dahi / Curd (500g),North,2022-06-20,3144,47.53,38.8,No_Festival,5,No,No
Dahi / Curd (500g),North,2022-06-27,3440,47.23,37.9,No_Festival,5,No,No
Dahi / Curd (500g),North,2022-07-04,5283,47.18,35.6,No_Festival,6,No,Yes
Dahi / Curd (500g),North,2022-07-11,5576,47.07,36.7,No_Festival,6,No,No
Dahi / Curd (500g),North,2022-07-18,4280,47.28,35.5,No_Festival,6,No,No
Dahi / Curd (500g),North,2022-07-25,5793,46.79,36.3,No_Festival,6,No,No
Dahi / Curd (500g),North,2022-08-01,3174,47.46,36.5,No_Festival,4,No,No
Dahi / Curd (500g),North,2022-08-08,6271,47.74,35.0,No_Festival,6,No,No
Dahi / Curd (500g),North,2022-08-15,4659,47.05,33.7,Janmashtami,5,Yes,Yes
Dahi / Curd (500g),North,2022-08-22,2908,47.63,33.7,No_Festival,4,No,No
Dahi / Curd (500g),North,2022-08-29,3167,47.35,33.4,No_Festival,4,No,No
Dahi / Curd (500g),North,2022-09-05,3364,46.72,31.6,No_Festival,4,No,No
Dahi / Curd (500g),North,2022-09-12,4920,47.66,32.9,No_Festival,5,No,No
Dahi / Curd (500g),North,2022-09-19,1480,46.7,31.0,No_Festival,2,No,No
Dahi / Curd (500g),North,2022-09-26,3363,46.86,27.8,Gandhi Jayanti,4,Yes,Yes
Dahi / Curd (500g),North,2022-10-03,3991,47.25,26.5,No_Festival,5,No,No
Dahi / Curd (500g),North,2022-10-10,5978,47.56,26.1,No_Festival,6,No,No
Dahi / Curd (500g),North,2022-10-17,6444,47.16,26.0,No_Festival,7,No,No
Dahi / Curd (500g),North,2022-10-24,5226,46.86,26.2,Diwali,6,Yes,Yes
Dahi / Curd (500g),North,2022-10-31,6124,47.51,20.8,No_Festival,7,No,No
Dahi / Curd (500g),North,2022-11-07,5331,47.68,19.3,Guru Nanak Jayanti,6,Yes,Yes
Dahi / Curd (500g),North,2022-11-14,4685,47.03,18.0,No_Festival,6,No,No
Dahi / Curd (500g),North,2022-11-21,5111,47.26,19.3,No_Festival,7,No,No
Dahi / Curd (500g),North,2022-11-28,6421,47.67,16.6,No_Festival,7,No,No
Dahi / Curd (500g),North,2022-12-05,3761,48.02,15.6,No_Festival,5,No,No
Dahi / Curd (500g),North,2022-12-12,2675,47.36,16.3,No_Festival,4,No,No
Dahi / Curd (500g),North,2022-12-19,6604,47.74,14.0,Christmas,7,Yes,Yes
Dahi / Curd (500g),North,2022-12-26,5168,47.88,13.4,No_Festival,6,No,No
Dahi / Curd (500g),North,2023-01-02,5106,49.48,14.6,No_Festival,7,No,No
Dahi / Curd (500g),North,2023-01-09,5909,49.68,14.1,Makar Sankranti,6,Yes,Yes
Dahi / Curd (500g),North,2023-01-16,4265,49.92,13.1,No_Festival,5,No,No
Dahi / Curd (500g),North,2023-01-23,3857,49.45,14.3,Republic Day,6,Yes,Yes
Dahi / Curd (500g),North,2023-01-30,4875,49.23,16.8,No_Festival,6,No,No
Dahi / Curd (500g),North,2023-02-06,2851,49.48,17.0,No_Festival,4,No,No
Dahi / Curd (500g),North,2023-02-13,4933,50.33,17.0,No_Festival,6,No,No
Dahi / Curd (500g),North,2023-02-20,4982,49.8,16.9,No_Festival,5,No,No
Dahi / Curd (500g),North,2023-02-27,3355,48.95,22.6,No_Festival,5,No,No
Dahi / Curd (500g),North,2023-03-06,5348,49.86,24.6,No_Festival,6,No,No
Dahi / Curd (500g),North,2023-03-13,5055,49.51,24.8,No_Festival,5,No,No
Dahi / Curd (500g),North,2023-03-20,3559,48.94,23.5,No_Festival,4,No,No
Dahi / Curd (500g),North,2023-03-27,3931,50.0,27.5,No_Festival,5,No,No
Dahi / Curd (500g),North,2023-04-03,5175,49.24,31.9,No_Festival,6,No,No
Dahi / Curd (500g),North,2023-04-10,2282,49.4,32.4,No_Festival,3,No,No
Dahi / Curd (500g),North,2023-04-17,3574,49.3,31.9,No_Festival,5,No,Yes
Dahi / Curd (500g),North,2023-04-24,4997,50.38,32.7,No_Festival,7,No,No
Dahi / Curd (500g),North,2023-05-01,3070,49.27,39.3,No_Festival,4,No,No
Dahi / Curd (500g),North,2023-05-08,6762,49.62,37.2,No_Festival,7,No,No
Dahi / Curd (500g),North,2023-05-15,3981,49.79,36.6,No_Festival,5,No,No
Dahi / Curd (500g),North,2023-05-22,5941,49.88,38.3,No_Festival,7,No,No
Dahi / Curd (500g),North,2023-05-29,3858,49.49,37.6,No_Festival,6,No,No
Dahi / Curd (500g),North,2023-06-05,5535,49.04,38.9,No_Festival,6,No,No
Dahi / Curd (500g),North,2023-06-12,4689,49.74,38.3,No_Festival,6,No,No
Dahi / Curd (500g),North,2023-06-19,5704,49.62,40.6,No_Festival,6,No,No
Dahi / Curd (500g),North,2023-06-26,5687,49.48,38.8,No_Festival,7,No,Yes
Dahi / Curd (500g),North,2023-07-03,5578,49.32,36.3,No_Festival,7,No,No
Dahi / Curd (500g),North,2023-07-10,5268,48.93,36.1,No_Festival,6,No,No
Dahi / Curd (500g),North,2023-07-17,6300,48.92,35.4,No_Festival,7,No,No
Dahi / Curd (500g),North,2023-07-24,3156,49.32,37.4,No_Festival,4,No,No
Dahi / Curd (500g),North,2023-07-31,3193,49.11,34.6,No_Festival,4,No,No
Dahi / Curd (500g),North,2023-08-07,3380,48.95,35.0,No_Festival,5,No,No
Dahi / Curd (500g),North,2023-08-14,4773,49.49,33.3,No_Festival,6,No,No
Dahi / Curd (500g),North,2023-08-21,2947,49.24,34.2,No_Festival,4,No,No
Dahi / Curd (500g),North,2023-08-28,4975,49.41,32.6,Raksha Bandhan,6,Yes,Yes
Dahi / Curd (500g),North,2023-09-04,5972,49.21,31.2,Janmashtami,7,Yes,Yes
Dahi / Curd (500g),North,2023-09-11,3826,49.74,31.5,No_Festival,5,No,No
Dahi / Curd (500g),North,2023-09-18,4429,49.79,31.6,No_Festival,6,No,No
Dahi / Curd (500g),North,2023-09-25,5151,49.54,32.4,No_Festival,6,No,No
Dahi / Curd (500g),North,2023-10-02,5416,49.97,25.4,Gandhi Jayanti,6,Yes,Yes
Dahi / Curd (500g),North,2023-10-09,3836,49.1,26.4,No_Festival,5,No,No
Dahi / Curd (500g),North,2023-10-16,3836,50.12,25.7,No_Festival,4,No,No
Dahi / Curd (500g),North,2023-10-23,4955,49.27,27.3,No_Festival,6,No,No
Dahi / Curd (500g),North,2023-10-30,7727,49.24,20.0,No_Festival,7,No,No
Dahi / Curd (500g),North,2023-11-06,3555,49.06,18.5,No_Festival,6,No,No
Dahi / Curd (500g),North,2023-11-13,5281,49.75,18.5,No_Festival,6,No,No
Dahi / Curd (500g),North,2023-11-20,5065,49.91,19.3,No_Festival,6,No,No
Dahi / Curd (500g),North,2023-11-27,4373,50.32,16.0,Guru Nanak Jayanti,6,Yes,Yes
Dahi / Curd (500g),North,2023-12-04,4635,49.66,14.8,No_Festival,6,No,No
Dahi / Curd (500g),North,2023-12-11,4689,49.97,13.8,No_Festival,6,No,No
Dahi / Curd (500g),North,2023-12-18,5384,49.29,14.3,No_Festival,6,No,No
Dahi / Curd (500g),North,2023-12-25,5750,49.51,12.8,Christmas,6,Yes,Yes
Dahi / Curd (500g),South,2020-12-28,1106,44.15,28.3,No_Festival,1,No,No
Dahi / Curd (500g),South,2021-01-04,4178,44.97,24.5,No_Festival,5,No,No
Dahi / Curd (500g),South,2021-01-11,4832,45.42,25.4,Makar Sankranti,6,Yes,Yes
Dahi / Curd (500g),South,2021-01-18,5865,44.95,26.7,No_Festival,7,No,No
Dahi / Curd (500g),South,2021-01-25,4148,45.38,24.4,Republic Day,5,Yes,Yes
Dahi / Curd (500g),South,2021-02-01,2753,45.34,25.2,No_Festival,4,No,No
Dahi / Curd (500g),South,2021-02-08,5420,45.39,26.3,No_Festival,6,No,No
Dahi / Curd (500g),South,2021-02-15,3083,44.49,27.4,No_Festival,4,No,No
Dahi / Curd (500g),South,2021-02-22,3091,44.46,27.2,No_Festival,5,No,No
Dahi / Curd (500g),South,2021-03-01,6156,45.45,30.5,No_Festival,6,No,No
Dahi / Curd (500g),South,2021-03-08,4334,44.43,29.1,No_Festival,6,No,No
Dahi / Curd (500g),South,2021-03-15,4551,45.12,29.6,No_Festival,6,No,No
Dahi / Curd (500g),South,2021-03-22,4709,44.82,29.6,Holi,6,Yes,Yes
Dahi / Curd (500g),South,2021-03-29,3652,45.1,32.8,No_Festival,5,No,No
Dahi / Curd (500g),South,2021-04-05,4137,44.34,32.7,No_Festival,4,No,No
Dahi / Curd (500g),South,2021-04-12,5395,44.51,32.0,Baisakhi,6,Yes,Yes
Dahi / Curd (500g),South,2021-04-19,5788,44.95,31.9,No_Festival,6,No,No
Dahi / Curd (500g),South,2021-04-26,3788,45.51,34.1,No_Festival,5,No,No
Dahi / Curd (500g),South,2021-05-03,4747,44.59,36.2,No_Festival,6,No,No
Dahi / Curd (500g),South,2021-05-10,4789,44.92,34.0,No_Festival,7,No,Yes
Dahi / Curd (500g),South,2021-05-17,4521,45.09,32.3,No_Festival,5,No,No
Dahi / Curd (500g),South,2021-05-24,3515,45.5,36.2,No_Festival,4,No,No
Dahi / Curd (500g),South,2021-05-31,2754,44.6,30.8,No_Festival,3,No,No
Dahi / Curd (500g),South,2021-06-07,5016,44.99,30.5,No_Festival,5,No,No
Dahi / Curd (500g),South,2021-06-14,5518,44.95,29.7,No_Festival,6,No,No
Dahi / Curd (500g),South,2021-06-21,2651,45.47,30.0,No_Festival,3,No,No
Dahi / Curd (500g),South,2021-06-28,4588,45.1,29.3,No_Festival,5,No,No
Dahi / Curd (500g),South,2021-07-05,3658,44.84,28.5,No_Festival,5,No,No
Dahi / Curd (500g),South,2021-07-12,3024,45.49,27.5,No_Festival,4,No,No
Dahi / Curd (500g),South,2021-07-19,3048,45.49,26.3,No_Festival,5,No,No
Dahi / Curd (500g),South,2021-07-26,4459,45.08,28.3,No_Festival,6,No,No
Dahi / Curd (500g),South,2021-08-02,2747,45.74,26.6,No_Festival,3,No,No
Dahi / Curd (500g),South,2021-08-09,3024,44.73,29.4,Independence Day,3,Yes,Yes
Dahi / Curd (500g),South,2021-08-16,6024,44.29,27.8,Raksha Bandhan,6,Yes,Yes
Dahi / Curd (500g),South,2021-08-23,4253,45.24,29.4,No_Festival,4,No,No
Dahi / Curd (500g),South,2021-08-30,3429,44.83,29.7,Janmashtami,4,Yes,Yes
Dahi / Curd (500g),South,2021-09-06,4652,45.09,27.6,No_Festival,7,No,No
Dahi / Curd (500g),South,2021-09-13,5593,45.26,27.9,No_Festival,7,No,No
Dahi / Curd (500g),South,2021-09-20,4982,45.26,28.1,No_Festival,6,No,No
Dahi / Curd (500g),South,2021-09-27,4241,45.06,27.6,No_Festival,5,No,No
Dahi / Curd (500g),South,2021-10-04,4716,44.89,28.9,No_Festival,6,No,No
Dahi / Curd (500g),South,2021-10-11,6213,44.06,28.3,Navratri,7,Yes,Yes
Dahi / Curd (500g),South,2021-10-18,4867,44.91,28.0,No_Festival,7,No,No
Dahi / Curd (500g),South,2021-10-25,4297,44.66,27.8,No_Festival,6,No,No
Dahi / Curd (500g),South,2021-11-01,2812,44.4,24.4,Diwali,4,Yes,Yes
Dahi / Curd (500g),South,2021-11-08,5216,45.03,27.0,No_Festival,6,No,No
Dahi / Curd (500g),South,2021-11-15,1494,44.37,24.6,Guru Nanak Jayanti,1,Yes,Yes
Dahi / Curd (500g),South,2021-11-22,4253,45.5,24.6,No_Festival,5,No,No
Dahi / Curd (500g),South,2021-11-29,2084,44.63,24.8,No_Festival,3,No,No
Dahi / Curd (500g),South,2021-12-06,4959,44.6,24.3,No_Festival,6,No,No
Dahi / Curd (500g),South,2021-12-13,2884,44.92,24.7,No_Festival,4,No,No
Dahi / Curd (500g),South,2021-12-20,5101,44.79,24.8,Christmas,5,Yes,Yes
Dahi / Curd (500g),South,2021-12-27,4024,45.59,24.4,No_Festival,4,No,No
Dahi / Curd (500g),South,2022-01-03,5172,47.15,25.6,No_Festival,7,No,No
Dahi / Curd (500g),South,2022-01-10,5341,47.26,26.3,Makar Sankranti,7,Yes,Yes
Dahi / Curd (500g),South,2022-01-17,3071,47.88,24.7,No_Festival,4,No,No
Dahi / Curd (500g),South,2022-01-24,3399,47.5,27.0,No_Festival,4,No,No
Dahi / Curd (500g),South,2022-01-31,5141,47.15,28.4,No_Festival,5,No,No
Dahi / Curd (500g),South,2022-02-07,2917,47.51,25.4,No_Festival,4,No,No
Dahi / Curd (500g),South,2022-02-14,4561,47.26,27.6,No_Festival,6,No,No
Dahi / Curd (500g),South,2022-02-21,4181,47.3,26.7,No_Festival,5,No,No
Dahi / Curd (500g),South,2022-02-28,5202,47.0,28.8,No_Festival,6,No,No
Dahi / Curd (500g),South,2022-03-07,3408,47.21,29.8,No_Festival,4,No,No
Dahi / Curd (500g),South,2022-03-14,5798,46.75,28.2,Holi,6,Yes,Yes
Dahi / Curd (500g),South,2022-03-21,5023,48.11,28.6,No_Festival,6,No,No
Dahi / Curd (500g),South,2022-03-28,4809,47.09,31.6,No_Festival,5,No,No
Dahi / Curd (500g),South,2022-04-04,4444,47.24,32.6,No_Festival,4,No,No
Dahi / Curd (500g),South,2022-04-11,4612,47.78,33.3,Baisakhi,4,Yes,Yes
Dahi / Curd (500g),South,2022-04-18,5461,47.24,33.5,No_Festival,7,No,No
Dahi / Curd (500g),South,2022-04-25,4366,47.11,31.1,No_Festival,5,No,No
Dahi / Curd (500g),South,2022-05-02,4735,47.18,35.5,No_Festival,5,No,Yes
Dahi / Curd (500g),South,2022-05-09,3523,47.18,34.4,No_Festival,5,No,No
Dahi / Curd (500g),South,2022-05-16,4819,46.82,34.2,No_Festival,6,No,No
Dahi / Curd (500g),South,2022-05-23,4568,47.53,35.1,No_Festival,6,No,No
Dahi / Curd (500g),South,2022-05-30,3783,47.17,30.9,No_Festival,5,No,No
Dahi / Curd (500g),South,2022-06-06,5187,47.08,29.3,No_Festival,7,No,No
Dahi / Curd (500g),South,2022-06-13,3465,46.77,30.0,No_Festival,5,No,No
Dahi / Curd (500g),South,2022-06-20,4466,47.21,29.4,No_Festival,6,No,No
Dahi / Curd (500g),South,2022-06-27,3879,47.5,28.0,No_Festival,5,No,No
Dahi / Curd (500g),South,2022-07-04,7379,47.92,26.9,No_Festival,7,No,Yes
Dahi / Curd (500g),South,2022-07-11,4448,46.82,29.4,No_Festival,6,No,No
Dahi / Curd (500g),South,2022-07-18,5239,47.16,27.7,No_Festival,6,No,No
Dahi / Curd (500g),South,2022-07-25,5396,46.9,28.6,No_Festival,6,No,No
Dahi / Curd (500g),South,2022-08-01,5065,46.86,27.5,No_Festival,5,No,No
Dahi / Curd (500g),South,2022-08-08,4211,46.96,28.3,No_Festival,6,No,No
Dahi / Curd (500g),South,2022-08-15,3880,46.83,26.7,No_Festival,4,No,No
Dahi / Curd (500g),South,2022-08-22,5608,47.56,28.5,No_Festival,6,No,No
Dahi / Curd (500g),South,2022-08-29,6180,46.81,28.8,No_Festival,7,No,No
Dahi / Curd (500g),South,2022-09-05,2507,47.7,30.5,No_Festival,4,No,No
Dahi / Curd (500g),South,2022-09-12,3618,47.29,28.5,No_Festival,5,No,No
Dahi / Curd (500g),South,2022-09-19,3718,47.45,28.2,No_Festival,5,No,No
Dahi / Curd (500g),South,2022-09-26,3714,47.6,27.8,No_Festival,5,No,No
Dahi / Curd (500g),South,2022-10-03,5527,47.31,30.1,No_Festival,6,No,No
Dahi / Curd (500g),South,2022-10-10,5226,47.57,29.1,No_Festival,6,No,No
Dahi / Curd (500g),South,2022-10-17,5044,47.12,28.2,No_Festival,6,No,No
Dahi / Curd (500g),South,2022-10-24,6316,47.14,28.1,Diwali,7,Yes,Yes
Dahi / Curd (500g),South,2022-10-31,2819,47.52,27.1,No_Festival,4,No,No
Dahi / Curd (500g),South,2022-11-07,5834,47.46,27.4,Guru Nanak Jayanti,6,Yes,Yes
Dahi / Curd (500g),South,2022-11-14,5262,47.18,25.3,No_Festival,6,No,No
Dahi / Curd (500g),South,2022-11-21,4996,47.05,24.0,No_Festival,6,No,No
Dahi / Curd (500g),South,2022-11-28,6156,47.31,26.1,No_Festival,7,No,No
Dahi / Curd (500g),South,2022-12-05,5465,46.74,24.2,No_Festival,5,No,No
Dahi / Curd (500g),South,2022-12-12,2331,46.45,25.0,No_Festival,3,No,No
Dahi / Curd (500g),South,2022-12-19,5328,47.53,25.5,Christmas,5,Yes,Yes
Dahi / Curd (500g),South,2022-12-26,4045,46.9,25.2,No_Festival,6,No,No
Dahi / Curd (500g),South,2023-01-02,3201,49.16,27.0,No_Festival,4,No,No
Dahi / Curd (500g),South,2023-01-09,3608,49.15,25.0,Makar Sankranti,5,Yes,Yes
Dahi / Curd (500g),South,2023-01-16,4214,49.33,26.0,No_Festival,5,No,No
Dahi / Curd (500g),South,2023-01-23,3980,48.85,24.7,Republic Day,4,Yes,Yes
Dahi / Curd (500g),South,2023-01-30,6456,49.79,25.9,No_Festival,7,No,No
Dahi / Curd (500g),South,2023-02-06,2441,49.15,27.1,No_Festival,3,No,No
Dahi / Curd (500g),South,2023-02-13,4470,49.37,27.0,No_Festival,6,No,No
Dahi / Curd (500g),South,2023-02-20,2776,50.04,26.7,No_Festival,4,No,No
Dahi / Curd (500g),South,2023-02-27,3150,49.51,27.8,No_Festival,4,No,No
Dahi / Curd (500g),South,2023-03-06,5585,49.34,29.6,No_Festival,6,No,No
Dahi / Curd (500g),South,2023-03-13,6211,48.98,29.6,No_Festival,6,No,No
Dahi / Curd (500g),South,2023-03-20,4834,48.99,29.4,No_Festival,5,No,No
Dahi / Curd (500g),South,2023-03-27,3959,49.79,30.9,No_Festival,5,No,No
Dahi / Curd (500g),South,2023-04-03,5028,49.71,31.7,No_Festival,6,No,No
Dahi / Curd (500g),South,2023-04-10,2351,49.38,34.1,No_Festival,3,No,No
Dahi / Curd (500g),South,2023-04-17,6649,48.88,33.4,No_Festival,7,No,Yes
Dahi / Curd (500g),South,2023-04-24,4216,49.65,32.4,No_Festival,5,No,No
Dahi / Curd (500g),South,2023-05-01,3806,49.54,34.2,No_Festival,4,No,No
Dahi / Curd (500g),South,2023-05-08,3201,48.64,33.8,No_Festival,4,No,No
Dahi / Curd (500g),South,2023-05-15,3585,49.13,34.3,No_Festival,5,No,No
Dahi / Curd (500g),South,2023-05-22,4737,49.5,34.7,No_Festival,6,No,No
Dahi / Curd (500g),South,2023-05-29,2873,48.94,32.0,No_Festival,4,No,No
Dahi / Curd (500g),South,2023-06-05,5882,49.17,29.7,No_Festival,6,No,No
Dahi / Curd (500g),South,2023-06-12,5159,49.55,30.9,No_Festival,6,No,No
Dahi / Curd (500g),South,2023-06-19,5375,49.59,30.4,No_Festival,6,No,No
Dahi / Curd (500g),South,2023-06-26,4151,48.72,30.8,No_Festival,6,No,Yes
Dahi / Curd (500g),South,2023-07-03,3729,49.4,28.7,No_Festival,4,No,No
Dahi / Curd (500g),South,2023-07-10,2943,49.66,28.8,No_Festival,4,No,No
Dahi / Curd (500g),South,2023-07-17,1434,50.44,25.0,No_Festival,2,No,No
Dahi / Curd (500g),South,2023-07-24,3129,49.45,26.7,No_Festival,3,No,No
Dahi / Curd (500g),South,2023-07-31,4802,49.84,27.9,No_Festival,6,No,No
Dahi / Curd (500g),South,2023-08-07,3451,49.53,27.4,No_Festival,4,No,No
Dahi / Curd (500g),South,2023-08-14,4803,49.5,27.6,Independence Day,5,Yes,Yes
Dahi / Curd (500g),South,2023-08-21,4288,49.54,28.4,No_Festival,6,No,No
Dahi / Curd (500g),South,2023-08-28,6329,49.22,27.4,Raksha Bandhan,6,Yes,Yes
Dahi / Curd (500g),South,2023-09-04,5117,49.61,27.8,No_Festival,5,No,No
Dahi / Curd (500g),South,2023-09-11,5674,49.68,28.3,No_Festival,6,No,No
Dahi / Curd (500g),South,2023-09-18,5006,49.89,29.5,No_Festival,6,No,No
Dahi / Curd (500g),South,2023-09-25,5801,49.78,27.8,No_Festival,6,No,No
Dahi / Curd (500g),South,2023-10-02,3006,50.0,29.0,Gandhi Jayanti,3,Yes,Yes
Dahi / Curd (500g),South,2023-10-09,5046,49.75,27.8,No_Festival,6,No,No
Dahi / Curd (500g),South,2023-10-16,2606,49.0,29.5,No_Festival,3,No,No
Dahi / Curd (500g),South,2023-10-23,6266,49.14,27.2,No_Festival,7,No,No
Dahi / Curd (500g),South,2023-10-30,6072,49.69,27.4,No_Festival,7,No,No
Dahi / Curd (500g),South,2023-11-06,3614,49.16,25.9,Diwali,5,Yes,Yes
Dahi / Curd (500g),South,2023-11-13,3286,49.39,27.4,No_Festival,4,No,No
Dahi / Curd (500g),South,2023-11-20,4255,49.14,27.4,No_Festival,5,No,No
Dahi / Curd (500g),South,2023-11-27,4144,49.12,24.3,Guru Nanak Jayanti,6,Yes,Yes
Dahi / Curd (500g),South,2023-12-04,6073,49.4,26.3,No_Festival,6,No,No
Dahi / Curd (500g),South,2023-12-11,3630,49.94,26.3,No_Festival,5,No,No
Dahi / Curd (500g),South,2023-12-18,5380,50.31,24.7,No_Festival,6,No,No
Dahi / Curd (500g),South,2023-12-25,4253,49.91,25.2,Christmas,5,Yes,Yes
Dahi / Curd (500g),West,2020-12-28,2298,45.17,22.4,No_Festival,3,No,No
Dahi / Curd (500g),West,2021-01-04,2729,44.82,21.2,No_Festival,4,No,No
Dahi / Curd (500g),West,2021-01-11,6133,45.13,22.5,Makar Sankranti,6,Yes,Yes
Dahi / Curd (500g),West,2021-01-18,5261,44.4,23.0,No_Festival,6,No,No
Dahi / Curd (500g),West,2021-01-25,5824,44.85,21.6,Republic Day,6,Yes,Yes
Dahi / Curd (500g),West,2021-02-01,1855,45.16,22.2,No_Festival,3,No,No
Dahi / Curd (500g),West,2021-02-08,6118,44.62,23.2,No_Festival,6,No,No
Dahi / Curd (500g),West,2021-02-15,3429,44.84,24.1,No_Festival,4,No,No
Dahi / Curd (500g),West,2021-02-22,4056,45.08,22.2,No_Festival,5,No,No
Dahi / Curd (500g),West,2021-03-01,3278,44.83,27.9,No_Festival,5,No,No
Dahi / Curd (500g),West,2021-03-08,2432,45.05,28.9,No_Festival,4,No,No
Dahi / Curd (500g),West,2021-03-15,5279,45.34,27.5,No_Festival,6,No,No
Dahi / Curd (500g),West,2021-03-22,6228,45.18,26.8,Holi,6,Yes,Yes
Dahi / Curd (500g),West,2021-03-29,5524,45.21,29.4,No_Festival,7,No,No
Dahi / Curd (500g),West,2021-04-05,4264,44.98,33.0,No_Festival,5,No,No
Dahi / Curd (500g),West,2021-04-12,3938,44.82,29.8,No_Festival,6,No,No
Dahi / Curd (500g),West,2021-04-19,5851,45.2,31.6,No_Festival,6,No,No
Dahi / Curd (500g),West,2021-04-26,4397,44.82,34.2,No_Festival,7,No,No
Dahi / Curd (500g),West,2021-05-03,4430,45.49,35.2,No_Festival,6,No,No
Dahi / Curd (500g),West,2021-05-10,3680,45.61,35.1,No_Festival,5,No,No
Dahi / Curd (500g),West,2021-05-17,4079,44.94,35.7,No_Festival,6,No,No
Dahi / Curd (500g),West,2021-05-24,4622,45.12,35.8,No_Festival,6,No,No
Dahi / Curd (500g),West,2021-05-31,3394,44.92,33.2,No_Festival,4,No,No
Dahi / Curd (500g),West,2021-06-07,3815,44.89,32.2,No_Festival,6,No,No
Dahi / Curd (500g),West,2021-06-14,3187,44.65,31.7,No_Festival,5,No,No
Dahi / Curd (500g),West,2021-06-21,4828,44.47,30.8,No_Festival,5,No,No
Dahi / Curd (500g),West,2021-06-28,4482,45.1,29.9,No_Festival,5,No,No
Dahi / Curd (500g),West,2021-07-05,5988,44.66,29.3,No_Festival,6,No,No
Dahi / Curd (500g),West,2021-07-12,2943,45.04,27.8,No_Festival,4,No,No
Dahi / Curd (500g),West,2021-07-19,3629,44.5,29.3,No_Festival,5,No,No
Dahi / Curd (500g),West,2021-07-26,4160,44.78,29.7,No_Festival,6,No,No
Dahi / Curd (500g),West,2021-08-02,3250,45.18,27.2,No_Festival,4,No,No
Dahi / Curd (500g),West,2021-08-09,6913,44.83,27.3,Independence Day,7,Yes,Yes
Dahi / Curd (500g),West,2021-08-16,3917,45.05,27.8,Raksha Bandhan,4,Yes,Yes
Dahi / Curd (500g),West,2021-08-23,1415,45.39,27.6,No_Festival,2,No,No
Dahi / Curd (500g),West,2021-08-30,6793,45.39,29.1,Janmashtami,7,Yes,Yes
Dahi / Curd (500g),West,2021-09-06,3943,45.07,29.4,No_Festival,6,No,No
Dahi / Curd (500g),West,2021-09-13,5261,44.76,29.4,No_Festival,6,No,No
Dahi / Curd (500g),West,2021-09-20,6500,45.09,27.9,No_Festival,7,No,No
Dahi / Curd (500g),West,2021-09-27,3912,45.07,29.5,No_Festival,5,No,No
Dahi / Curd (500g),West,2021-10-04,6264,44.95,30.2,No_Festival,7,No,No
Dahi / Curd (500g),West,2021-10-11,2157,45.24,29.4,No_Festival,2,No,No
Dahi / Curd (500g),West,2021-10-18,3537,45.16,31.4,No_Festival,4,No,No
Dahi / Curd (500g),West,2021-10-25,4755,44.7,30.3,No_Festival,5,No,No
Dahi / Curd (500g),West,2021-11-01,3787,44.99,25.8,No_Festival,5,No,No
Dahi / Curd (500g),West,2021-11-08,4871,45.15,26.8,No_Festival,6,No,No
Dahi / Curd (500g),West,2021-11-15,3740,45.62,25.0,No_Festival,4,No,No
Dahi / Curd (500g),West,2021-11-22,2316,44.58,24.7,No_Festival,4,No,No
Dahi / Curd (500g),West,2021-11-29,3417,45.05,22.3,No_Festival,5,No,No
Dahi / Curd (500g),West,2021-12-06,4983,44.9,21.8,No_Festival,6,No,No
Dahi / Curd (500g),West,2021-12-13,3857,44.88,22.7,No_Festival,4,No,No
Dahi / Curd (500g),West,2021-12-20,4209,45.71,23.4,No_Festival,5,No,No
Dahi / Curd (500g),West,2021-12-27,5163,46.09,21.8,No_Festival,6,No,No
Dahi / Curd (500g),West,2022-01-03,3504,46.42,21.8,No_Festival,4,No,No
Dahi / Curd (500g),West,2022-01-10,6672,47.04,22.3,Makar Sankranti,7,Yes,Yes
Dahi / Curd (500g),West,2022-01-17,6873,46.76,21.6,No_Festival,7,No,No
Dahi / Curd (500g),West,2022-01-24,3669,47.48,22.2,Republic Day,5,Yes,Yes
Dahi / Curd (500g),West,2022-01-31,4612,47.13,24.1,No_Festival,6,No,No
Dahi / Curd (500g),West,2022-02-07,4098,47.44,24.9,No_Festival,5,No,No
Dahi / Curd (500g),West,2022-02-14,4724,47.53,23.9,No_Festival,5,No,No
Dahi / Curd (500g),West,2022-02-21,3108,46.92,24.8,No_Festival,4,No,No
Dahi / Curd (500g),West,2022-02-28,6403,46.89,27.6,No_Festival,7,No,No
Dahi / Curd (500g),West,2022-03-07,2463,47.02,27.4,No_Festival,4,No,No
Dahi / Curd (500g),West,2022-03-14,4308,47.03,27.3,No_Festival,5,No,No
Dahi / Curd (500g),West,2022-03-21,5360,47.27,27.4,No_Festival,7,No,No
Dahi / Curd (500g),West,2022-03-28,3145,46.8,30.4,No_Festival,5,No,No
Dahi / Curd (500g),West,2022-04-04,5392,47.16,32.1,No_Festival,7,No,No
Dahi / Curd (500g),West,2022-04-11,4366,47.45,31.1,Baisakhi,5,Yes,Yes
Dahi / Curd (500g),West,2022-04-18,5658,47.17,32.0,No_Festival,7,No,No
Dahi / Curd (500g),West,2022-04-25,2533,48.3,30.0,No_Festival,3,No,No
Dahi / Curd (500g),West,2022-05-02,4699,47.29,34.4,No_Festival,6,No,Yes
Dahi / Curd (500g),West,2022-05-09,5042,46.73,37.1,No_Festival,6,No,No
Dahi / Curd (500g),West,2022-05-16,4251,47.44,36.9,No_Festival,5,No,No
Dahi / Curd (500g),West,2022-05-23,3598,47.31,35.3,No_Festival,5,No,No
Dahi / Curd (500g),West,2022-05-30,6828,46.73,33.1,No_Festival,7,No,No
Dahi / Curd (500g),West,2022-06-06,4638,46.37,31.3,No_Festival,5,No,No
Dahi / Curd (500g),West,2022-06-13,4334,47.14,31.5,No_Festival,7,No,No
Dahi / Curd (500g),West,2022-06-20,5040,47.49,31.5,No_Festival,5,No,No
Dahi / Curd (500g),West,2022-06-27,4189,47.59,31.6,No_Festival,5,No,No
Dahi / Curd (500g),West,2022-07-04,2349,47.07,28.2,No_Festival,3,No,No
Dahi / Curd (500g),West,2022-07-11,3963,47.71,28.1,No_Festival,5,No,No
Dahi / Curd (500g),West,2022-07-18,5221,47.37,29.1,No_Festival,6,No,No
Dahi / Curd (500g),West,2022-07-25,2799,46.94,27.2,No_Festival,4,No,No
Dahi / Curd (500g),West,2022-08-01,3737,47.32,27.3,No_Festival,5,No,No
Dahi / Curd (500g),West,2022-08-08,4914,47.38,28.5,Raksha Bandhan,6,Yes,Yes
Dahi / Curd (500g),West,2022-08-15,6466,47.2,26.6,"Independence Day, Janmashtami",6,Yes,Yes
Dahi / Curd (500g),West,2022-08-22,3786,47.31,27.0,No_Festival,4,No,No
Dahi / Curd (500g),West,2022-08-29,5173,47.13,28.2,No_Festival,6,No,No
Dahi / Curd (500g),West,2022-09-05,4489,47.84,28.1,No_Festival,5,No,No
Dahi / Curd (500g),West,2022-09-12,3498,47.01,29.4,No_Festival,4,No,No
Dahi / Curd (500g),West,2022-09-19,2785,46.87,28.4,No_Festival,3,No,No
Dahi / Curd (500g),West,2022-09-26,5217,47.06,29.1,Gandhi Jayanti,6,Yes,Yes
Dahi / Curd (500g),West,2022-10-03,4083,47.07,31.2,No_Festival,6,No,No
Dahi / Curd (500g),West,2022-10-10,4942,47.44,31.5,No_Festival,5,No,No
Dahi / Curd (500g),West,2022-10-17,4984,47.39,28.6,No_Festival,6,No,No
Dahi / Curd (500g),West,2022-10-24,4063,47.95,29.7,Diwali,5,Yes,Yes
Dahi / Curd (500g),West,2022-10-31,5646,47.1,27.9,No_Festival,6,No,No
Dahi / Curd (500g),West,2022-11-07,3432,47.53,26.6,No_Festival,5,No,No
Dahi / Curd (500g),West,2022-11-14,4553,47.39,27.1,No_Festival,6,No,No
Dahi / Curd (500g),West,2022-11-21,4408,46.86,26.7,No_Festival,5,No,No
Dahi / Curd (500g),West,2022-11-28,5317,47.48,24.2,No_Festival,6,No,No
Dahi / Curd (500g),West,2022-12-05,4591,47.54,23.0,No_Festival,5,No,No
Dahi / Curd (500g),West,2022-12-12,3594,46.34,21.0,No_Festival,4,No,No
Dahi / Curd (500g),West,2022-12-19,3268,47.05,22.7,No_Festival,4,No,No
Dahi / Curd (500g),West,2022-12-26,6673,47.55,22.4,No_Festival,7,No,No
Dahi / Curd (500g),West,2023-01-02,4710,49.74,23.0,No_Festival,5,No,No
Dahi / Curd (500g),West,2023-01-09,5198,49.2,22.2,Makar Sankranti,5,Yes,Yes
Dahi / Curd (500g),West,2023-01-16,5056,49.08,22.6,No_Festival,6,No,No
Dahi / Curd (500g),West,2023-01-23,5818,49.72,22.8,Republic Day,6,Yes,Yes
Dahi / Curd (500g),West,2023-01-30,3225,50.03,23.8,No_Festival,5,No,No
Dahi / Curd (500g),West,2023-02-06,2447,50.07,22.4,No_Festival,4,No,No
Dahi / Curd (500g),West,2023-02-13,3273,49.22,26.0,No_Festival,4,No,No
Dahi / Curd (500g),West,2023-02-20,3913,50.64,25.5,No_Festival,4,No,No
Dahi / Curd (500g),West,2023-02-27,3764,49.12,27.0,No_Festival,5,No,No
Dahi / Curd (500g),West,2023-03-06,2978,49.48,28.6,No_Festival,4,No,No
Dahi / Curd (500g),West,2023-03-13,3070,49.46,26.4,No_Festival,4,No,No
Dahi / Curd (500g),West,2023-03-20,2322,49.53,26.7,No_Festival,3,No,No
Dahi / Curd (500g),West,2023-03-27,5460,49.96,28.2,No_Festival,6,No,No
Dahi / Curd (500g),West,2023-04-03,4566,49.6,32.3,No_Festival,6,No,No
Dahi / Curd (500g),West,2023-04-10,3016,49.49,31.3,Baisakhi,5,Yes,Yes
Dahi / Curd (500g),West,2023-04-17,3925,49.93,31.7,No_Festival,5,No,Yes
Dahi / Curd (500g),West,2023-04-24,3709,49.38,33.0,No_Festival,5,No,No
Dahi / Curd (500g),West,2023-05-01,4952,49.17,35.9,No_Festival,6,No,No
Dahi / Curd (500g),West,2023-05-08,5125,49.78,36.6,No_Festival,6,No,No
Dahi / Curd (500g),West,2023-05-15,4930,49.77,36.1,No_Festival,5,No,No
Dahi / Curd (500g),West,2023-05-22,3943,49.89,36.1,No_Festival,5,No,No
Dahi / Curd (500g),West,2023-05-29,3091,49.81,31.8,No_Festival,4,No,No
Dahi / Curd (500g),West,2023-06-05,5193,49.43,31.5,No_Festival,7,No,No
Dahi / Curd (500g),West,2023-06-12,4332,49.39,32.2,No_Festival,6,No,No
Dahi / Curd (500g),West,2023-06-19,3149,49.46,32.6,No_Festival,4,No,No
Dahi / Curd (500g),West,2023-06-26,2606,49.56,31.4,No_Festival,4,No,Yes
Dahi / Curd (500g),West,2023-07-03,2619,49.54,30.5,No_Festival,3,No,No
Dahi / Curd (500g),West,2023-07-10,4705,49.34,28.5,No_Festival,4,No,No
Dahi / Curd (500g),West,2023-07-17,4261,49.15,28.9,No_Festival,6,No,No
Dahi / Curd (500g),West,2023-07-24,4372,49.25,27.8,No_Festival,5,No,No
Dahi / Curd (500g),West,2023-07-31,2767,49.64,27.9,No_Festival,4,No,No
Dahi / Curd (500g),West,2023-08-07,3869,49.37,30.4,No_Festival,5,No,No
Dahi / Curd (500g),West,2023-08-14,5196,49.47,28.8,Independence Day,5,Yes,Yes
Dahi / Curd (500g),West,2023-08-21,4814,49.7,27.7,No_Festival,5,No,No
Dahi / Curd (500g),West,2023-08-28,6345,49.51,28.8,Raksha Bandhan,7,Yes,Yes
Dahi / Curd (500g),West,2023-09-04,3942,49.62,27.8,No_Festival,5,No,No
Dahi / Curd (500g),West,2023-09-11,4193,49.47,28.8,No_Festival,5,No,No
Dahi / Curd (500g),West,2023-09-18,3295,49.32,29.9,No_Festival,4,No,No
Dahi / Curd (500g),West,2023-09-25,2394,49.8,30.8,No_Festival,2,No,No
Dahi / Curd (500g),West,2023-10-02,3342,49.46,30.6,No_Festival,4,No,No
Dahi / Curd (500g),West,2023-10-09,3475,49.79,31.4,No_Festival,4,No,No
Dahi / Curd (500g),West,2023-10-16,3464,48.81,28.4,No_Festival,4,No,No
Dahi / Curd (500g),West,2023-10-23,5342,49.4,31.8,No_Festival,6,No,No
Dahi / Curd (500g),West,2023-10-30,2104,49.64,25.0,No_Festival,2,No,No
Dahi / Curd (500g),West,2023-11-06,4749,49.01,26.8,No_Festival,5,No,No
Dahi / Curd (500g),West,2023-11-13,5279,49.19,26.5,No_Festival,6,No,No
Dahi / Curd (500g),West,2023-11-20,4909,49.0,25.2,No_Festival,6,No,No
Dahi / Curd (500g),West,2023-11-27,6687,49.4,23.7,Guru Nanak Jayanti,7,Yes,Yes
Dahi / Curd (500g),West,2023-12-04,3358,49.46,21.9,No_Festival,4,No,No
Dahi / Curd (500g),West,2023-12-11,5862,49.98,22.2,No_Festival,7,No,No
Dahi / Curd (500g),West,2023-12-18,4604,49.76,22.3,No_Festival,6,No,No
Dahi / Curd (500g),West,2023-12-25,5617,49.96,21.7,Christmas,6,Yes,Yes
Flavoured Milk (200ml),Central,2020-12-28,1128,30.16,17.4,No_Festival,2,No,No
Flavoured Milk (200ml),Central,2021-01-04,2387,30.08,18.2,No_Festival,6,No,No
Flavoured Milk (200ml),Central,2021-01-11,3696,29.72,19.0,Makar Sankranti,5,Yes,Yes
Flavoured Milk (200ml),Central,2021-01-18,1182,29.6,20.6,No_Festival,2,No,No
Flavoured Milk (200ml),Central,2021-01-25,4189,30.02,17.1,Republic Day,7,Yes,Yes
Flavoured Milk (200ml),Central,2021-02-01,3164,30.07,19.9,No_Festival,5,No,No
Flavoured Milk (200ml),Central,2021-02-08,1885,30.67,21.8,No_Festival,3,No,No
Flavoured Milk (200ml),Central,2021-02-15,3501,29.92,21.8,No_Festival,6,No,No
Flavoured Milk (200ml),Central,2021-02-22,2973,30.32,20.7,No_Festival,5,No,No
Flavoured Milk (200ml),Central,2021-03-01,2331,29.96,26.5,No_Festival,4,No,No
Flavoured Milk (200ml),Central,2021-03-08,3663,29.82,26.6,No_Festival,6,No,No
Flavoured Milk (200ml),Central,2021-03-15,3045,29.96,28.5,No_Festival,6,No,No
Flavoured Milk (200ml),Central,2021-03-22,4488,29.92,27.4,Holi,6,Yes,Yes
Flavoured Milk (200ml),Central,2021-03-29,3541,29.84,30.6,No_Festival,5,No,No
Flavoured Milk (200ml),Central,2021-04-05,4562,30.22,31.6,No_Festival,6,No,No
Flavoured Milk (200ml),Central,2021-04-12,1942,30.41,32.6,Baisakhi,3,Yes,Yes
Flavoured Milk (200ml),Central,2021-04-19,2939,30.48,32.6,No_Festival,5,No,No
Flavoured Milk (200ml),Central,2021-04-26,2905,29.77,35.2,No_Festival,6,No,No
Flavoured Milk (200ml),Central,2021-05-03,3060,30.27,37.8,No_Festival,5,No,No
Flavoured Milk (200ml),Central,2021-05-10,2732,30.14,38.6,No_Festival,5,No,Yes
Flavoured Milk (200ml),Central,2021-05-17,4917,29.99,38.6,No_Festival,7,No,No
Flavoured Milk (200ml),Central,2021-05-24,2881,29.82,36.7,No_Festival,4,No,No
Flavoured Milk (200ml),Central,2021-05-31,4201,29.58,36.5,No_Festival,7,No,No
Flavoured Milk (200ml),Central,2021-06-07,2306,29.68,36.4,No_Festival,3,No,No
Flavoured Milk (200ml),Central,2021-06-14,3152,30.03,36.6,No_Festival,4,No,No
Flavoured Milk (200ml),Central,2021-06-21,4288,30.17,37.0,No_Festival,6,No,No
Flavoured Milk (200ml),Central,2021-06-28,1681,30.04,33.7,No_Festival,3,No,No
Flavoured Milk (200ml),Central,2021-07-05,2623,29.83,29.1,No_Festival,4,No,No
Flavoured Milk (200ml),Central,2021-07-12,3525,30.26,31.4,No_Festival,6,No,No
Flavoured Milk (200ml),Central,2021-07-19,2816,29.93,31.0,No_Festival,6,No,Yes
Flavoured Milk (200ml),Central,2021-07-26,3270,29.96,30.6,No_Festival,5,No,No
Flavoured Milk (200ml),Central,2021-08-02,2449,30.14,29.2,No_Festival,4,No,No
Flavoured Milk (200ml),Central,2021-08-09,4314,30.16,29.1,Independence Day,6,Yes,Yes
Flavoured Milk (200ml),Central,2021-08-16,3669,30.09,29.5,Raksha Bandhan,6,Yes,Yes
Flavoured Milk (200ml),Central,2021-08-23,3653,29.97,30.8,No_Festival,5,No,No
Flavoured Milk (200ml),Central,2021-08-30,4329,29.93,29.1,Janmashtami,6,Yes,Yes
Flavoured Milk (200ml),Central,2021-09-06,2433,30.25,30.1,No_Festival,5,No,No
Flavoured Milk (200ml),Central,2021-09-13,2806,29.81,29.1,No_Festival,5,No,No
Flavoured Milk (200ml),Central,2021-09-20,3239,30.27,30.4,No_Festival,5,No,No
Flavoured Milk (200ml),Central,2021-09-27,3554,29.68,28.9,Gandhi Jayanti,5,Yes,Yes
Flavoured Milk (200ml),Central,2021-10-04,2325,29.74,28.2,No_Festival,5,No,No
Flavoured Milk (200ml),Central,2021-10-11,3151,29.85,28.2,No_Festival,6,No,No
Flavoured Milk (200ml),Central,2021-10-18,3194,29.88,28.4,No_Festival,5,No,No
Flavoured Milk (200ml),Central,2021-10-25,3727,29.93,27.7,No_Festival,7,No,No
Flavoured Milk (200ml),Central,2021-11-01,4487,29.89,22.8,Diwali,6,Yes,Yes
Flavoured Milk (200ml),Central,2021-11-08,4326,30.25,22.4,No_Festival,7,No,No
Flavoured Milk (200ml),Central,2021-11-15,4332,30.03,22.7,Guru Nanak Jayanti,6,Yes,Yes
Flavoured Milk (200ml),Central,2021-11-22,3800,29.99,23.7,No_Festival,5,No,No
Flavoured Milk (200ml),Central,2021-11-29,3128,29.95,18.3,No_Festival,6,No,No
Flavoured Milk (200ml),Central,2021-12-06,3230,30.09,19.7,No_Festival,5,No,No
Flavoured Milk (200ml),Central,2021-12-13,3016,29.63,18.7,No_Festival,5,No,No
Flavoured Milk (200ml),Central,2021-12-20,4389,30.07,17.1,Christmas,6,Yes,Yes
Flavoured Milk (200ml),Central,2021-12-27,3707,30.76,17.6,No_Festival,6,No,No
Flavoured Milk (200ml),Central,2022-01-03,3272,31.27,19.5,No_Festival,5,No,No
Flavoured Milk (200ml),Central,2022-01-10,3142,31.77,17.9,No_Festival,4,No,No
Flavoured Milk (200ml),Central,2022-01-17,4281,31.29,17.3,No_Festival,7,No,No
Flavoured Milk (200ml),Central,2022-01-24,2767,31.19,17.8,No_Festival,4,No,No
Flavoured Milk (200ml),Central,2022-01-31,3809,31.36,19.2,No_Festival,6,No,No
Flavoured Milk (200ml),Central,2022-02-07,3829,31.26,22.7,No_Festival,6,No,No
Flavoured Milk (200ml),Central,2022-02-14,2786,31.82,22.0,No_Festival,6,No,No
Flavoured Milk (200ml),Central,2022-02-21,2576,31.61,20.2,No_Festival,5,No,No
Flavoured Milk (200ml),Central,2022-02-28,2348,31.52,24.2,No_Festival,4,No,No
Flavoured Milk (200ml),Central,2022-03-07,3693,31.19,27.6,No_Festival,6,No,No
Flavoured Milk (200ml),Central,2022-03-14,3242,31.22,27.4,Holi,5,Yes,Yes
Flavoured Milk (200ml),Central,2022-03-21,2736,31.49,27.9,No_Festival,5,No,No
Flavoured Milk (200ml),Central,2022-03-28,2361,31.86,29.5,No_Festival,5,No,No
Flavoured Milk (200ml),Central,2022-04-04,3649,31.44,34.6,No_Festival,6,No,No
Flavoured Milk (200ml),Central,2022-04-11,3720,31.11,32.2,Baisakhi,6,Yes,Yes
Flavoured Milk (200ml),Central,2022-04-18,3752,31.79,32.2,No_Festival,7,No,No
Flavoured Milk (200ml),Central,2022-04-25,4149,31.37,32.9,No_Festival,6,No,No
Flavoured Milk (200ml),Central,2022-05-02,3281,31.42,38.5,No_Festival,5,No,Yes
Flavoured Milk (200ml),Central,2022-05-09,4659,31.55,39.0,No_Festival,7,No,No
Flavoured Milk (200ml),Central,2022-05-16,3785,31.85,38.1,No_Festival,6,No,No
Flavoured Milk (200ml),Central,2022-05-23,3064,31.53,37.5,No_Festival,5,No,No
Flavoured Milk (200ml),Central,2022-05-30,3806,31.84,36.7,No_Festival,6,No,No
Flavoured Milk (200ml),Central,2022-06-06,3120,31.61,36.2,No_Festival,4,No,No
Flavoured Milk (200ml),Central,2022-06-13,3514,31.54,35.5,No_Festival,5,No,No
Flavoured Milk (200ml),Central,2022-06-20,5352,31.49,35.7,No_Festival,7,No,No
Flavoured Milk (200ml),Central,2022-06-27,3341,31.65,36.1,No_Festival,5,No,No
Flavoured Milk (200ml),Central,2022-07-04,4241,31.25,30.7,No_Festival,6,No,No
Flavoured Milk (200ml),Central,2022-07-11,3056,31.6,30.9,No_Festival,5,No,No
Flavoured Milk (200ml),Central,2022-07-18,939,31.2,30.6,No_Festival,2,No,No
Flavoured Milk (200ml),Central,2022-07-25,3911,31.91,31.6,No_Festival,7,No,No
Flavoured Milk (200ml),Central,2022-08-01,2828,31.38,29.1,No_Festival,6,No,No
Flavoured Milk (200ml),Central,2022-08-08,4250,31.34,31.2,Raksha Bandhan,6,Yes,Yes
Flavoured Milk (200ml),Central,2022-08-15,4141,30.99,30.9,"Independence Day, Janmashtami",7,Yes,Yes
Flavoured Milk (200ml),Central,2022-08-22,2327,31.67,31.2,No_Festival,4,No,No
Flavoured Milk (200ml),Central,2022-08-29,3156,31.19,30.1,No_Festival,5,No,No
Flavoured Milk (200ml),Central,2022-09-05,2668,31.83,30.1,No_Festival,5,No,No
Flavoured Milk (200ml),Central,2022-09-12,2556,31.58,30.8,No_Festival,4,No,No
Flavoured Milk (200ml),Central,2022-09-19,3753,31.18,31.1,No_Festival,7,No,No
Flavoured Milk (200ml),Central,2022-09-26,2963,31.49,29.6,No_Festival,5,No,No
Flavoured Milk (200ml),Central,2022-10-03,3664,32.08,29.4,No_Festival,5,No,No
Flavoured Milk (200ml),Central,2022-10-10,3698,31.54,27.7,No_Festival,5,No,No
Flavoured Milk (200ml),Central,2022-10-17,3703,31.34,26.6,No_Festival,6,No,No
Flavoured Milk (200ml),Central,2022-10-24,3388,31.91,28.6,Diwali,5,Yes,Yes
Flavoured Milk (200ml),Central,2022-10-31,3486,31.37,23.4,No_Festival,6,No,No
Flavoured Milk (200ml),Central,2022-11-07,3083,31.31,22.1,Guru Nanak Jayanti,6,Yes,Yes
Flavoured Milk (200ml),Central,2022-11-14,4443,31.36,22.1,No_Festival,6,No,No
Flavoured Milk (200ml),Central,2022-11-21,4054,31.49,22.4,No_Festival,5,No,No
Flavoured Milk (200ml),Central,2022-11-28,1926,31.36,19.5,No_Festival,3,No,No
Flavoured Milk (200ml),Central,2022-12-05,2533,31.68,19.2,No_Festival,4,No,No
Flavoured Milk (200ml),Central,2022-12-12,3336,31.72,18.0,No_Festival,5,No,No
Flavoured Milk (200ml),Central,2022-12-19,4526,31.44,17.0,Christmas,6,Yes,Yes
Flavoured Milk (200ml),Central,2022-12-26,3262,31.64,18.4,No_Festival,6,No,No
Flavoured Milk (200ml),Central,2023-01-02,3470,33.04,18.2,No_Festival,5,No,No
Flavoured Milk (200ml),Central,2023-01-09,4105,32.96,17.4,Makar Sankranti,6,Yes,Yes
Flavoured Milk (200ml),Central,2023-01-16,2528,33.4,19.0,No_Festival,4,No,No
Flavoured Milk (200ml),Central,2023-01-23,4291,32.91,17.2,Republic Day,5,Yes,Yes
Flavoured Milk (200ml),Central,2023-01-30,2087,33.13,18.8,No_Festival,4,No,No
Flavoured Milk (200ml),Central,2023-02-06,3402,32.95,22.6,No_Festival,5,No,No
Flavoured Milk (200ml),Central,2023-02-13,3854,33.39,21.6,No_Festival,6,No,No
Flavoured Milk (200ml),Central,2023-02-20,2890,32.85,19.8,No_Festival,4,No,No
Flavoured Milk (200ml),Central,2023-02-27,2229,33.12,25.2,No_Festival,4,No,No
Flavoured Milk (200ml),Central,2023-03-06,4559,33.11,27.3,Holi,6,Yes,Yes
Flavoured Milk (200ml),Central,2023-03-13,2947,33.16,26.1,No_Festival,5,No,No
Flavoured Milk (200ml),Central,2023-03-20,3417,33.02,28.5,No_Festival,6,No,No
Flavoured Milk (200ml),Central,2023-03-27,3107,32.52,27.0,No_Festival,6,No,No
Flavoured Milk (200ml),Central,2023-04-03,3031,33.27,32.6,No_Festival,5,No,No
Flavoured Milk (200ml),Central,2023-04-10,3720,33.11,33.1,Baisakhi,5,Yes,Yes
Flavoured Milk (200ml),Central,2023-04-17,2599,33.25,34.7,No_Festival,4,No,Yes
Flavoured Milk (200ml),Central,2023-04-24,2602,33.33,36.0,No_Festival,4,No,No
Flavoured Milk (200ml),Central,2023-05-01,2002,32.74,39.2,No_Festival,4,No,No
Flavoured Milk (200ml),Central,2023-05-08,4326,33.1,39.2,No_Festival,6,No,No
Flavoured Milk (200ml),Central,2023-05-15,3444,33.15,37.1,No_Festival,5,No,No
Flavoured Milk (200ml),Central,2023-05-22,3175,33.16,39.1,No_Festival,6,No,No
Flavoured Milk (200ml),Central,2023-05-29,2234,33.1,35.1,No_Festival,3,No,No
Flavoured Milk (200ml),Central,2023-06-05,2681,32.95,36.3,No_Festival,5,No,No
Flavoured Milk (200ml),Central,2023-06-12,3923,32.82,38.5,No_Festival,6,No,No
Flavoured Milk (200ml),Central,2023-06-19,4542,33.29,36.8,No_Festival,7,No,No
Flavoured Milk (200ml),Central,2023-06-26,3096,32.85,35.1,No_Festival,6,No,Yes
Flavoured Milk (200ml),Central,2023-07-03,3199,32.66,31.7,No_Festival,5,No,No
Flavoured Milk (200ml),Central,2023-07-10,2018,32.91,31.3,No_Festival,4,No,No
Flavoured Milk (200ml),Central,2023-07-17,2748,33.23,32.7,No_Festival,5,No,No
Flavoured Milk (200ml),Central,2023-07-24,2191,32.87,32.1,No_Festival,3,No,No
Flavoured Milk (200ml),Central,2023-07-31,4760,32.82,29.7,No_Festival,6,No,No
Flavoured Milk (200ml),Central,2023-08-07,3474,32.92,29.4,No_Festival,5,No,No
Flavoured Milk (200ml),Central,2023-08-14,1840,33.69,30.8,No_Festival,3,No,No
Flavoured Milk (200ml),Central,2023-08-21,4049,33.03,30.6,No_Festival,6,No,No
Flavoured Milk (200ml),Central,2023-08-28,5062,33.03,30.8,Raksha Bandhan,7,Yes,Yes
Flavoured Milk (200ml),Central,2023-09-04,3412,32.82,29.7,Janmashtami,6,Yes,Yes
Flavoured Milk (200ml),Central,2023-09-11,2595,33.02,29.2,No_Festival,4,No,No
Flavoured Milk (200ml),Central,2023-09-18,4532,33.29,30.6,No_Festival,7,No,No
Flavoured Milk (200ml),Central,2023-09-25,3116,32.82,30.5,No_Festival,6,No,No
Flavoured Milk (200ml),Central,2023-10-02,2547,32.91,28.2,Gandhi Jayanti,5,Yes,Yes
Flavoured Milk (200ml),Central,2023-10-09,1953,33.45,27.6,No_Festival,3,No,No
Flavoured Milk (200ml),Central,2023-10-16,3636,32.62,25.7,No_Festival,5,No,No
Flavoured Milk (200ml),Central,2023-10-23,2873,32.75,27.1,No_Festival,5,No,No
Flavoured Milk (200ml),Central,2023-10-30,3752,32.51,24.5,No_Festival,5,No,No
Flavoured Milk (200ml),Central,2023-11-06,2784,32.79,21.0,Diwali,5,Yes,Yes
Flavoured Milk (200ml),Central,2023-11-13,3678,32.96,22.9,No_Festival,5,No,No
Flavoured Milk (200ml),Central,2023-11-20,3089,33.06,22.3,No_Festival,6,No,No
Flavoured Milk (200ml),Central,2023-11-27,2434,32.87,22.2,Guru Nanak Jayanti,5,Yes,Yes
Flavoured Milk (200ml),Central,2023-12-04,3475,32.8,18.1,No_Festival,5,No,No
Flavoured Milk (200ml),Central,2023-12-11,3826,33.22,19.5,No_Festival,6,No,No
Flavoured Milk (200ml),Central,2023-12-18,4364,33.17,18.8,No_Festival,6,No,No
Flavoured Milk (200ml),Central,2023-12-25,3735,33.5,18.4,No_Festival,6,No,No
Flavoured Milk (200ml),East,2020-12-28,2226,30.5,17.6,No_Festival,3,No,No
Flavoured Milk (200ml),East,2021-01-04,4254,30.05,18.7,No_Festival,7,No,No
Flavoured Milk (200ml),East,2021-01-11,2261,29.6,19.0,Makar Sankranti,4,Yes,Yes
Flavoured Milk (200ml),East,2021-01-18,3028,30.22,18.7,No_Festival,6,No,No
Flavoured Milk (200ml),East,2021-01-25,4332,29.71,18.4,Republic Day,6,Yes,Yes
Flavoured Milk (200ml),East,2021-02-01,3059,29.8,19.5,No_Festival,5,No,No
Flavoured Milk (200ml),East,2021-02-08,4493,29.86,20.2,No_Festival,6,No,No
Flavoured Milk (200ml),East,2021-02-15,1783,30.08,22.9,No_Festival,4,No,No
Flavoured Milk (200ml),East,2021-02-22,3503,30.31,21.2,No_Festival,6,No,No
Flavoured Milk (200ml),East,2021-03-01,1962,29.85,26.2,No_Festival,4,No,No
Flavoured Milk (200ml),East,2021-03-08,4047,30.15,26.4,No_Festival,6,No,No
Flavoured Milk (200ml),East,2021-03-15,2530,30.26,27.8,No_Festival,4,No,No
Flavoured Milk (200ml),East,2021-03-22,4032,29.76,26.6,No_Festival,6,No,No
Flavoured Milk (200ml),East,2021-03-29,2859,29.84,27.6,No_Festival,4,No,No
Flavoured Milk (200ml),East,2021-04-05,3245,29.93,31.8,No_Festival,5,No,No
Flavoured Milk (200ml),East,2021-04-12,2794,30.45,32.1,No_Festival,5,No,No
Flavoured Milk (200ml),East,2021-04-19,4371,30.25,31.4,No_Festival,6,No,No
Flavoured Milk (200ml),East,2021-04-26,3457,30.1,32.8,No_Festival,5,No,No
Flavoured Milk (200ml),East,2021-05-03,3717,30.15,34.5,No_Festival,6,No,No
Flavoured Milk (200ml),East,2021-05-10,5001,30.31,35.4,No_Festival,6,No,Yes
Flavoured Milk (200ml),East,2021-05-17,3606,30.01,35.5,No_Festival,6,No,No
Flavoured Milk (200ml),East,2021-05-24,3751,30.2,33.4,No_Festival,6,No,No
Flavoured Milk (200ml),East,2021-05-31,3731,30.03,32.6,No_Festival,6,No,No
Flavoured Milk (200ml),East,2021-06-07,3629,29.86,32.1,No_Festival,5,No,No
Flavoured Milk (200ml),East,2021-06-14,5156,30.11,32.6,No_Festival,7,No,No
Flavoured Milk (200ml),East,2021-06-21,2645,29.84,32.4,No_Festival,4,No,No
Flavoured Milk (200ml),East,2021-06-28,3739,29.5,31.7,No_Festival,5,No,No
Flavoured Milk (200ml),East,2021-07-05,2186,30.06,29.6,No_Festival,4,No,No
Flavoured Milk (200ml),East,2021-07-12,2921,30.35,29.3,No_Festival,5,No,No
Flavoured Milk (200ml),East,2021-07-19,4611,29.7,29.4,No_Festival,7,No,Yes
Flavoured Milk (200ml),East,2021-07-26,2176,29.92,29.8,No_Festival,4,No,No
Flavoured Milk (200ml),East,2021-08-02,3971,29.9,28.2,No_Festival,6,No,No
Flavoured Milk (200ml),East,2021-08-09,4025,29.98,29.8,Independence Day,6,Yes,Yes
Flavoured Milk (200ml),East,2021-08-16,4518,30.22,30.3,Raksha Bandhan,6,Yes,Yes
Flavoured Milk (200ml),East,2021-08-23,4711,30.19,31.1,No_Festival,6,No,No
Flavoured Milk (200ml),East,2021-08-30,4650,30.3,29.8,Janmashtami,6,Yes,Yes
Flavoured Milk (200ml),East,2021-09-06,3161,30.15,30.0,No_Festival,5,No,No
Flavoured Milk (200ml),East,2021-09-13,3631,30.28,29.6,No_Festival,6,No,No
Flavoured Milk (200ml),East,2021-09-20,2461,29.83,29.8,No_Festival,4,No,No
Flavoured Milk (200ml),East,2021-09-27,2667,29.76,27.8,Gandhi Jayanti,3,Yes,Yes
Flavoured Milk (200ml),East,2021-10-04,2620,30.03,26.8,No_Festival,5,No,No
Flavoured Milk (200ml),East,2021-10-11,2996,30.26,27.9,Navratri,6,Yes,Yes
Flavoured Milk (200ml),East,2021-10-18,2593,30.14,27.3,No_Festival,5,No,No
Flavoured Milk (200ml),East,2021-10-25,4381,29.55,27.2,No_Festival,7,No,No
Flavoured Milk (200ml),East,2021-11-01,3755,30.01,23.5,No_Festival,6,No,No
Flavoured Milk (200ml),East,2021-11-08,2975,30.01,21.9,No_Festival,5,No,No
Flavoured Milk (200ml),East,2021-11-15,4426,30.37,23.4,Guru Nanak Jayanti,7,Yes,Yes
Flavoured Milk (200ml),East,2021-11-22,4024,30.13,21.0,No_Festival,7,No,No
Flavoured Milk (200ml),East,2021-11-29,3326,30.07,18.9,No_Festival,4,No,No
Flavoured Milk (200ml),East,2021-12-06,2033,30.01,17.1,No_Festival,4,No,No
Flavoured Milk (200ml),East,2021-12-13,3890,29.95,16.8,No_Festival,6,No,No
Flavoured Milk (200ml),East,2021-12-20,2778,30.16,16.9,Christmas,5,Yes,Yes
Flavoured Milk (200ml),East,2021-12-27,3308,30.19,16.6,No_Festival,5,No,No
Flavoured Milk (200ml),East,2022-01-03,2578,31.7,18.6,No_Festival,5,No,No
Flavoured Milk (200ml),East,2022-01-10,4278,31.94,17.9,Makar Sankranti,7,Yes,Yes
Flavoured Milk (200ml),East,2022-01-17,2997,31.41,20.1,No_Festival,5,No,No
Flavoured Milk (200ml),East,2022-01-24,3188,31.62,17.7,Republic Day,6,Yes,Yes
Flavoured Milk (200ml),East,2022-01-31,3751,31.45,20.9,No_Festival,6,No,No
Flavoured Milk (200ml),East,2022-02-07,3644,31.81,21.6,No_Festival,6,No,No
Flavoured Milk (200ml),East,2022-02-14,3176,31.51,21.6,No_Festival,7,No,No
Flavoured Milk (200ml),East,2022-02-21,2677,31.57,22.8,No_Festival,5,No,No
Flavoured Milk (200ml),East,2022-02-28,3126,31.59,25.6,No_Festival,5,No,No
Flavoured Milk (200ml),East,2022-03-07,2942,31.4,28.4,No_Festival,4,No,No
Flavoured Milk (200ml),East,2022-03-14,2904,31.82,27.7,Holi,4,Yes,Yes
Flavoured Milk (200ml),East,2022-03-21,1888,31.45,26.1,No_Festival,4,No,No
Flavoured Milk (200ml),East,2022-03-28,3153,31.1,26.6,No_Festival,5,No,No
Flavoured Milk (200ml),East,2022-04-04,3018,31.29,32.6,No_Festival,5,No,No
Flavoured Milk (200ml),East,2022-04-11,3234,31.84,33.6,No_Festival,4,No,No
Flavoured Milk (200ml),East,2022-04-18,2876,31.64,32.9,No_Festival,6,No,No
Flavoured Milk (200ml),East,2022-04-25,3632,31.53,32.1,No_Festival,5,No,No
Flavoured Milk (200ml),East,2022-05-02,1342,31.94,33.7,No_Festival,2,No,No
Flavoured Milk (200ml),East,2022-05-09,3000,31.58,34.5,No_Festival,5,No,No
Flavoured Milk (200ml),East,2022-05-16,4758,31.41,33.8,No_Festival,7,No,No
Flavoured Milk (200ml),East,2022-05-23,4629,31.29,35.5,No_Festival,7,No,No
Flavoured Milk (200ml),East,2022-05-30,3314,31.18,32.9,No_Festival,5,No,No
Flavoured Milk (200ml),East,2022-06-06,3765,31.58,31.2,No_Festival,6,No,No
Flavoured Milk (200ml),East,2022-06-13,4729,31.33,31.5,No_Festival,7,No,No
Flavoured Milk (200ml),East,2022-06-20,2772,31.49,31.7,No_Festival,5,No,No
Flavoured Milk (200ml),East,2022-06-27,2983,31.3,32.0,No_Festival,6,No,No
Flavoured Milk (200ml),East,2022-07-04,867,30.94,30.6,No_Festival,2,No,No
Flavoured Milk (200ml),East,2022-07-11,4011,31.58,29.9,No_Festival,6,No,No
Flavoured Milk (200ml),East,2022-07-18,860,31.16,30.8,No_Festival,2,No,No
Flavoured Milk (200ml),East,2022-07-25,3874,31.6,31.7,No_Festival,6,No,No
Flavoured Milk (200ml),East,2022-08-01,3974,31.87,31.0,No_Festival,6,No,No
Flavoured Milk (200ml),East,2022-08-08,3051,31.06,31.2,Raksha Bandhan,5,Yes,Yes
Flavoured Milk (200ml),East,2022-08-15,3707,31.43,30.2,"Independence Day, Janmashtami",5,Yes,Yes
Flavoured Milk (200ml),East,2022-08-22,3725,31.39,29.4,No_Festival,5,No,No
Flavoured Milk (200ml),East,2022-08-29,2425,31.5,30.3,No_Festival,4,No,No
Flavoured Milk (200ml),East,2022-09-05,2798,31.58,29.3,No_Festival,5,No,No
Flavoured Milk (200ml),East,2022-09-12,3415,31.76,29.0,No_Festival,5,No,No
Flavoured Milk (200ml),East,2022-09-19,2928,31.58,31.2,No_Festival,4,No,No
Flavoured Milk (200ml),East,2022-09-26,4260,31.75,27.6,Gandhi Jayanti,6,Yes,Yes
Flavoured Milk (200ml),East,2022-10-03,2664,31.52,27.5,No_Festival,5,No,No
Flavoured Milk (200ml),East,2022-10-10,3447,31.43,28.4,No_Festival,6,No,No
Flavoured Milk (200ml),East,2022-10-17,2896,31.8,25.6,No_Festival,5,No,No
Flavoured Milk (200ml),East,2022-10-24,2269,31.81,28.0,Diwali,4,Yes,Yes
Flavoured Milk (200ml),East,2022-10-31,2649,31.54,24.6,No_Festival,4,No,No
Flavoured Milk (200ml),East,2022-11-07,5031,31.69,21.8,Guru Nanak Jayanti,7,Yes,Yes
Flavoured Milk (200ml),East,2022-11-14,4962,31.2,22.9,No_Festival,7,No,No
Flavoured Milk (200ml),East,2022-11-21,2312,31.37,22.1,No_Festival,4,No,No
Flavoured Milk (200ml),East,2022-11-28,3012,31.44,18.1,No_Festival,5,No,No
Flavoured Milk (200ml),East,2022-12-05,3542,31.51,15.4,No_Festival,6,No,No
Flavoured Milk (200ml),East,2022-12-12,2465,31.75,16.8,No_Festival,5,No,No
Flavoured Milk (200ml),East,2022-12-19,3132,31.15,17.1,Christmas,5,Yes,Yes
Flavoured Milk (200ml),East,2022-12-26,4172,31.84,17.9,No_Festival,6,No,No
Flavoured Milk (200ml),East,2023-01-02,2414,33.32,19.4,No_Festival,4,No,No
Flavoured Milk (200ml),East,2023-01-09,4251,32.85,17.7,Makar Sankranti,6,Yes,Yes
Flavoured Milk (200ml),East,2023-01-16,3249,32.68,19.0,No_Festival,5,No,No
Flavoured Milk (200ml),East,2023-01-23,3328,32.97,18.0,Republic Day,4,Yes,Yes
Flavoured Milk (200ml),East,2023-01-30,4665,32.89,19.8,No_Festival,7,No,No
Flavoured Milk (200ml),East,2023-02-06,1957,33.44,21.6,No_Festival,4,No,No
Flavoured Milk (200ml),East,2023-02-13,4401,33.15,20.6,No_Festival,6,No,No
Flavoured Milk (200ml),East,2023-02-20,2534,33.15,19.9,No_Festival,5,No,No
Flavoured Milk (200ml),East,2023-02-27,3709,33.04,24.8,No_Festival,7,No,No
Flavoured Milk (200ml),East,2023-03-06,3627,33.08,27.9,Holi,7,Yes,Yes
Flavoured Milk (200ml),East,2023-03-13,2735,33.24,27.1,No_Festival,5,No,No
Flavoured Milk (200ml),East,2023-03-20,2567,32.72,27.1,No_Festival,4,No,No
Flavoured Milk (200ml),East,2023-03-27,1741,33.35,29.6,No_Festival,3,No,No
Flavoured Milk (200ml),East,2023-04-03,2061,33.46,32.6,No_Festival,4,No,No
Flavoured Milk (200ml),East,2023-04-10,2059,33.5,31.5,Baisakhi,3,Yes,Yes
Flavoured Milk (200ml),East,2023-04-17,1535,32.9,31.9,No_Festival,3,No,Yes
Flavoured Milk (200ml),East,2023-04-24,2771,33.16,32.6,No_Festival,6,No,No
Flavoured Milk (200ml),East,2023-05-01,2848,33.39,34.1,No_Festival,4,No,No
Flavoured Milk (200ml),East,2023-05-08,5082,32.97,33.2,No_Festival,7,No,No
Flavoured Milk (200ml),East,2023-05-15,2987,32.65,34.7,No_Festival,5,No,No
Flavoured Milk (200ml),East,2023-05-22,2529,32.86,33.4,No_Festival,6,No,No
Flavoured Milk (200ml),East,2023-05-29,1580,33.56,33.5,No_Festival,3,No,No
Flavoured Milk (200ml),East,2023-06-05,3410,32.68,30.1,No_Festival,5,No,No
Flavoured Milk (200ml),East,2023-06-12,3297,33.26,32.8,No_Festival,5,No,No
Flavoured Milk (200ml),East,2023-06-19,2669,32.68,32.6,No_Festival,5,No,No
Flavoured Milk (200ml),East,2023-06-26,3231,33.28,31.7,No_Festival,6,No,Yes
Flavoured Milk (200ml),East,2023-07-03,2353,33.34,28.9,No_Festival,5,No,No
Flavoured Milk (200ml),East,2023-07-10,3472,32.89,31.4,No_Festival,6,No,No
Flavoured Milk (200ml),East,2023-07-17,3351,33.08,29.1,No_Festival,5,No,No
Flavoured Milk (200ml),East,2023-07-24,2519,32.86,28.6,No_Festival,6,No,No
Flavoured Milk (200ml),East,2023-07-31,2605,32.7,30.5,No_Festival,5,No,No
Flavoured Milk (200ml),East,2023-08-07,3283,32.93,30.3,No_Festival,6,No,No
Flavoured Milk (200ml),East,2023-08-14,4999,33.03,29.9,Independence Day,7,Yes,Yes
Flavoured Milk (200ml),East,2023-08-21,4227,32.72,30.1,No_Festival,6,No,No
Flavoured Milk (200ml),East,2023-08-28,3867,32.96,30.6,Raksha Bandhan,5,Yes,Yes
Flavoured Milk (200ml),East,2023-09-04,4063,32.91,28.4,No_Festival,6,No,No
Flavoured Milk (200ml),East,2023-09-11,4078,33.18,27.8,No_Festival,7,No,No
Flavoured Milk (200ml),East,2023-09-18,2060,32.87,29.2,No_Festival,4,No,No
Flavoured Milk (200ml),East,2023-09-25,3385,32.85,28.8,No_Festival,6,No,No
Flavoured Milk (200ml),East,2023-10-02,2126,32.89,26.8,No_Festival,4,No,No
Flavoured Milk (200ml),East,2023-10-09,2350,33.27,27.9,No_Festival,4,No,No
Flavoured Milk (200ml),East,2023-10-16,2122,33.36,27.5,No_Festival,4,No,No
Flavoured Milk (200ml),East,2023-10-23,3887,33.02,26.7,No_Festival,7,No,No
Flavoured Milk (200ml),East,2023-10-30,2096,32.92,23.3,No_Festival,4,No,No
Flavoured Milk (200ml),East,2023-11-06,2182,33.07,23.2,Diwali,4,Yes,Yes
Flavoured Milk (200ml),East,2023-11-13,4155,32.84,22.3,No_Festival,6,No,No
Flavoured Milk (200ml),East,2023-11-20,3284,33.23,22.0,No_Festival,6,No,No
Flavoured Milk (200ml),East,2023-11-27,2254,33.62,19.0,Guru Nanak Jayanti,4,Yes,Yes
Flavoured Milk (200ml),East,2023-12-04,2951,33.16,17.1,No_Festival,6,No,No
Flavoured Milk (200ml),East,2023-12-11,1183,33.54,16.5,No_Festival,2,No,No
Flavoured Milk (200ml),East,2023-12-18,3927,32.5,16.3,No_Festival,6,No,No
Flavoured Milk (200ml),East,2023-12-25,3506,32.94,17.5,Christmas,5,Yes,Yes
Flavoured Milk (200ml),North,2020-12-28,2510,29.87,14.7,No_Festival,3,No,No
Flavoured Milk (200ml),North,2021-01-04,3432,30.17,13.3,No_Festival,5,No,No
Flavoured Milk (200ml),North,2021-01-11,2893,30.3,14.4,No_Festival,4,No,No
Flavoured Milk (200ml),North,2021-01-18,4076,30.14,14.5,No_Festival,6,No,No
Flavoured Milk (200ml),North,2021-01-25,4360,29.79,13.8,Republic Day,7,Yes,Yes
Flavoured Milk (200ml),North,2021-02-01,2442,29.55,17.1,No_Festival,3,No,No
Flavoured Milk (200ml),North,2021-02-08,4331,30.02,16.1,No_Festival,6,No,No
Flavoured Milk (200ml),North,2021-02-15,3274,30.0,16.7,No_Festival,5,No,No
Flavoured Milk (200ml),North,2021-02-22,3290,29.76,15.8,No_Festival,6,No,No
Flavoured Milk (200ml),North,2021-03-01,3272,30.12,24.8,No_Festival,6,No,No
Flavoured Milk (200ml),North,2021-03-08,3587,30.44,22.8,No_Festival,5,No,No
Flavoured Milk (200ml),North,2021-03-15,3766,29.99,23.8,No_Festival,6,No,No
Flavoured Milk (200ml),North,2021-03-22,4535,30.0,22.9,Holi,6,Yes,Yes
Flavoured Milk (200ml),North,2021-03-29,3333,29.91,27.4,No_Festival,6,No,No
Flavoured Milk (200ml),North,2021-04-05,4491,29.97,32.3,No_Festival,6,No,No
Flavoured Milk (200ml),North,2021-04-12,3995,30.16,31.6,Baisakhi,6,Yes,Yes
Flavoured Milk (200ml),North,2021-04-19,3799,30.57,32.6,No_Festival,5,No,No
Flavoured Milk (200ml),North,2021-04-26,1920,29.92,35.8,No_Festival,4,No,No
Flavoured Milk (200ml),North,2021-05-03,4675,29.95,38.7,No_Festival,7,No,No
Flavoured Milk (200ml),North,2021-05-10,2835,29.91,38.0,No_Festival,5,No,No
Flavoured Milk (200ml),North,2021-05-17,3032,30.17,38.8,No_Festival,6,No,No
Flavoured Milk (200ml),North,2021-05-24,4020,29.82,37.7,No_Festival,7,No,No
Flavoured Milk (200ml),North,2021-05-31,3791,29.82,40.2,No_Festival,6,No,No
Flavoured Milk (200ml),North,2021-06-07,2356,30.46,40.3,No_Festival,4,No,No
Flavoured Milk (200ml),North,2021-06-14,2936,29.94,40.4,No_Festival,4,No,No
Flavoured Milk (200ml),North,2021-06-21,4131,29.72,39.9,No_Festival,7,No,No
Flavoured Milk (200ml),North,2021-06-28,2437,30.3,37.2,No_Festival,3,No,No
Flavoured Milk (200ml),North,2021-07-05,1674,30.0,35.5,No_Festival,4,No,No
Flavoured Milk (200ml),North,2021-07-12,3692,29.95,35.5,No_Festival,6,No,No
Flavoured Milk (200ml),North,2021-07-19,4272,30.38,36.5,No_Festival,7,No,Yes
Flavoured Milk (200ml),North,2021-07-26,4622,30.05,36.7,No_Festival,7,No,No
Flavoured Milk (200ml),North,2021-08-02,4166,30.16,32.9,No_Festival,7,No,No
Flavoured Milk (200ml),North,2021-08-09,3809,30.16,33.0,No_Festival,6,No,No
Flavoured Milk (200ml),North,2021-08-16,2793,29.97,33.2,Raksha Bandhan,5,Yes,Yes
Flavoured Milk (200ml),North,2021-08-23,2554,29.79,33.2,No_Festival,5,No,No
Flavoured Milk (200ml),North,2021-08-30,3359,30.27,31.5,No_Festival,5,No,No
Flavoured Milk (200ml),North,2021-09-06,2724,30.22,33.2,No_Festival,4,No,No
Flavoured Milk (200ml),North,2021-09-13,4266,29.68,32.8,No_Festival,6,No,No
Flavoured Milk (200ml),North,2021-09-20,3346,30.15,33.2,No_Festival,5,No,No
Flavoured Milk (200ml),North,2021-09-27,3801,30.11,31.5,No_Festival,5,No,No
Flavoured Milk (200ml),North,2021-10-04,3095,30.32,26.2,No_Festival,5,No,No
Flavoured Milk (200ml),North,2021-10-11,2754,29.83,26.4,Navratri,5,Yes,Yes
Flavoured Milk (200ml),North,2021-10-18,3351,30.31,27.6,No_Festival,6,No,No
Flavoured Milk (200ml),North,2021-10-25,2765,29.83,24.7,No_Festival,5,No,No
Flavoured Milk (200ml),North,2021-11-01,3894,29.97,19.0,Diwali,6,Yes,Yes
Flavoured Milk (200ml),North,2021-11-08,3560,29.98,18.5,No_Festival,6,No,No
Flavoured Milk (200ml),North,2021-11-15,5466,29.98,18.5,Guru Nanak Jayanti,7,Yes,Yes
Flavoured Milk (200ml),North,2021-11-22,4273,29.57,19.7,No_Festival,6,No,No
Flavoured Milk (200ml),North,2021-11-29,2280,29.61,15.7,No_Festival,4,No,No
Flavoured Milk (200ml),North,2021-12-06,2108,29.9,14.0,No_Festival,4,No,No
Flavoured Milk (200ml),North,2021-12-13,2956,30.5,15.0,No_Festival,5,No,No
Flavoured Milk (200ml),North,2021-12-20,4187,30.26,14.3,Christmas,5,Yes,Yes
Flavoured Milk (200ml),North,2021-12-27,4368,30.45,14.4,No_Festival,7,No,No
Flavoured Milk (200ml),North,2022-01-03,3047,32.0,15.4,No_Festival,5,No,No
Flavoured Milk (200ml),North,2022-01-10,3375,31.78,14.3,Makar Sankranti,6,Yes,Yes
Flavoured Milk (200ml),North,2022-01-17,4182,31.7,13.5,No_Festival,6,No,No
Flavoured Milk (200ml),North,2022-01-24,2488,31.48,14.6,No_Festival,5,No,No
Flavoured Milk (200ml),North,2022-01-31,3742,31.46,15.7,No_Festival,6,No,No
Flavoured Milk (200ml),North,2022-02-07,2696,32.08,16.9,No_Festival,5,No,No
Flavoured Milk (200ml),North,2022-02-14,3063,31.59,17.7,No_Festival,6,No,No
Flavoured Milk (200ml),North,2022-02-21,3666,31.18,16.6,No_Festival,6,No,No
Flavoured Milk (200ml),North,2022-02-28,3100,31.75,23.8,No_Festival,5,No,No
Flavoured Milk (200ml),North,2022-03-07,3205,31.11,22.7,No_Festival,5,No,No
Flavoured Milk (200ml),North,2022-03-14,3277,31.93,24.6,Holi,6,Yes,Yes
Flavoured Milk (200ml),North,2022-03-21,2666,31.5,25.4,No_Festival,6,No,No
Flavoured Milk (200ml),North,2022-03-28,3636,31.64,28.2,No_Festival,6,No,No
Flavoured Milk (200ml),North,2022-04-04,2831,31.73,33.3,No_Festival,5,No,No
Flavoured Milk (200ml),North,2022-04-11,3602,31.58,31.0,Baisakhi,6,Yes,Yes
Flavoured Milk (200ml),North,2022-04-18,4125,31.56,31.3,No_Festival,6,No,No
Flavoured Milk (200ml),North,2022-04-25,3804,31.6,32.8,No_Festival,6,No,No
Flavoured Milk (200ml),North,2022-05-02,3234,31.6,39.8,No_Festival,5,No,Yes
Flavoured Milk (200ml),North,2022-05-09,3247,31.42,38.0,No_Festival,5,No,No
Flavoured Milk (200ml),North,2022-05-16,4008,31.42,38.7,No_Festival,7,No,No
Flavoured Milk (200ml),North,2022-05-23,2546,31.21,39.6,No_Festival,4,No,No
Flavoured Milk (200ml),North,2022-05-30,4252,31.55,39.6,No_Festival,6,No,No
Flavoured Milk (200ml),North,2022-06-06,2602,32.03,39.5,No_Festival,5,No,No
Flavoured Milk (200ml),North,2022-06-13,3847,31.52,40.4,No_Festival,6,No,No
Flavoured Milk (200ml),North,2022-06-20,3820,31.4,39.1,No_Festival,6,No,No
Flavoured Milk (200ml),North,2022-06-27,2913,31.37,39.0,No_Festival,4,No,No
Flavoured Milk (200ml),North,2022-07-04,4014,31.8,35.6,No_Festival,7,No,Yes
Flavoured Milk (200ml),North,2022-07-11,3900,31.27,36.2,No_Festival,6,No,No
Flavoured Milk (200ml),North,2022-07-18,2107,30.99,35.6,No_Festival,4,No,No
Flavoured Milk (200ml),North,2022-07-25,2272,31.57,35.9,No_Festival,4,No,No
Flavoured Milk (200ml),North,2022-08-01,3470,31.09,35.1,No_Festival,5,No,No
Flavoured Milk (200ml),North,2022-08-08,3480,31.32,35.0,No_Festival,6,No,No
Flavoured Milk (200ml),North,2022-08-15,4391,31.32,33.9,Janmashtami,6,Yes,Yes
Flavoured Milk (200ml),North,2022-08-22,1786,31.39,34.2,No_Festival,4,No,No
Flavoured Milk (200ml),North,2022-08-29,2762,31.16,33.7,No_Festival,5,No,No
Flavoured Milk (200ml),North,2022-09-05,3749,31.33,32.2,No_Festival,6,No,No
Flavoured Milk (200ml),North,2022-09-12,1576,30.98,31.6,No_Festival,3,No,No
Flavoured Milk (200ml),North,2022-09-19,4221,31.4,31.0,No_Festival,6,No,No
Flavoured Milk (200ml),North,2022-09-26,3251,31.56,29.3,Gandhi Jayanti,6,Yes,Yes
Flavoured Milk (200ml),North,2022-10-03,3960,31.26,27.0,No_Festival,7,No,No
Flavoured Milk (200ml),North,2022-10-10,3418,31.41,26.1,No_Festival,5,No,No
Flavoured Milk (200ml),North,2022-10-17,4610,31.61,26.0,No_Festival,7,No,No
Flavoured Milk (200ml),North,2022-10-24,3929,31.21,26.2,Diwali,7,Yes,Yes
Flavoured Milk (200ml),North,2022-10-31,2750,31.42,20.0,No_Festival,4,No,No
Flavoured Milk (200ml),North,2022-11-07,5480,31.5,19.7,Guru Nanak Jayanti,7,Yes,Yes
Flavoured Milk (200ml),North,2022-11-14,3399,31.49,17.8,No_Festival,5,No,No
Flavoured Milk (200ml),North,2022-11-21,2638,31.77,19.4,No_Festival,5,No,No
Flavoured Milk (200ml),North,2022-11-28,4019,31.61,16.6,No_Festival,7,No,No
Flavoured Milk (200ml),North,2022-12-05,3364,31.55,15.6,No_Festival,5,No,No
Flavoured Milk (200ml),North,2022-12-12,2049,30.96,16.7,No_Festival,3,No,No
Flavoured Milk (200ml),North,2022-12-19,3296,32.01,13.2,Christmas,5,Yes,Yes
Flavoured Milk (200ml),North,2022-12-26,3084,31.85,13.4,No_Festival,5,No,No
Flavoured Milk (200ml),North,2023-01-02,3423,33.17,14.7,No_Festival,6,No,No
Flavoured Milk (200ml),North,2023-01-09,2793,33.52,14.7,Makar Sankranti,5,Yes,Yes
Flavoured Milk (200ml),North,2023-01-16,3176,33.39,13.5,No_Festival,5,No,No
Flavoured Milk (200ml),North,2023-01-23,2808,32.81,13.2,Republic Day,5,Yes,Yes
Flavoured Milk (200ml),North,2023-01-30,4098,32.67,16.7,No_Festival,7,No,No
Flavoured Milk (200ml),North,2023-02-06,3404,33.27,15.7,No_Festival,5,No,No
Flavoured Milk (200ml),North,2023-02-13,2544,32.39,17.7,No_Festival,4,No,No
Flavoured Milk (200ml),North,2023-02-20,3743,33.07,18.0,No_Festival,6,No,No
Flavoured Milk (200ml),North,2023-02-27,4138,33.27,22.9,No_Festival,5,No,No
Flavoured Milk (200ml),North,2023-03-06,3409,33.18,22.7,Holi,5,Yes,Yes
Flavoured Milk (200ml),North,2023-03-13,1967,33.1,24.0,No_Festival,4,No,No
Flavoured Milk (200ml),North,2023-03-20,4157,32.99,23.4,No_Festival,6,No,No
Flavoured Milk (200ml),North,2023-03-27,1391,32.62,25.6,No_Festival,2,No,No
Flavoured Milk (200ml),North,2023-04-03,3606,32.69,32.9,No_Festival,5,No,No
Flavoured Milk (200ml),North,2023-04-10,1673,33.06,32.4,Baisakhi,2,Yes,Yes
Flavoured Milk (200ml),North,2023-04-17,2373,33.05,32.1,No_Festival,3,No,No
Flavoured Milk (200ml),North,2023-04-24,4095,32.79,32.9,No_Festival,6,No,No
Flavoured Milk (200ml),North,2023-05-01,3227,33.07,39.6,No_Festival,5,No,No
Flavoured Milk (200ml),North,2023-05-08,4076,33.14,37.1,No_Festival,6,No,No
Flavoured Milk (200ml),North,2023-05-15,4852,32.98,37.0,No_Festival,7,No,No
Flavoured Milk (200ml),North,2023-05-22,3884,32.55,38.4,No_Festival,6,No,No
Flavoured Milk (200ml),North,2023-05-29,4432,33.17,38.2,No_Festival,7,No,No
Flavoured Milk (200ml),North,2023-06-05,2206,33.05,40.0,No_Festival,4,No,No
Flavoured Milk (200ml),North,2023-06-12,4238,32.92,38.4,No_Festival,7,No,No
Flavoured Milk (200ml),North,2023-06-19,3756,32.8,41.0,No_Festival,6,No,No
Flavoured Milk (200ml),North,2023-06-26,3448,32.8,38.7,No_Festival,6,No,Yes
Flavoured Milk (200ml),North,2023-07-03,4651,33.18,36.3,No_Festival,7,No,No
Flavoured Milk (200ml),North,2023-07-10,2985,32.87,35.7,No_Festival,5,No,No
Flavoured Milk (200ml),North,2023-07-17,4530,33.31,35.4,No_Festival,6,No,No
Flavoured Milk (200ml),North,2023-07-24,2723,33.03,36.8,No_Festival,5,No,No
Flavoured Milk (200ml),North,2023-07-31,4658,33.02,35.1,No_Festival,7,No,No
Flavoured Milk (200ml),North,2023-08-07,3430,32.99,34.8,No_Festival,7,No,No
Flavoured Milk (200ml),North,2023-08-14,3955,33.35,33.4,Independence Day,5,Yes,Yes
Flavoured Milk (200ml),North,2023-08-21,3609,33.15,33.6,No_Festival,6,No,No
Flavoured Milk (200ml),North,2023-08-28,5279,33.14,32.0,Raksha Bandhan,7,Yes,Yes
Flavoured Milk (200ml),North,2023-09-04,4598,32.82,30.7,Janmashtami,6,Yes,Yes
Flavoured Milk (200ml),North,2023-09-11,3649,32.9,31.6,No_Festival,6,No,No
Flavoured Milk (200ml),North,2023-09-18,3464,32.8,31.7,No_Festival,7,No,No
Flavoured Milk (200ml),North,2023-09-25,3423,33.09,32.4,No_Festival,6,No,No
Flavoured Milk (200ml),North,2023-10-02,3181,33.22,25.5,Gandhi Jayanti,6,Yes,Yes
Flavoured Milk (200ml),North,2023-10-09,2587,32.65,25.3,No_Festival,5,No,No
Flavoured Milk (200ml),North,2023-10-16,3504,33.09,25.2,No_Festival,5,No,No
Flavoured Milk (200ml),North,2023-10-23,2473,33.18,27.4,No_Festival,4,No,No
Flavoured Milk (200ml),North,2023-10-30,4109,33.24,20.5,No_Festival,6,No,No
Flavoured Milk (200ml),North,2023-11-06,3050,33.21,18.4,Diwali,5,Yes,Yes
Flavoured Milk (200ml),North,2023-11-13,4511,32.85,19.2,No_Festival,6,No,No
Flavoured Milk (200ml),North,2023-11-20,3542,33.01,19.2,No_Festival,5,No,No
Flavoured Milk (200ml),North,2023-11-27,4278,33.01,16.7,Guru Nanak Jayanti,6,Yes,Yes
Flavoured Milk (200ml),North,2023-12-04,3228,32.9,14.3,No_Festival,6,No,No
Flavoured Milk (200ml),North,2023-12-11,3880,33.1,14.7,No_Festival,6,No,No
Flavoured Milk (200ml),North,2023-12-18,4517,33.44,14.2,No_Festival,6,No,No
Flavoured Milk (200ml),North,2023-12-25,2985,32.93,12.7,Christmas,5,Yes,Yes
Flavoured Milk (200ml),South,2020-12-28,2074,29.8,26.9,No_Festival,3,No,No
Flavoured Milk (200ml),South,2021-01-04,3542,29.94,25.8,No_Festival,5,No,No
Flavoured Milk (200ml),South,2021-01-11,2491,30.03,24.3,Makar Sankranti,5,Yes,Yes
Flavoured Milk (200ml),South,2021-01-18,3020,30.19,26.8,No_Festival,5,No,No
Flavoured Milk (200ml),South,2021-01-25,3413,29.73,25.7,Republic Day,5,Yes,Yes
Flavoured Milk (200ml),South,2021-02-01,3518,29.87,25.6,No_Festival,7,No,No
Flavoured Milk (200ml),South,2021-02-08,4527,30.06,26.9,No_Festival,6,No,No
Flavoured Milk (200ml),South,2021-02-15,3689,30.33,27.7,No_Festival,6,No,No
Flavoured Milk (200ml),South,2021-02-22,3310,29.77,27.1,No_Festival,5,No,No
Flavoured Milk (200ml),South,2021-03-01,4948,29.94,30.4,No_Festival,7,No,No
Flavoured Milk (200ml),South,2021-03-08,3783,30.31,29.0,No_Festival,6,No,No
Flavoured Milk (200ml),South,2021-03-15,2915,29.9,30.5,No_Festival,4,No,No
Flavoured Milk (200ml),South,2021-03-22,3253,30.35,29.8,Holi,5,Yes,Yes
Flavoured Milk (200ml),South,2021-03-29,2885,29.61,31.6,No_Festival,5,No,No
Flavoured Milk (200ml),South,2021-04-05,3754,30.12,32.1,No_Festival,5,No,No
Flavoured Milk (200ml),South,2021-04-12,3094,30.1,32.8,Baisakhi,4,Yes,Yes
Flavoured Milk (200ml),South,2021-04-19,4036,30.09,31.6,No_Festival,6,No,No
Flavoured Milk (200ml),South,2021-04-26,4212,29.8,33.6,No_Festival,6,No,No
Flavoured Milk (200ml),South,2021-05-03,2962,30.05,36.2,No_Festival,6,No,No
Flavoured Milk (200ml),South,2021-05-10,2486,30.04,34.5,No_Festival,4,No,Yes
Flavoured Milk (200ml),South,2021-05-17,4027,30.23,32.7,No_Festival,7,No,No
Flavoured Milk (200ml),South,2021-05-24,4474,30.36,35.8,No_Festival,6,No,No
Flavoured Milk (200ml),South,2021-05-31,4282,30.01,31.1,No_Festival,6,No,No
Flavoured Milk (200ml),South,2021-06-07,4628,29.97,30.2,No_Festival,7,No,No
Flavoured Milk (200ml),South,2021-06-14,2453,29.82,28.7,No_Festival,4,No,No
Flavoured Milk (200ml),South,2021-06-21,3498,30.02,30.4,No_Festival,6,No,No
Flavoured Milk (200ml),South,2021-06-28,3588,30.29,29.4,No_Festival,6,No,No
Flavoured Milk (200ml),South,2021-07-05,3141,30.08,28.4,No_Festival,4,No,No
Flavoured Milk (200ml),South,2021-07-12,3369,29.86,27.9,No_Festival,5,No,No
Flavoured Milk (200ml),South,2021-07-19,4464,30.32,27.0,No_Festival,7,No,Yes
Flavoured Milk (200ml),South,2021-07-26,2945,30.01,28.8,No_Festival,5,No,No
Flavoured Milk (200ml),South,2021-08-02,4233,29.86,27.8,No_Festival,6,No,No
Flavoured Milk (200ml),South,2021-08-09,4341,29.86,28.5,Independence Day,6,Yes,Yes
Flavoured Milk (200ml),South,2021-08-16,4471,30.12,27.4,Raksha Bandhan,6,Yes,Yes
Flavoured Milk (200ml),South,2021-08-23,3953,29.94,28.9,No_Festival,6,No,No
Flavoured Milk (200ml),South,2021-08-30,4692,30.16,29.1,Janmashtami,6,Yes,Yes
Flavoured Milk (200ml),South,2021-09-06,4362,30.02,27.6,No_Festival,7,No,No
Flavoured Milk (200ml),South,2021-09-13,3198,30.06,28.3,No_Festival,6,No,No
Flavoured Milk (200ml),South,2021-09-20,4809,29.95,27.8,No_Festival,7,No,No
Flavoured Milk (200ml),South,2021-09-27,4171,29.86,28.1,Gandhi Jayanti,6,Yes,Yes
Flavoured Milk (200ml),South,2021-10-04,3199,29.88,28.9,No_Festival,6,No,No
Flavoured Milk (200ml),South,2021-10-11,4104,29.73,28.1,Navratri,5,Yes,Yes
Flavoured Milk (200ml),South,2021-10-18,2863,30.26,28.1,No_Festival,5,No,No
Flavoured Milk (200ml),South,2021-10-25,3721,30.27,27.5,No_Festival,6,No,No
Flavoured Milk (200ml),South,2021-11-01,2921,30.04,25.2,No_Festival,5,No,No
Flavoured Milk (200ml),South,2021-11-08,2389,30.14,26.2,No_Festival,4,No,No
Flavoured Milk (200ml),South,2021-11-15,3639,30.36,25.8,No_Festival,6,No,No
Flavoured Milk (200ml),South,2021-11-22,3109,30.13,24.2,No_Festival,5,No,No
Flavoured Milk (200ml),South,2021-11-29,3336,29.36,23.3,No_Festival,5,No,No
Flavoured Milk (200ml),South,2021-12-06,2924,30.4,24.2,No_Festival,5,No,No
Flavoured Milk (200ml),South,2021-12-13,2710,30.17,25.3,No_Festival,5,No,No
Flavoured Milk (200ml),South,2021-12-20,4563,29.99,25.0,Christmas,6,Yes,Yes
Flavoured Milk (200ml),South,2021-12-27,3163,30.8,25.9,No_Festival,5,No,No
Flavoured Milk (200ml),South,2022-01-03,3601,31.47,26.0,No_Festival,6,No,No
Flavoured Milk (200ml),South,2022-01-10,1739,31.54,24.5,No_Festival,2,No,No
Flavoured Milk (200ml),South,2022-01-17,2851,31.33,23.8,No_Festival,6,No,No
Flavoured Milk (200ml),South,2022-01-24,3567,31.44,25.7,Republic Day,5,Yes,Yes
Flavoured Milk (200ml),South,2022-01-31,3152,31.87,28.2,No_Festival,5,No,No
Flavoured Milk (200ml),South,2022-02-07,3227,31.55,25.6,No_Festival,6,No,No
Flavoured Milk (200ml),South,2022-02-14,2492,31.85,27.8,No_Festival,5,No,No
Flavoured Milk (200ml),South,2022-02-21,3091,31.36,27.2,No_Festival,6,No,No
Flavoured Milk (200ml),South,2022-02-28,3184,31.15,27.8,No_Festival,5,No,No
Flavoured Milk (200ml),South,2022-03-07,2720,31.35,30.2,No_Festival,5,No,No
Flavoured Milk (200ml),South,2022-03-14,4342,31.63,28.1,Holi,7,Yes,Yes
Flavoured Milk (200ml),South,2022-03-21,2731,31.72,28.2,No_Festival,5,No,No
Flavoured Milk (200ml),South,2022-03-28,3535,31.89,31.2,No_Festival,6,No,No
Flavoured Milk (200ml),South,2022-04-04,3605,31.85,32.8,No_Festival,5,No,No
Flavoured Milk (200ml),South,2022-04-11,3613,31.42,32.7,Baisakhi,6,Yes,Yes
Flavoured Milk (200ml),South,2022-04-18,2911,31.32,33.5,No_Festival,5,No,No
Flavoured Milk (200ml),South,2022-04-25,3273,31.3,31.5,No_Festival,4,No,No
Flavoured Milk (200ml),South,2022-05-02,2549,30.97,35.2,No_Festival,4,No,No
Flavoured Milk (200ml),South,2022-05-09,3559,31.57,34.6,No_Festival,6,No,No
Flavoured Milk (200ml),South,2022-05-16,2478,31.2,33.2,No_Festival,4,No,No
Flavoured Milk (200ml),South,2022-05-23,3888,31.35,34.8,No_Festival,6,No,No
Flavoured Milk (200ml),South,2022-05-30,2724,31.66,31.7,No_Festival,5,No,No
Flavoured Milk (200ml),South,2022-06-06,4169,31.43,29.3,No_Festival,7,No,No
Flavoured Milk (200ml),South,2022-06-13,2863,31.52,28.8,No_Festival,5,No,No
Flavoured Milk (200ml),South,2022-06-20,4883,31.55,29.3,No_Festival,7,No,No
Flavoured Milk (200ml),South,2022-06-27,3334,31.48,28.9,No_Festival,6,No,No
Flavoured Milk (200ml),South,2022-07-04,2715,31.54,26.7,No_Festival,6,No,No
Flavoured Milk (200ml),South,2022-07-11,2369,31.32,30.4,No_Festival,4,No,No
Flavoured Milk (200ml),South,2022-07-18,2913,31.58,28.4,No_Festival,5,No,No
Flavoured Milk (200ml),South,2022-07-25,4069,31.56,28.8,No_Festival,7,No,No
Flavoured Milk (200ml),South,2022-08-01,3012,31.85,28.1,No_Festival,5,No,No
Flavoured Milk (200ml),South,2022-08-08,3272,31.5,28.2,No_Festival,5,No,No
Flavoured Milk (200ml),South,2022-08-15,3910,31.31,27.1,Independence Day,5,Yes,Yes
Flavoured Milk (200ml),South,2022-08-22,3606,31.3,28.7,No_Festival,6,No,No
Flavoured Milk (200ml),South,2022-08-29,3271,31.86,29.0,No_Festival,6,No,No
Flavoured Milk (200ml),South,2022-09-05,3195,31.91,30.1,No_Festival,4,No,No
Flavoured Milk (200ml),South,2022-09-12,3525,31.42,27.6,No_Festival,6,No,No
Flavoured Milk (200ml),South,2022-09-19,3540,31.32,28.4,No_Festival,6,No,No
Flavoured Milk (200ml),South,2022-09-26,2726,31.62,27.9,No_Festival,5,No,No
Flavoured Milk (200ml),South,2022-10-03,3470,31.36,29.9,No_Festival,6,No,No
Flavoured Milk (200ml),South,2022-10-10,2365,31.3,28.6,No_Festival,4,No,No
Flavoured Milk (200ml),South,2022-10-17,1811,31.62,27.1,No_Festival,4,No,No
Flavoured Milk (200ml),South,2022-10-24,3423,31.67,27.9,Diwali,5,Yes,Yes
Flavoured Milk (200ml),South,2022-10-31,2907,31.7,26.4,No_Festival,5,No,No
Flavoured Milk (200ml),South,2022-11-07,3721,31.01,25.5,Guru Nanak Jayanti,5,Yes,Yes
Flavoured Milk (200ml),South,2022-11-14,2091,31.73,24.3,No_Festival,3,No,No
Flavoured Milk (200ml),South,2022-11-21,2844,31.41,24.2,No_Festival,5,No,No
Flavoured Milk (200ml),South,2022-11-28,3465,31.58,26.7,No_Festival,6,No,No
Flavoured Milk (200ml),South,2022-12-05,3102,31.49,24.9,No_Festival,5,No,No
Flavoured Milk (200ml),South,2022-12-12,3573,32.03,26.4,No_Festival,6,No,No
Flavoured Milk (200ml),South,2022-12-19,3769,31.79,24.6,Christmas,6,Yes,Yes
Flavoured Milk (200ml),South,2022-12-26,3211,31.72,25.2,No_Festival,6,No,No
Flavoured Milk (200ml),South,2023-01-02,3184,33.12,27.1,No_Festival,6,No,No
Flavoured Milk (200ml),South,2023-01-09,4086,33.14,25.2,Makar Sankranti,7,Yes,Yes
Flavoured Milk (200ml),South,2023-01-16,3080,32.75,25.4,No_Festival,5,No,No
Flavoured Milk (200ml),South,2023-01-23,2841,33.28,25.6,Republic Day,4,Yes,Yes
Flavoured Milk (200ml),South,2023-01-30,3019,32.99,25.8,No_Festival,5,No,No
Flavoured Milk (200ml),South,2023-02-06,3346,33.16,26.8,No_Festival,5,No,No
Flavoured Milk (200ml),South,2023-02-13,3610,32.86,28.0,No_Festival,5,No,No
Flavoured Milk (200ml),South,2023-02-20,2704,33.21,27.2,No_Festival,5,No,No
Flavoured Milk (200ml),South,2023-02-27,3810,33.17,26.9,No_Festival,7,No,No
Flavoured Milk (200ml),South,2023-03-06,3848,33.33,29.6,No_Festival,6,No,No
Flavoured Milk (200ml),South,2023-03-13,1802,32.52,28.5,No_Festival,3,No,No
Flavoured Milk (200ml),South,2023-03-20,3725,32.85,28.9,No_Festival,7,No,No
Flavoured Milk (200ml),South,2023-03-27,1943,32.79,27.3,No_Festival,3,No,No
Flavoured Milk (200ml),South,2023-04-03,4421,32.94,32.0,No_Festival,7,No,No
Flavoured Milk (200ml),South,2023-04-10,3417,32.9,33.5,Baisakhi,7,Yes,Yes
Flavoured Milk (200ml),South,2023-04-17,3859,32.95,33.9,No_Festival,5,No,Yes
Flavoured Milk (200ml),South,2023-04-24,3913,33.18,30.6,No_Festival,6,No,No
Flavoured Milk (200ml),South,2023-05-01,3820,33.25,34.4,No_Festival,6,No,No
Flavoured Milk (200ml),South,2023-05-08,2601,33.27,34.0,No_Festival,5,No,No
Flavoured Milk (200ml),South,2023-05-15,1939,32.88,34.2,No_Festival,4,No,No
Flavoured Milk (200ml),South,2023-05-22,3093,32.85,34.0,No_Festival,6,No,No
Flavoured Milk (200ml),South,2023-05-29,3876,32.88,31.5,No_Festival,7,No,No
Flavoured Milk (200ml),South,2023-06-05,3201,32.94,29.5,No_Festival,6,No,No
Flavoured Milk (200ml),South,2023-06-12,3457,33.25,30.9,No_Festival,6,No,No
Flavoured Milk (200ml),South,2023-06-19,2645,33.17,29.2,No_Festival,4,No,No
Flavoured Milk (200ml),South,2023-06-26,3558,32.86,30.3,No_Festival,6,No,Yes
Flavoured Milk (200ml),South,2023-07-03,3785,32.83,28.4,No_Festival,6,No,No
Flavoured Milk (200ml),South,2023-07-10,4315,33.26,26.8,No_Festival,6,No,No
Flavoured Milk (200ml),South,2023-07-17,3776,33.24,27.9,No_Festival,6,No,No
Flavoured Milk (200ml),South,2023-07-24,4002,32.87,27.9,No_Festival,6,No,No
Flavoured Milk (200ml),South,2023-07-31,4326,33.08,28.0,No_Festival,6,No,No
Flavoured Milk (200ml),South,2023-08-07,3487,32.57,27.8,No_Festival,5,No,No
Flavoured Milk (200ml),South,2023-08-14,3100,33.02,28.2,Independence Day,6,Yes,Yes
Flavoured Milk (200ml),South,2023-08-21,2226,33.29,28.8,No_Festival,5,No,No
Flavoured Milk (200ml),South,2023-08-28,3361,32.81,27.8,Raksha Bandhan,5,Yes,Yes
Flavoured Milk (200ml),South,2023-09-04,2646,33.44,29.4,Janmashtami,4,Yes,Yes
Flavoured Milk (200ml),South,2023-09-11,4117,32.66,28.3,No_Festival,6,No,No
Flavoured Milk (200ml),South,2023-09-18,3163,32.7,28.4,No_Festival,5,No,No
Flavoured Milk (200ml),South,2023-09-25,2837,33.18,28.0,No_Festival,4,No,No
Flavoured Milk (200ml),South,2023-10-02,2858,32.88,28.2,Gandhi Jayanti,6,Yes,Yes
Flavoured Milk (200ml),South,2023-10-09,2766,32.79,27.7,No_Festival,6,No,No
Flavoured Milk (200ml),South,2023-10-16,3371,32.94,29.0,No_Festival,6,No,No
Flavoured Milk (200ml),South,2023-10-23,3786,33.62,27.3,No_Festival,6,No,No
Flavoured Milk (200ml),South,2023-10-30,2337,33.41,28.5,No_Festival,4,No,No
Flavoured Milk (200ml),South,2023-11-06,3547,33.31,25.8,Diwali,5,Yes,Yes
Flavoured Milk (200ml),South,2023-11-13,3394,33.02,27.4,No_Festival,4,No,No
Flavoured Milk (200ml),South,2023-11-20,3513,33.07,27.6,No_Festival,6,No,No
Flavoured Milk (200ml),South,2023-11-27,3738,33.24,24.6,Guru Nanak Jayanti,6,Yes,Yes
Flavoured Milk (200ml),South,2023-12-04,1477,32.68,25.5,No_Festival,4,No,No
Flavoured Milk (200ml),South,2023-12-11,1991,33.04,26.7,No_Festival,4,No,No
Flavoured Milk (200ml),South,2023-12-18,3611,32.85,26.0,No_Festival,6,No,No
Flavoured Milk (200ml),South,2023-12-25,2622,32.49,24.5,Christmas,4,Yes,Yes
Flavoured Milk (200ml),West,2020-12-28,2276,29.88,22.4,No_Festival,3,No,No
Flavoured Milk (200ml),West,2021-01-04,3404,29.65,20.7,No_Festival,5,No,No
Flavoured Milk (200ml),West,2021-01-11,4658,30.15,23.2,Makar Sankranti,6,Yes,Yes
Flavoured Milk (200ml),West,2021-01-18,2381,30.27,22.6,No_Festival,4,No,No
Flavoured Milk (200ml),West,2021-01-25,3974,30.45,21.7,Republic Day,6,Yes,Yes
Flavoured Milk (200ml),West,2021-02-01,3064,30.06,24.9,No_Festival,5,No,No
Flavoured Milk (200ml),West,2021-02-08,2953,29.99,23.0,No_Festival,6,No,No
Flavoured Milk (200ml),West,2021-02-15,3004,29.93,23.6,No_Festival,6,No,No
Flavoured Milk (200ml),West,2021-02-22,2526,30.3,21.8,No_Festival,4,No,No
Flavoured Milk (200ml),West,2021-03-01,2970,29.71,28.1,No_Festival,5,No,No
Flavoured Milk (200ml),West,2021-03-08,4188,30.27,28.8,No_Festival,7,No,No
Flavoured Milk (200ml),West,2021-03-15,2872,29.9,26.9,No_Festival,5,No,No
Flavoured Milk (200ml),West,2021-03-22,2853,29.94,26.0,No_Festival,5,No,No
Flavoured Milk (200ml),West,2021-03-29,2820,30.19,28.6,No_Festival,6,No,No
Flavoured Milk (200ml),West,2021-04-05,2186,30.48,33.5,No_Festival,4,No,No
Flavoured Milk (200ml),West,2021-04-12,3099,30.26,30.6,Baisakhi,4,Yes,Yes
Flavoured Milk (200ml),West,2021-04-19,1499,29.53,32.2,No_Festival,3,No,No
Flavoured Milk (200ml),West,2021-04-26,4244,30.29,33.7,No_Festival,6,No,No
Flavoured Milk (200ml),West,2021-05-03,3771,29.73,35.6,No_Festival,6,No,No
Flavoured Milk (200ml),West,2021-05-10,2950,30.24,35.0,No_Festival,4,No,Yes
Flavoured Milk (200ml),West,2021-05-17,4582,29.88,35.0,No_Festival,6,No,No
Flavoured Milk (200ml),West,2021-05-24,505,30.64,35.7,No_Festival,1,No,No
Flavoured Milk (200ml),West,2021-05-31,2601,30.01,32.9,No_Festival,5,No,No
Flavoured Milk (200ml),West,2021-06-07,3116,30.18,32.6,No_Festival,4,No,No
Flavoured Milk (200ml),West,2021-06-14,3923,30.19,31.5,No_Festival,5,No,No
Flavoured Milk (200ml),West,2021-06-21,3112,30.01,30.5,No_Festival,5,No,No
Flavoured Milk (200ml),West,2021-06-28,2333,30.18,28.8,No_Festival,5,No,No
Flavoured Milk (200ml),West,2021-07-05,3136,29.89,28.4,No_Festival,5,No,No
Flavoured Milk (200ml),West,2021-07-12,3857,29.64,28.6,No_Festival,6,No,No
Flavoured Milk (200ml),West,2021-07-19,3671,30.54,28.1,No_Festival,5,No,Yes
Flavoured Milk (200ml),West,2021-07-26,3340,30.07,30.0,No_Festival,6,No,No
Flavoured Milk (200ml),West,2021-08-02,3900,30.25,28.7,No_Festival,6,No,No
Flavoured Milk (200ml),West,2021-08-09,3985,29.73,27.5,Independence Day,6,Yes,Yes
Flavoured Milk (200ml),West,2021-08-16,4009,29.82,28.1,Raksha Bandhan,6,Yes,Yes
Flavoured Milk (200ml),West,2021-08-23,3132,29.92,27.7,No_Festival,6,No,No
Flavoured Milk (200ml),West,2021-08-30,4000,29.92,28.6,Janmashtami,6,Yes,Yes
Flavoured Milk (200ml),West,2021-09-06,2300,30.17,29.2,No_Festival,5,No,No
Flavoured Milk (200ml),West,2021-09-13,3513,30.05,29.6,No_Festival,5,No,No
Flavoured Milk (200ml),West,2021-09-20,3935,29.94,27.6,No_Festival,6,No,No
Flavoured Milk (200ml),West,2021-09-27,485,30.09,30.3,No_Festival,1,No,No
Flavoured Milk (200ml),West,2021-10-04,2117,30.32,31.8,No_Festival,5,No,No
Flavoured Milk (200ml),West,2021-10-11,3098,29.75,29.3,No_Festival,5,No,No
Flavoured Milk (200ml),West,2021-10-18,3986,30.01,31.4,No_Festival,7,No,No
Flavoured Milk (200ml),West,2021-10-25,2206,29.8,30.3,No_Festival,4,No,No
Flavoured Milk (200ml),West,2021-11-01,2998,29.89,25.4,Diwali,5,Yes,Yes
Flavoured Milk (200ml),West,2021-11-08,4306,29.79,26.8,No_Festival,6,No,No
Flavoured Milk (200ml),West,2021-11-15,4337,29.82,26.1,Guru Nanak Jayanti,6,Yes,Yes
Flavoured Milk (200ml),West,2021-11-22,2866,29.88,25.7,No_Festival,5,No,No
Flavoured Milk (200ml),West,2021-11-29,3136,30.21,22.5,No_Festival,5,No,No
Flavoured Milk (200ml),West,2021-12-06,3069,30.22,22.1,No_Festival,5,No,No
Flavoured Milk (200ml),West,2021-12-13,4596,30.16,21.5,No_Festival,6,No,No
Flavoured Milk (200ml),West,2021-12-20,3269,30.0,22.3,Christmas,5,Yes,Yes
Flavoured Milk (200ml),West,2021-12-27,4187,30.45,21.8,No_Festival,6,No,No
Flavoured Milk (200ml),West,2022-01-03,2725,32.0,20.9,No_Festival,5,No,No
Flavoured Milk (200ml),West,2022-01-10,3075,31.71,22.3,Makar Sankranti,5,Yes,Yes
Flavoured Milk (200ml),West,2022-01-17,4048,31.87,21.6,No_Festival,7,No,No
Flavoured Milk (200ml),West,2022-01-24,3117,31.9,21.6,Republic Day,4,Yes,Yes
Flavoured Milk (200ml),West,2022-01-31,2751,31.7,24.0,No_Festival,4,No,No
Flavoured Milk (200ml),West,2022-02-07,3578,31.45,24.6,No_Festival,7,No,No
Flavoured Milk (200ml),West,2022-02-14,3609,31.47,23.7,No_Festival,5,No,No
Flavoured Milk (200ml),West,2022-02-21,2004,31.39,25.0,No_Festival,4,No,No
Flavoured Milk (200ml),West,2022-02-28,4263,31.38,27.6,No_Festival,6,No,No
Flavoured Milk (200ml),West,2022-03-07,3400,31.85,27.8,No_Festival,5,No,No
Flavoured Milk (200ml),West,2022-03-14,3309,31.28,26.8,Holi,5,Yes,Yes
Flavoured Milk (200ml),West,2022-03-21,2968,31.7,27.7,No_Festival,5,No,No
Flavoured Milk (200ml),West,2022-03-28,4455,31.65,30.0,No_Festival,6,No,No
Flavoured Milk (200ml),West,2022-04-04,3925,31.28,32.0,No_Festival,6,No,No
Flavoured Milk (200ml),West,2022-04-11,4530,31.73,30.9,Baisakhi,6,Yes,Yes
Flavoured Milk (200ml),West,2022-04-18,3427,31.26,32.0,No_Festival,7,No,No
Flavoured Milk (200ml),West,2022-04-25,3915,31.76,31.4,No_Festival,6,No,No
Flavoured Milk (200ml),West,2022-05-02,3676,31.74,34.4,No_Festival,5,No,Yes
Flavoured Milk (200ml),West,2022-05-09,3341,31.68,36.9,No_Festival,6,No,No
Flavoured Milk (200ml),West,2022-05-16,3057,31.48,36.7,No_Festival,6,No,No
Flavoured Milk (200ml),West,2022-05-23,4922,31.59,35.2,No_Festival,7,No,No
Flavoured Milk (200ml),West,2022-05-30,4679,31.21,33.1,No_Festival,7,No,No
Flavoured Milk (200ml),West,2022-06-06,3715,31.43,32.1,No_Festival,7,No,No
Flavoured Milk (200ml),West,2022-06-13,4547,31.34,31.5,No_Festival,7,No,No
Flavoured Milk (200ml),West,2022-06-20,3530,31.5,32.2,No_Festival,6,No,No
Flavoured Milk (200ml),West,2022-06-27,3472,31.57,31.3,No_Festival,5,No,No
Flavoured Milk (200ml),West,2022-07-04,4654,31.11,28.0,No_Festival,7,No,Yes
Flavoured Milk (200ml),West,2022-07-11,3390,31.26,28.0,No_Festival,6,No,No
Flavoured Milk (200ml),West,2022-07-18,3227,31.16,29.1,No_Festival,6,No,No
Flavoured Milk (200ml),West,2022-07-25,3606,31.32,29.4,No_Festival,5,No,No
Flavoured Milk (200ml),West,2022-08-01,2890,31.05,27.4,No_Festival,4,No,No
Flavoured Milk (200ml),West,2022-08-08,3915,31.88,28.4,Raksha Bandhan,6,Yes,Yes
Flavoured Milk (200ml),West,2022-08-15,4753,31.59,26.1,"Independence Day, Janmashtami",7,Yes,Yes
Flavoured Milk (200ml),West,2022-08-22,2345,31.2,27.5,No_Festival,4,No,No
Flavoured Milk (200ml),West,2022-08-29,2823,31.62,27.7,No_Festival,4,No,No
Flavoured Milk (200ml),West,2022-09-05,2741,31.34,27.6,No_Festival,5,No,No
Flavoured Milk (200ml),West,2022-09-12,3288,31.67,29.3,No_Festival,5,No,No
Flavoured Milk (200ml),West,2022-09-19,2499,31.19,29.8,No_Festival,5,No,No
Flavoured Milk (200ml),West,2022-09-26,3021,31.08,28.7,No_Festival,5,No,No
Flavoured Milk (200ml),West,2022-10-03,3133,31.88,31.1,No_Festival,6,No,No
Flavoured Milk (200ml),West,2022-10-10,2274,31.61,31.0,No_Festival,3,No,No
Flavoured Milk (200ml),West,2022-10-17,3254,31.17,29.5,No_Festival,4,No,No
Flavoured Milk (200ml),West,2022-10-24,2821,31.63,29.9,Diwali,4,Yes,Yes
Flavoured Milk (200ml),West,2022-10-31,3858,31.82,28.0,No_Festival,7,No,No
Flavoured Milk (200ml),West,2022-11-07,3291,31.5,26.7,Guru Nanak Jayanti,6,Yes,Yes
Flavoured Milk (200ml),West,2022-11-14,4422,31.51,26.9,No_Festival,7,No,No
Flavoured Milk (200ml),West,2022-11-21,3636,31.66,26.7,No_Festival,6,No,No
Flavoured Milk (200ml),West,2022-11-28,3033,31.33,24.3,No_Festival,4,No,No
Flavoured Milk (200ml),West,2022-12-05,2205,31.6,22.5,No_Festival,4,No,No
Flavoured Milk (200ml),West,2022-12-12,3700,31.37,20.7,No_Festival,6,No,No
Flavoured Milk (200ml),West,2022-12-19,3858,31.56,23.3,Christmas,7,Yes,Yes
Flavoured Milk (200ml),West,2022-12-26,2777,31.87,22.1,No_Festival,5,No,No
Flavoured Milk (200ml),West,2023-01-02,2993,33.5,22.8,No_Festival,5,No,No
Flavoured Milk (200ml),West,2023-01-09,942,33.27,21.2,No_Festival,2,No,No
Flavoured Milk (200ml),West,2023-01-16,3543,33.15,22.3,No_Festival,5,No,No
Flavoured Milk (200ml),West,2023-01-23,4556,33.26,22.3,Republic Day,7,Yes,Yes
Flavoured Milk (200ml),West,2023-01-30,5568,33.12,23.9,No_Festival,7,No,No
Flavoured Milk (200ml),West,2023-02-06,3454,33.18,22.6,No_Festival,6,No,No
Flavoured Milk (200ml),West,2023-02-13,3357,32.85,24.8,No_Festival,5,No,No
Flavoured Milk (200ml),West,2023-02-20,3103,33.02,24.9,No_Festival,6,No,No
Flavoured Milk (200ml),West,2023-02-27,3156,33.35,26.9,No_Festival,6,No,No
Flavoured Milk (200ml),West,2023-03-06,2995,32.85,29.2,Holi,4,Yes,Yes
Flavoured Milk (200ml),West,2023-03-13,3104,32.69,26.8,No_Festival,5,No,No
Flavoured Milk (200ml),West,2023-03-20,2579,33.31,28.1,No_Festival,5,No,No
Flavoured Milk (200ml),West,2023-03-27,3836,32.41,27.5,No_Festival,5,No,No
Flavoured Milk (200ml),West,2023-04-03,2078,32.82,33.6,No_Festival,3,No,No
Flavoured Milk (200ml),West,2023-04-10,4094,32.95,30.8,Baisakhi,6,Yes,Yes
Flavoured Milk (200ml),West,2023-04-17,3654,33.2,32.1,No_Festival,6,No,Yes
Flavoured Milk (200ml),West,2023-04-24,2479,33.1,31.0,No_Festival,4,No,No
Flavoured Milk (200ml),West,2023-05-01,3483,32.61,35.9,No_Festival,6,No,No
Flavoured Milk (200ml),West,2023-05-08,2503,32.37,36.2,No_Festival,5,No,No
Flavoured Milk (200ml),West,2023-05-15,4177,32.84,36.2,No_Festival,6,No,No
Flavoured Milk (200ml),West,2023-05-22,3719,32.71,37.0,No_Festival,6,No,No
Flavoured Milk (200ml),West,2023-05-29,3848,33.04,31.8,No_Festival,7,No,No
Flavoured Milk (200ml),West,2023-06-05,1725,33.03,31.4,No_Festival,2,No,No
Flavoured Milk (200ml),West,2023-06-12,4170,33.25,32.3,No_Festival,6,No,No
Flavoured Milk (200ml),West,2023-06-19,4748,33.02,32.3,No_Festival,7,No,No
Flavoured Milk (200ml),West,2023-06-26,3987,32.71,31.8,No_Festival,6,No,Yes
Flavoured Milk (200ml),West,2023-07-03,4020,32.77,30.1,No_Festival,5,No,No
Flavoured Milk (200ml),West,2023-07-10,3772,32.98,27.7,No_Festival,6,No,No
Flavoured Milk (200ml),West,2023-07-17,3624,33.38,28.6,No_Festival,6,No,No
Flavoured Milk (200ml),West,2023-07-24,3529,33.16,29.0,No_Festival,6,No,No
Flavoured Milk (200ml),West,2023-07-31,3762,32.87,27.5,No_Festival,7,No,No
Flavoured Milk (200ml),West,2023-08-07,3166,32.88,29.7,No_Festival,5,No,No
Flavoured Milk (200ml),West,2023-08-14,5535,32.65,28.9,Independence Day,7,Yes,Yes
Flavoured Milk (200ml),West,2023-08-21,4108,33.09,28.7,No_Festival,6,No,No
Flavoured Milk (200ml),West,2023-08-28,3718,32.61,29.1,Raksha Bandhan,6,Yes,Yes
Flavoured Milk (200ml),West,2023-09-04,3666,33.17,27.7,Janmashtami,6,Yes,Yes
Flavoured Milk (200ml),West,2023-09-11,3622,32.94,28.5,No_Festival,7,No,No
Flavoured Milk (200ml),West,2023-09-18,3470,32.74,29.0,No_Festival,6,No,No
Flavoured Milk (200ml),West,2023-09-25,2661,32.92,29.2,No_Festival,5,No,No
Flavoured Milk (200ml),West,2023-10-02,3076,33.02,31.2,Gandhi Jayanti,5,Yes,Yes
Flavoured Milk (200ml),West,2023-10-09,4250,32.65,30.8,No_Festival,7,No,No
Flavoured Milk (200ml),West,2023-10-16,2734,32.83,28.8,No_Festival,4,No,No
Flavoured Milk (200ml),West,2023-10-23,3016,33.0,31.7,No_Festival,5,No,No
Flavoured Milk (200ml),West,2023-10-30,3868,32.62,27.9,No_Festival,6,No,No
Flavoured Milk (200ml),West,2023-11-06,3808,32.82,26.4,Diwali,6,Yes,Yes
Flavoured Milk (200ml),West,2023-11-13,2264,32.99,26.2,No_Festival,5,No,No
Flavoured Milk (200ml),West,2023-11-20,4984,32.96,25.2,No_Festival,7,No,No
Flavoured Milk (200ml),West,2023-11-27,2226,32.68,24.0,Guru Nanak Jayanti,3,Yes,Yes
Flavoured Milk (200ml),West,2023-12-04,2480,32.8,22.4,No_Festival,4,No,No
Flavoured Milk (200ml),West,2023-12-11,3534,32.82,21.3,No_Festival,5,No,No
Flavoured Milk (200ml),West,2023-12-18,4441,32.9,22.2,No_Festival,7,No,No
Flavoured Milk (200ml),West,2023-12-25,3906,33.42,21.5,Christmas,5,Yes,Yes
Full Cream Milk (1L),Central,2020-12-28,4340,60.12,17.4,No_Festival,2,No,No
Full Cream Milk (1L),Central,2021-01-04,8439,60.5,18.2,No_Festival,6,No,No
Full Cream Milk (1L),Central,2021-01-11,11890,59.62,18.6,Makar Sankranti,7,Yes,Yes
Full Cream Milk (1L),Central,2021-01-18,9776,60.13,18.2,No_Festival,6,No,No
Full Cream Milk (1L),Central,2021-01-25,5357,59.45,17.2,No_Festival,4,No,No
Full Cream Milk (1L),Central,2021-02-01,5338,60.84,19.3,No_Festival,5,No,No
Full Cream Milk (1L),Central,2021-02-08,7251,59.23,21.6,No_Festival,6,No,No
Full Cream Milk (1L),Central,2021-02-15,10095,60.04,21.6,No_Festival,6,No,No
Full Cream Milk (1L),Central,2021-02-22,9230,59.55,20.0,No_Festival,6,No,No
Full Cream Milk (1L),Central,2021-03-01,6373,60.06,28.3,No_Festival,5,No,No
Full Cream Milk (1L),Central,2021-03-08,4657,60.75,26.7,No_Festival,4,No,No
Full Cream Milk (1L),Central,2021-03-15,7754,60.54,27.9,No_Festival,6,No,No
Full Cream Milk (1L),Central,2021-03-22,10588,59.54,27.0,No_Festival,6,No,No
Full Cream Milk (1L),Central,2021-03-29,8930,59.46,30.4,No_Festival,5,No,No
Full Cream Milk (1L),Central,2021-04-05,6924,60.0,31.8,No_Festival,5,No,No
Full Cream Milk (1L),Central,2021-04-12,7949,59.36,34.2,No_Festival,6,No,No
Full Cream Milk (1L),Central,2021-04-19,8031,59.54,33.9,No_Festival,5,No,No
Full Cream Milk (1L),Central,2021-04-26,9207,60.21,35.2,No_Festival,6,No,No
Full Cream Milk (1L),Central,2021-05-03,6772,59.94,38.9,No_Festival,5,No,No
Full Cream Milk (1L),Central,2021-05-10,7378,60.64,37.9,No_Festival,5,No,Yes
Full Cream Milk (1L),Central,2021-05-17,5472,59.19,37.8,No_Festival,4,No,No
Full Cream Milk (1L),Central,2021-05-24,9738,59.81,37.7,No_Festival,7,No,No
Full Cream Milk (1L),Central,2021-05-31,4190,59.66,35.1,No_Festival,3,No,No
Full Cream Milk (1L),Central,2021-06-07,8378,59.19,36.4,No_Festival,5,No,No
Full Cream Milk (1L),Central,2021-06-14,9531,60.02,36.6,No_Festival,6,No,No
Full Cream Milk (1L),Central,2021-06-21,8174,59.45,37.2,No_Festival,6,No,No
Full Cream Milk (1L),Central,2021-06-28,8650,59.98,31.3,No_Festival,5,No,No
Full Cream Milk (1L),Central,2021-07-05,7939,59.92,30.0,No_Festival,6,No,No
Full Cream Milk (1L),Central,2021-07-12,10982,60.64,31.0,No_Festival,6,No,No
Full Cream Milk (1L),Central,2021-07-19,8696,59.95,30.7,No_Festival,6,No,Yes
Full Cream Milk (1L),Central,2021-07-26,5849,58.93,30.7,No_Festival,5,No,No
Full Cream Milk (1L),Central,2021-08-02,5944,60.0,29.8,No_Festival,4,No,No
Full Cream Milk (1L),Central,2021-08-09,7496,60.5,29.6,Independence Day,5,Yes,Yes
Full Cream Milk (1L),Central,2021-08-16,8561,59.71,30.1,Raksha Bandhan,5,Yes,Yes
Full Cream Milk (1L),Central,2021-08-23,6640,60.16,31.1,No_Festival,6,No,No
Full Cream Milk (1L),Central,2021-08-30,7511,59.25,28.4,No_Festival,5,No,No
Full Cream Milk (1L),Central,2021-09-06,7338,59.2,30.2,No_Festival,5,No,No
Full Cream Milk (1L),Central,2021-09-13,5243,59.68,28.8,No_Festival,4,No,No
Full Cream Milk (1L),Central,2021-09-20,11224,58.99,30.2,No_Festival,6,No,No
Full Cream Milk (1L),Central,2021-09-27,10583,60.21,28.9,Gandhi Jayanti,6,Yes,Yes
Full Cream Milk (1L),Central,2021-10-04,3990,59.75,28.7,No_Festival,3,No,No
Full Cream Milk (1L),Central,2021-10-11,11796,59.36,28.2,Navratri,7,Yes,Yes
Full Cream Milk (1L),Central,2021-10-18,8315,59.89,29.2,No_Festival,5,No,No
Full Cream Milk (1L),Central,2021-10-25,7866,59.97,27.7,No_Festival,5,No,No
Full Cream Milk (1L),Central,2021-11-01,10696,60.44,22.9,Diwali,7,Yes,Yes
Full Cream Milk (1L),Central,2021-11-08,3788,61.22,22.4,No_Festival,3,No,No
Full Cream Milk (1L),Central,2021-11-15,8455,60.19,23.0,Guru Nanak Jayanti,5,Yes,Yes
Full Cream Milk (1L),Central,2021-11-22,9938,60.17,23.4,No_Festival,7,No,No
Full Cream Milk (1L),Central,2021-11-29,8452,60.54,17.8,No_Festival,5,No,No
Full Cream Milk (1L),Central,2021-12-06,10073,59.12,19.7,No_Festival,7,No,No
Full Cream Milk (1L),Central,2021-12-13,7304,59.94,18.0,No_Festival,5,No,No
Full Cream Milk (1L),Central,2021-12-20,7637,59.7,16.4,Christmas,5,Yes,Yes
Full Cream Milk (1L),Central,2021-12-27,8269,61.64,17.6,No_Festival,7,No,No
Full Cream Milk (1L),Central,2022-01-03,9046,62.14,18.1,No_Festival,6,No,No
Full Cream Milk (1L),Central,2022-01-10,9484,63.42,17.3,Makar Sankranti,6,Yes,Yes
Full Cream Milk (1L),Central,2022-01-17,8368,62.9,17.2,No_Festival,6,No,No
Full Cream Milk (1L),Central,2022-01-24,6743,61.97,17.4,Republic Day,5,Yes,Yes
Full Cream Milk (1L),Central,2022-01-31,6053,62.16,19.2,No_Festival,5,No,No
Full Cream Milk (1L),Central,2022-02-07,9170,63.53,22.5,No_Festival,7,No,No
Full Cream Milk (1L),Central,2022-02-14,6883,63.13,21.8,No_Festival,6,No,No
Full Cream Milk (1L),Central,2022-02-21,2117,62.84,23.6,No_Festival,2,No,No
Full Cream Milk (1L),Central,2022-02-28,6363,62.66,26.5,No_Festival,4,No,No
Full Cream Milk (1L),Central,2022-03-07,5391,62.5,27.0,No_Festival,4,No,No
Full Cream Milk (1L),Central,2022-03-14,10221,63.22,27.4,No_Festival,6,No,No
Full Cream Milk (1L),Central,2022-03-21,7573,63.18,27.6,No_Festival,5,No,No
Full Cream Milk (1L),Central,2022-03-28,9627,63.42,30.1,No_Festival,6,No,No
Full Cream Milk (1L),Central,2022-04-04,7366,62.37,34.4,No_Festival,5,No,No
Full Cream Milk (1L),Central,2022-04-11,6859,62.47,32.7,No_Festival,5,No,No
Full Cream Milk (1L),Central,2022-04-18,8415,62.46,32.8,No_Festival,6,No,No
Full Cream Milk (1L),Central,2022-04-25,9249,62.84,33.2,No_Festival,6,No,No
Full Cream Milk (1L),Central,2022-05-02,5876,63.0,37.7,No_Festival,4,No,Yes
Full Cream Milk (1L),Central,2022-05-09,6537,63.27,39.1,No_Festival,5,No,No
Full Cream Milk (1L),Central,2022-05-16,4148,63.0,37.8,No_Festival,4,No,No
Full Cream Milk (1L),Central,2022-05-23,8382,62.72,37.1,No_Festival,6,No,No
Full Cream Milk (1L),Central,2022-05-30,8432,62.91,36.8,No_Festival,5,No,No
Full Cream Milk (1L),Central,2022-06-06,7525,63.33,35.7,No_Festival,5,No,No
Full Cream Milk (1L),Central,2022-06-13,7171,63.31,35.4,No_Festival,5,No,No
Full Cream Milk (1L),Central,2022-06-20,8279,62.67,35.9,No_Festival,6,No,No
Full Cream Milk (1L),Central,2022-06-27,8781,62.84,36.1,No_Festival,6,No,No
Full Cream Milk (1L),Central,2022-07-04,7150,63.53,31.3,No_Festival,6,No,Yes
Full Cream Milk (1L),Central,2022-07-11,6340,63.16,31.8,No_Festival,4,No,No
Full Cream Milk (1L),Central,2022-07-18,2967,62.8,30.4,No_Festival,3,No,No
Full Cream Milk (1L),Central,2022-07-25,9670,62.92,31.3,No_Festival,6,No,No
Full Cream Milk (1L),Central,2022-08-01,7434,63.25,28.3,No_Festival,6,No,No
Full Cream Milk (1L),Central,2022-08-08,6248,62.22,31.0,No_Festival,4,No,No
Full Cream Milk (1L),Central,2022-08-15,9312,63.12,31.1,"Independence Day, Janmashtami",6,Yes,Yes
Full Cream Milk (1L),Central,2022-08-22,11671,62.93,31.2,No_Festival,7,No,No
Full Cream Milk (1L),Central,2022-08-29,6486,63.76,29.7,No_Festival,4,No,No
Full Cream Milk (1L),Central,2022-09-05,4069,63.08,30.5,No_Festival,3,No,No
Full Cream Milk (1L),Central,2022-09-12,9663,63.04,30.2,No_Festival,6,No,No
Full Cream Milk (1L),Central,2022-09-19,8336,62.89,31.8,No_Festival,6,No,No
Full Cream Milk (1L),Central,2022-09-26,7226,63.24,28.6,Gandhi Jayanti,5,Yes,Yes
Full Cream Milk (1L),Central,2022-10-03,8818,62.85,29.0,No_Festival,6,No,No
Full Cream Milk (1L),Central,2022-10-10,11349,63.94,28.0,No_Festival,7,No,No
Full Cream Milk (1L),Central,2022-10-17,9404,62.46,26.0,No_Festival,6,No,No
Full Cream Milk (1L),Central,2022-10-24,8392,62.5,28.4,No_Festival,6,No,No
Full Cream Milk (1L),Central,2022-10-31,9493,63.32,23.8,No_Festival,6,No,No
Full Cream Milk (1L),Central,2022-11-07,10221,63.28,22.1,Guru Nanak Jayanti,7,Yes,Yes
Full Cream Milk (1L),Central,2022-11-14,8384,63.15,21.8,No_Festival,6,No,No
Full Cream Milk (1L),Central,2022-11-21,3607,62.41,24.2,No_Festival,2,No,No
Full Cream Milk (1L),Central,2022-11-28,7293,63.35,20.7,No_Festival,5,No,No
Full Cream Milk (1L),Central,2022-12-05,8353,63.19,18.6,No_Festival,5,No,No
Full Cream Milk (1L),Central,2022-12-12,9984,63.58,18.6,No_Festival,6,No,No
Full Cream Milk (1L),Central,2022-12-19,10254,63.36,17.0,Christmas,7,Yes,Yes
Full Cream Milk (1L),Central,2022-12-26,3378,63.1,18.2,No_Festival,3,No,No
Full Cream Milk (1L),Central,2023-01-02,5277,66.27,17.7,No_Festival,5,No,No
Full Cream Milk (1L),Central,2023-01-09,8805,65.97,17.9,Makar Sankranti,6,Yes,Yes
Full Cream Milk (1L),Central,2023-01-16,6562,66.12,17.1,No_Festival,5,No,No
Full Cream Milk (1L),Central,2023-01-23,7506,65.72,18.2,Republic Day,4,Yes,Yes
Full Cream Milk (1L),Central,2023-01-30,4793,66.88,21.6,No_Festival,4,No,No
Full Cream Milk (1L),Central,2023-02-06,7182,65.39,22.4,No_Festival,5,No,No
Full Cream Milk (1L),Central,2023-02-13,5643,66.09,21.0,No_Festival,5,No,No
Full Cream Milk (1L),Central,2023-02-20,7521,65.6,19.9,No_Festival,5,No,No
Full Cream Milk (1L),Central,2023-02-27,6791,65.87,25.6,No_Festival,5,No,No
Full Cream Milk (1L),Central,2023-03-06,8111,66.12,27.1,Holi,6,Yes,Yes
Full Cream Milk (1L),Central,2023-03-13,7581,66.11,26.4,No_Festival,5,No,No
Full Cream Milk (1L),Central,2023-03-20,6493,66.41,28.2,No_Festival,5,No,No
Full Cream Milk (1L),Central,2023-03-27,10185,65.72,28.2,No_Festival,6,No,No
Full Cream Milk (1L),Central,2023-04-03,9359,65.77,32.2,No_Festival,6,No,No
Full Cream Milk (1L),Central,2023-04-10,11169,66.25,32.7,Baisakhi,7,Yes,Yes
Full Cream Milk (1L),Central,2023-04-17,7234,66.36,33.8,No_Festival,4,No,No
Full Cream Milk (1L),Central,2023-04-24,8080,66.01,34.8,No_Festival,5,No,No
Full Cream Milk (1L),Central,2023-05-01,7218,65.61,37.0,No_Festival,5,No,No
Full Cream Milk (1L),Central,2023-05-08,8304,66.93,39.8,No_Festival,5,No,No
Full Cream Milk (1L),Central,2023-05-15,4083,67.12,38.3,No_Festival,3,No,No
Full Cream Milk (1L),Central,2023-05-22,6536,66.03,38.7,No_Festival,5,No,No
Full Cream Milk (1L),Central,2023-05-29,7039,65.68,37.1,No_Festival,5,No,No
Full Cream Milk (1L),Central,2023-06-05,3181,64.92,36.6,No_Festival,3,No,No
Full Cream Milk (1L),Central,2023-06-12,9529,66.86,37.7,No_Festival,7,No,No
Full Cream Milk (1L),Central,2023-06-19,9431,66.4,36.8,No_Festival,7,No,No
Full Cream Milk (1L),Central,2023-06-26,8781,66.66,35.1,No_Festival,7,No,Yes
Full Cream Milk (1L),Central,2023-07-03,8235,64.92,31.0,No_Festival,5,No,No
Full Cream Milk (1L),Central,2023-07-10,9607,66.23,31.2,No_Festival,6,No,No
Full Cream Milk (1L),Central,2023-07-17,7577,65.85,32.4,No_Festival,6,No,No
Full Cream Milk (1L),Central,2023-07-24,8567,66.41,30.6,No_Festival,5,No,No
Full Cream Milk (1L),Central,2023-07-31,6401,66.32,29.7,No_Festival,6,No,No
Full Cream Milk (1L),Central,2023-08-07,9541,65.51,29.2,No_Festival,6,No,No
Full Cream Milk (1L),Central,2023-08-14,7604,66.43,30.0,Independence Day,5,Yes,Yes
Full Cream Milk (1L),Central,2023-08-21,7471,65.76,31.2,No_Festival,5,No,No
Full Cream Milk (1L),Central,2023-08-28,7644,66.41,31.6,Raksha Bandhan,5,Yes,Yes
Full Cream Milk (1L),Central,2023-09-04,7765,66.08,30.2,Janmashtami,5,Yes,Yes
Full Cream Milk (1L),Central,2023-09-11,7072,65.24,29.3,No_Festival,5,No,No
Full Cream Milk (1L),Central,2023-09-18,8469,65.72,30.3,No_Festival,6,No,No
Full Cream Milk (1L),Central,2023-09-25,8181,65.95,29.5,No_Festival,5,No,No
Full Cream Milk (1L),Central,2023-10-02,9327,65.53,29.2,Gandhi Jayanti,6,Yes,Yes
Full Cream Milk (1L),Central,2023-10-09,10247,66.46,28.4,No_Festival,7,No,No
Full Cream Milk (1L),Central,2023-10-16,8791,65.96,26.3,No_Festival,6,No,No
Full Cream Milk (1L),Central,2023-10-23,7255,66.44,27.2,No_Festival,6,No,No
Full Cream Milk (1L),Central,2023-10-30,8296,66.5,24.3,No_Festival,6,No,No
Full Cream Milk (1L),Central,2023-11-06,9301,66.25,21.5,Diwali,7,Yes,Yes
Full Cream Milk (1L),Central,2023-11-13,8105,66.22,23.6,No_Festival,5,No,No
Full Cream Milk (1L),Central,2023-11-20,7568,65.55,22.9,No_Festival,5,No,No
Full Cream Milk (1L),Central,2023-11-27,10660,65.93,21.4,Guru Nanak Jayanti,7,Yes,Yes
Full Cream Milk (1L),Central,2023-12-04,8624,66.3,17.7,No_Festival,6,No,No
Full Cream Milk (1L),Central,2023-12-11,7390,66.34,19.5,No_Festival,6,No,No
Full Cream Milk (1L),Central,2023-12-18,9495,66.92,19.1,No_Festival,6,No,No
Full Cream Milk (1L),Central,2023-12-25,8117,66.1,18.4,No_Festival,6,No,No
Full Cream Milk (1L),East,2020-12-28,5191,59.81,17.6,No_Festival,3,No,No
Full Cream Milk (1L),East,2021-01-04,6200,59.76,18.3,No_Festival,5,No,No
Full Cream Milk (1L),East,2021-01-11,5928,58.92,18.8,Makar Sankranti,4,Yes,Yes
Full Cream Milk (1L),East,2021-01-18,9744,60.17,18.8,No_Festival,6,No,No
Full Cream Milk (1L),East,2021-01-25,6315,60.63,18.5,No_Festival,5,No,No
Full Cream Milk (1L),East,2021-02-01,6672,59.77,20.7,No_Festival,5,No,No
Full Cream Milk (1L),East,2021-02-08,9140,59.38,20.7,No_Festival,6,No,No
Full Cream Milk (1L),East,2021-02-15,8770,60.76,22.8,No_Festival,6,No,No
Full Cream Milk (1L),East,2021-02-22,9178,59.68,21.2,No_Festival,6,No,No
Full Cream Milk (1L),East,2021-03-01,7766,59.7,26.1,No_Festival,5,No,No
Full Cream Milk (1L),East,2021-03-08,10160,60.36,25.8,No_Festival,7,No,No
Full Cream Milk (1L),East,2021-03-15,9598,59.89,27.8,No_Festival,7,No,No
Full Cream Milk (1L),East,2021-03-22,9123,59.69,26.4,Holi,6,Yes,Yes
Full Cream Milk (1L),East,2021-03-29,6297,60.68,28.4,No_Festival,5,No,No
Full Cream Milk (1L),East,2021-04-05,7900,60.08,31.9,No_Festival,5,No,No
Full Cream Milk (1L),East,2021-04-12,9672,60.03,32.0,Baisakhi,7,Yes,Yes
Full Cream Milk (1L),East,2021-04-19,10857,59.43,31.2,No_Festival,7,No,No
Full Cream Milk (1L),East,2021-04-26,8142,60.25,33.1,No_Festival,5,No,No
Full Cream Milk (1L),East,2021-05-03,10056,59.62,34.0,No_Festival,7,No,No
Full Cream Milk (1L),East,2021-05-10,7282,60.46,34.5,No_Festival,5,No,Yes
Full Cream Milk (1L),East,2021-05-17,5911,60.18,35.6,No_Festival,4,No,No
Full Cream Milk (1L),East,2021-05-24,9957,59.63,33.6,No_Festival,7,No,No
Full Cream Milk (1L),East,2021-05-31,9955,60.43,33.2,No_Festival,6,No,No
Full Cream Milk (1L),East,2021-06-07,8161,60.11,31.7,No_Festival,6,No,No
Full Cream Milk (1L),East,2021-06-14,6673,59.62,31.9,No_Festival,5,No,No
Full Cream Milk (1L),East,2021-06-21,5791,60.58,32.4,No_Festival,4,No,No
Full Cream Milk (1L),East,2021-06-28,7888,59.45,31.2,No_Festival,5,No,No
Full Cream Milk (1L),East,2021-07-05,9491,60.26,29.7,No_Festival,6,No,No
Full Cream Milk (1L),East,2021-07-12,8796,59.37,29.3,No_Festival,6,No,No
Full Cream Milk (1L),East,2021-07-19,8033,60.54,29.4,No_Festival,7,No,Yes
Full Cream Milk (1L),East,2021-07-26,8634,59.79,29.5,No_Festival,6,No,No
Full Cream Milk (1L),East,2021-08-02,7996,60.27,28.2,No_Festival,5,No,No
Full Cream Milk (1L),East,2021-08-09,5528,59.72,29.2,No_Festival,4,No,No
Full Cream Milk (1L),East,2021-08-16,6633,60.08,30.5,Raksha Bandhan,4,Yes,Yes
Full Cream Milk (1L),East,2021-08-23,8402,59.01,31.4,No_Festival,6,No,No
Full Cream Milk (1L),East,2021-08-30,8486,59.67,29.1,Janmashtami,6,Yes,Yes
Full Cream Milk (1L),East,2021-09-06,6764,59.94,29.7,No_Festival,6,No,No
Full Cream Milk (1L),East,2021-09-13,10226,59.58,29.4,No_Festival,6,No,No
Full Cream Milk (1L),East,2021-09-20,6643,59.43,30.0,No_Festival,5,No,No
Full Cream Milk (1L),East,2021-09-27,9627,59.59,28.2,Gandhi Jayanti,6,Yes,Yes
Full Cream Milk (1L),East,2021-10-04,9101,60.57,25.6,No_Festival,5,No,No
Full Cream Milk (1L),East,2021-10-11,8348,60.25,27.8,Navratri,5,Yes,Yes
Full Cream Milk (1L),East,2021-10-18,11048,59.73,27.3,No_Festival,7,No,No
Full Cream Milk (1L),East,2021-10-25,8462,60.98,27.8,No_Festival,6,No,No
Full Cream Milk (1L),East,2021-11-01,3936,60.03,22.7,Diwali,3,Yes,Yes
Full Cream Milk (1L),East,2021-11-08,6929,59.94,22.7,No_Festival,6,No,No
Full Cream Milk (1L),East,2021-11-15,5054,59.23,22.6,No_Festival,3,No,No
Full Cream Milk (1L),East,2021-11-22,8374,59.68,20.6,No_Festival,6,No,No
Full Cream Milk (1L),East,2021-11-29,12326,60.53,18.3,No_Festival,7,No,No
Full Cream Milk (1L),East,2021-12-06,10042,59.32,16.7,No_Festival,7,No,No
Full Cream Milk (1L),East,2021-12-13,9268,59.68,16.7,No_Festival,7,No,No
Full Cream Milk (1L),East,2021-12-20,8689,60.54,17.2,Christmas,5,Yes,Yes
Full Cream Milk (1L),East,2021-12-27,6922,60.39,16.5,No_Festival,4,No,No
Full Cream Milk (1L),East,2022-01-03,5447,63.08,20.0,No_Festival,4,No,No
Full Cream Milk (1L),East,2022-01-10,9291,63.67,17.9,Makar Sankranti,7,Yes,Yes
Full Cream Milk (1L),East,2022-01-17,2781,63.39,18.4,No_Festival,2,No,No
Full Cream Milk (1L),East,2022-01-24,8626,62.71,18.1,Republic Day,5,Yes,Yes
Full Cream Milk (1L),East,2022-01-31,9990,63.56,20.8,No_Festival,7,No,No
Full Cream Milk (1L),East,2022-02-07,5929,61.94,20.8,No_Festival,4,No,No
Full Cream Milk (1L),East,2022-02-14,8015,62.69,21.7,No_Festival,6,No,No
Full Cream Milk (1L),East,2022-02-21,6398,63.2,22.7,No_Festival,5,No,No
Full Cream Milk (1L),East,2022-02-28,7996,62.78,25.6,No_Festival,6,No,No
Full Cream Milk (1L),East,2022-03-07,8596,62.66,28.6,No_Festival,7,No,No
Full Cream Milk (1L),East,2022-03-14,8855,63.59,27.2,Holi,6,Yes,Yes
Full Cream Milk (1L),East,2022-03-21,4898,62.64,25.8,No_Festival,4,No,No
Full Cream Milk (1L),East,2022-03-28,7915,62.36,28.6,No_Festival,5,No,No
Full Cream Milk (1L),East,2022-04-04,5522,63.68,32.6,No_Festival,4,No,No
Full Cream Milk (1L),East,2022-04-11,9805,63.29,32.5,Baisakhi,5,Yes,Yes
Full Cream Milk (1L),East,2022-04-18,4552,63.38,33.0,No_Festival,4,No,No
Full Cream Milk (1L),East,2022-04-25,7877,63.28,31.9,No_Festival,5,No,No
Full Cream Milk (1L),East,2022-05-02,7624,63.17,34.0,No_Festival,5,No,Yes
Full Cream Milk (1L),East,2022-05-09,5249,63.13,34.9,No_Festival,5,No,No
Full Cream Milk (1L),East,2022-05-16,5582,62.59,33.3,No_Festival,5,No,No
Full Cream Milk (1L),East,2022-05-23,6963,62.21,35.9,No_Festival,4,No,No
Full Cream Milk (1L),East,2022-05-30,6817,62.98,32.9,No_Festival,6,No,No
Full Cream Milk (1L),East,2022-06-06,10793,63.05,30.7,No_Festival,7,No,No
Full Cream Milk (1L),East,2022-06-13,7538,62.48,31.2,No_Festival,6,No,No
Full Cream Milk (1L),East,2022-06-20,7761,63.04,32.1,No_Festival,5,No,No
Full Cream Milk (1L),East,2022-06-27,5917,62.58,31.5,No_Festival,4,No,No
Full Cream Milk (1L),East,2022-07-04,5787,63.26,29.8,No_Festival,4,No,No
Full Cream Milk (1L),East,2022-07-11,9010,63.36,30.3,No_Festival,6,No,No
Full Cream Milk (1L),East,2022-07-18,9078,63.44,29.2,No_Festival,6,No,No
Full Cream Milk (1L),East,2022-07-25,6639,63.05,32.4,No_Festival,4,No,No
Full Cream Milk (1L),East,2022-08-01,7227,62.0,29.4,No_Festival,4,No,No
Full Cream Milk (1L),East,2022-08-08,11225,63.0,30.5,Raksha Bandhan,7,Yes,Yes
Full Cream Milk (1L),East,2022-08-15,8977,63.35,30.7,"Independence Day, Janmashtami",6,Yes,Yes
Full Cream Milk (1L),East,2022-08-22,9711,63.3,30.1,No_Festival,7,No,No
Full Cream Milk (1L),East,2022-08-29,8642,63.19,29.8,No_Festival,6,No,No
Full Cream Milk (1L),East,2022-09-05,6164,62.84,29.4,No_Festival,6,No,No
Full Cream Milk (1L),East,2022-09-12,6393,63.25,28.1,No_Festival,5,No,No
Full Cream Milk (1L),East,2022-09-19,10830,63.19,30.7,No_Festival,7,No,No
Full Cream Milk (1L),East,2022-09-26,8798,62.83,28.6,Gandhi Jayanti,5,Yes,Yes
Full Cream Milk (1L),East,2022-10-03,6813,62.87,26.5,No_Festival,5,No,No
Full Cream Milk (1L),East,2022-10-10,9214,63.64,28.5,No_Festival,6,No,No
Full Cream Milk (1L),East,2022-10-17,7511,63.44,25.3,No_Festival,5,No,No
Full Cream Milk (1L),East,2022-10-24,8553,62.54,28.8,Diwali,5,Yes,Yes
Full Cream Milk (1L),East,2022-10-31,6767,63.11,23.6,No_Festival,5,No,No
Full Cream Milk (1L),East,2022-11-07,6642,63.94,22.2,Guru Nanak Jayanti,4,Yes,Yes
Full Cream Milk (1L),East,2022-11-14,9935,63.27,22.5,No_Festival,5,No,No
Full Cream Milk (1L),East,2022-11-21,8017,63.14,22.2,No_Festival,6,No,No
Full Cream Milk (1L),East,2022-11-28,6450,62.55,18.3,No_Festival,4,No,No
Full Cream Milk (1L),East,2022-12-05,7877,63.15,15.0,No_Festival,5,No,No
Full Cream Milk (1L),East,2022-12-12,6162,63.18,17.3,No_Festival,4,No,No
Full Cream Milk (1L),East,2022-12-19,4813,63.2,16.3,No_Festival,4,No,No
Full Cream Milk (1L),East,2022-12-26,9544,64.1,18.1,No_Festival,6,No,No
Full Cream Milk (1L),East,2023-01-02,7115,65.4,19.1,No_Festival,5,No,No
Full Cream Milk (1L),East,2023-01-09,10472,65.7,18.5,Makar Sankranti,6,Yes,Yes
Full Cream Milk (1L),East,2023-01-16,7498,65.97,19.3,No_Festival,5,No,No
Full Cream Milk (1L),East,2023-01-23,6495,65.4,18.8,Republic Day,4,Yes,Yes
Full Cream Milk (1L),East,2023-01-30,10621,65.66,19.8,No_Festival,7,No,No
Full Cream Milk (1L),East,2023-02-06,9646,65.83,21.3,No_Festival,6,No,No
Full Cream Milk (1L),East,2023-02-13,9408,65.86,20.6,No_Festival,6,No,No
Full Cream Milk (1L),East,2023-02-20,4484,65.7,20.0,No_Festival,4,No,No
Full Cream Milk (1L),East,2023-02-27,6415,66.52,25.6,No_Festival,6,No,No
Full Cream Milk (1L),East,2023-03-06,7351,65.94,27.7,Holi,5,Yes,Yes
Full Cream Milk (1L),East,2023-03-13,7984,66.35,26.0,No_Festival,5,No,No
Full Cream Milk (1L),East,2023-03-20,7780,65.11,27.1,No_Festival,4,No,No
Full Cream Milk (1L),East,2023-03-27,4577,65.69,30.6,No_Festival,3,No,No
Full Cream Milk (1L),East,2023-04-03,7561,65.74,33.0,No_Festival,5,No,No
Full Cream Milk (1L),East,2023-04-10,8042,65.11,30.9,Baisakhi,5,Yes,Yes
Full Cream Milk (1L),East,2023-04-17,8471,66.39,31.4,No_Festival,6,No,Yes
Full Cream Milk (1L),East,2023-04-24,9362,66.89,32.0,No_Festival,6,No,No
Full Cream Milk (1L),East,2023-05-01,7304,66.13,34.4,No_Festival,5,No,No
Full Cream Milk (1L),East,2023-05-08,7215,65.96,32.9,No_Festival,5,No,No
Full Cream Milk (1L),East,2023-05-15,5220,64.9,34.2,No_Festival,4,No,No
Full Cream Milk (1L),East,2023-05-22,11377,66.1,34.3,No_Festival,6,No,No
Full Cream Milk (1L),East,2023-05-29,7013,66.19,32.0,No_Festival,5,No,No
Full Cream Milk (1L),East,2023-06-05,5293,66.94,30.5,No_Festival,4,No,No
Full Cream Milk (1L),East,2023-06-12,4292,66.08,31.0,No_Festival,3,No,No
Full Cream Milk (1L),East,2023-06-19,5407,67.01,33.0,No_Festival,4,No,No
Full Cream Milk (1L),East,2023-06-26,8500,65.95,32.0,No_Festival,5,No,Yes
Full Cream Milk (1L),East,2023-07-03,8865,66.04,29.0,No_Festival,6,No,No
Full Cream Milk (1L),East,2023-07-10,5086,66.7,31.5,No_Festival,4,No,No
Full Cream Milk (1L),East,2023-07-17,6163,65.84,29.3,No_Festival,5,No,No
Full Cream Milk (1L),East,2023-07-24,6039,66.36,28.3,No_Festival,5,No,No
Full Cream Milk (1L),East,2023-07-31,8368,65.26,29.6,No_Festival,6,No,No
Full Cream Milk (1L),East,2023-08-07,8293,65.81,30.2,No_Festival,5,No,No
Full Cream Milk (1L),East,2023-08-14,4513,65.64,31.3,No_Festival,4,No,No
Full Cream Milk (1L),East,2023-08-21,7596,65.93,30.2,No_Festival,5,No,No
Full Cream Milk (1L),East,2023-08-28,7292,65.32,30.3,Raksha Bandhan,5,Yes,Yes
Full Cream Milk (1L),East,2023-09-04,10833,66.11,29.0,Janmashtami,6,Yes,Yes
Full Cream Milk (1L),East,2023-09-11,8136,66.17,28.2,No_Festival,6,No,No
Full Cream Milk (1L),East,2023-09-18,9523,65.37,30.0,No_Festival,6,No,No
Full Cream Milk (1L),East,2023-09-25,6192,65.6,28.2,No_Festival,5,No,No
Full Cream Milk (1L),East,2023-10-02,6577,64.85,25.9,Gandhi Jayanti,4,Yes,Yes
Full Cream Milk (1L),East,2023-10-09,9191,65.56,26.6,No_Festival,6,No,No
Full Cream Milk (1L),East,2023-10-16,9006,66.54,26.9,No_Festival,6,No,No
Full Cream Milk (1L),East,2023-10-23,10094,66.55,26.7,No_Festival,7,No,No
Full Cream Milk (1L),East,2023-10-30,5565,66.22,24.9,No_Festival,4,No,No
Full Cream Milk (1L),East,2023-11-06,8340,65.77,22.6,Diwali,6,Yes,Yes
Full Cream Milk (1L),East,2023-11-13,6002,66.19,21.8,No_Festival,5,No,No
Full Cream Milk (1L),East,2023-11-20,9147,65.81,21.7,No_Festival,6,No,No
Full Cream Milk (1L),East,2023-11-27,7986,66.45,18.4,No_Festival,6,No,No
Full Cream Milk (1L),East,2023-12-04,7621,66.41,16.5,No_Festival,5,No,No
Full Cream Milk (1L),East,2023-12-11,8059,66.22,16.6,No_Festival,5,No,No
Full Cream Milk (1L),East,2023-12-18,11366,65.99,16.0,No_Festival,7,No,No
Full Cream Milk (1L),East,2023-12-25,9539,66.05,17.5,No_Festival,5,No,No
Full Cream Milk (1L),North,2020-12-28,3152,59.46,14.6,No_Festival,2,No,No
Full Cream Milk (1L),North,2021-01-04,8063,60.36,14.3,No_Festival,6,No,No
Full Cream Milk (1L),North,2021-01-11,7139,60.04,15.0,Makar Sankranti,5,Yes,Yes
Full Cream Milk (1L),North,2021-01-18,7679,60.17,14.8,No_Festival,5,No,No
Full Cream Milk (1L),North,2021-01-25,6660,58.93,13.9,Republic Day,5,Yes,Yes
Full Cream Milk (1L),North,2021-02-01,2949,61.66,17.8,No_Festival,2,No,No
Full Cream Milk (1L),North,2021-02-08,1819,60.26,14.7,No_Festival,2,No,No
Full Cream Milk (1L),North,2021-02-15,7126,59.42,17.1,No_Festival,5,No,No
Full Cream Milk (1L),North,2021-02-22,5377,60.48,15.9,No_Festival,4,No,No
Full Cream Milk (1L),North,2021-03-01,7933,60.28,23.7,No_Festival,6,No,No
Full Cream Milk (1L),North,2021-03-08,8968,60.29,23.6,No_Festival,7,No,No
Full Cream Milk (1L),North,2021-03-15,9947,59.38,23.9,No_Festival,7,No,No
Full Cream Milk (1L),North,2021-03-22,12187,59.38,23.6,Holi,6,Yes,Yes
Full Cream Milk (1L),North,2021-03-29,6953,59.73,27.2,No_Festival,5,No,No
Full Cream Milk (1L),North,2021-04-05,8857,59.67,33.2,No_Festival,6,No,No
Full Cream Milk (1L),North,2021-04-12,9458,60.15,31.8,Baisakhi,6,Yes,Yes
Full Cream Milk (1L),North,2021-04-19,7268,58.94,32.4,No_Festival,5,No,No
Full Cream Milk (1L),North,2021-04-26,10071,59.9,34.6,No_Festival,6,No,No
Full Cream Milk (1L),North,2021-05-03,10361,59.84,38.7,No_Festival,7,No,No
Full Cream Milk (1L),North,2021-05-10,7845,60.5,39.0,No_Festival,6,No,Yes
Full Cream Milk (1L),North,2021-05-17,12254,60.11,38.7,No_Festival,7,No,No
Full Cream Milk (1L),North,2021-05-24,6670,60.11,37.4,No_Festival,5,No,No
Full Cream Milk (1L),North,2021-05-31,7035,59.01,40.2,No_Festival,5,No,No
Full Cream Milk (1L),North,2021-06-07,8444,59.89,40.2,No_Festival,6,No,No
Full Cream Milk (1L),North,2021-06-14,8878,60.82,39.3,No_Festival,7,No,No
Full Cream Milk (1L),North,2021-06-21,9506,60.09,39.6,No_Festival,6,No,No
Full Cream Milk (1L),North,2021-06-28,3958,60.08,33.2,No_Festival,3,No,No
Full Cream Milk (1L),North,2021-07-05,6021,59.94,35.0,No_Festival,4,No,No
Full Cream Milk (1L),North,2021-07-12,5617,59.02,35.4,No_Festival,4,No,No
Full Cream Milk (1L),North,2021-07-19,4739,59.9,35.8,No_Festival,4,No,Yes
Full Cream Milk (1L),North,2021-07-26,6257,60.56,36.6,No_Festival,5,No,No
Full Cream Milk (1L),North,2021-08-02,6494,59.49,31.1,No_Festival,4,No,No
Full Cream Milk (1L),North,2021-08-09,3553,60.61,33.2,No_Festival,3,No,No
Full Cream Milk (1L),North,2021-08-16,12074,60.14,33.6,Raksha Bandhan,7,Yes,Yes
Full Cream Milk (1L),North,2021-08-23,7048,58.75,33.0,No_Festival,6,No,No
Full Cream Milk (1L),North,2021-08-30,9534,59.9,32.9,Janmashtami,6,Yes,Yes
Full Cream Milk (1L),North,2021-09-06,6739,59.76,32.9,No_Festival,5,No,No
Full Cream Milk (1L),North,2021-09-13,6760,60.27,33.2,No_Festival,5,No,No
Full Cream Milk (1L),North,2021-09-20,8134,60.13,32.2,No_Festival,6,No,No
Full Cream Milk (1L),North,2021-09-27,7038,59.93,30.7,No_Festival,5,No,No
Full Cream Milk (1L),North,2021-10-04,7258,60.22,26.8,No_Festival,5,No,No
Full Cream Milk (1L),North,2021-10-11,7765,60.73,27.1,Navratri,5,Yes,Yes
Full Cream Milk (1L),North,2021-10-18,7897,59.8,27.2,No_Festival,5,No,No
Full Cream Milk (1L),North,2021-10-25,5918,59.73,25.9,No_Festival,4,No,No
Full Cream Milk (1L),North,2021-11-01,6603,59.59,18.5,Diwali,5,Yes,Yes
Full Cream Milk (1L),North,2021-11-08,9002,59.97,18.5,No_Festival,7,No,No
Full Cream Milk (1L),North,2021-11-15,7352,60.26,18.6,Guru Nanak Jayanti,6,Yes,Yes
Full Cream Milk (1L),North,2021-11-22,8067,60.17,19.2,No_Festival,5,No,No
Full Cream Milk (1L),North,2021-11-29,9738,60.1,15.1,No_Festival,7,No,No
Full Cream Milk (1L),North,2021-12-06,5772,59.41,15.3,No_Festival,4,No,No
Full Cream Milk (1L),North,2021-12-13,6717,59.28,14.6,No_Festival,4,No,No
Full Cream Milk (1L),North,2021-12-20,8042,59.76,14.8,Christmas,4,Yes,Yes
Full Cream Milk (1L),North,2021-12-27,10710,61.22,14.4,No_Festival,7,No,No
Full Cream Milk (1L),North,2022-01-03,4283,63.2,14.5,No_Festival,4,No,No
Full Cream Milk (1L),North,2022-01-10,5774,63.73,14.9,Makar Sankranti,3,Yes,Yes
Full Cream Milk (1L),North,2022-01-17,8223,62.14,14.3,No_Festival,6,No,No
Full Cream Milk (1L),North,2022-01-24,10529,63.03,14.6,Republic Day,6,Yes,Yes
Full Cream Milk (1L),North,2022-01-31,4673,63.04,15.4,No_Festival,4,No,No
Full Cream Milk (1L),North,2022-02-07,7517,62.41,17.2,No_Festival,5,No,No
Full Cream Milk (1L),North,2022-02-14,6468,63.02,17.7,No_Festival,4,No,No
Full Cream Milk (1L),North,2022-02-21,7952,63.29,16.3,No_Festival,6,No,No
Full Cream Milk (1L),North,2022-02-28,7605,63.58,26.0,No_Festival,5,No,No
Full Cream Milk (1L),North,2022-03-07,5104,62.22,22.7,No_Festival,4,No,No
Full Cream Milk (1L),North,2022-03-14,5868,63.56,24.0,No_Festival,4,No,No
Full Cream Milk (1L),North,2022-03-21,6285,63.07,24.9,No_Festival,5,No,No
Full Cream Milk (1L),North,2022-03-28,5709,63.73,28.3,No_Festival,4,No,No
Full Cream Milk (1L),North,2022-04-04,6984,63.33,33.3,No_Festival,5,No,No
Full Cream Milk (1L),North,2022-04-11,9283,62.74,30.9,Baisakhi,6,Yes,Yes
Full Cream Milk (1L),North,2022-04-18,8365,63.1,31.0,No_Festival,6,No,No
Full Cream Milk (1L),North,2022-04-25,4676,63.07,30.9,No_Festival,4,No,No
Full Cream Milk (1L),North,2022-05-02,8090,63.14,39.0,No_Festival,6,No,Yes
Full Cream Milk (1L),North,2022-05-09,9785,63.0,37.0,No_Festival,7,No,No
Full Cream Milk (1L),North,2022-05-16,8760,63.91,38.7,No_Festival,7,No,No
Full Cream Milk (1L),North,2022-05-23,5227,62.61,37.9,No_Festival,3,No,No
Full Cream Milk (1L),North,2022-05-30,7965,62.71,38.9,No_Festival,6,No,No
Full Cream Milk (1L),North,2022-06-06,9597,63.96,39.4,No_Festival,6,No,No
Full Cream Milk (1L),North,2022-06-13,4503,62.58,40.0,No_Festival,4,No,No
Full Cream Milk (1L),North,2022-06-20,7486,63.28,39.6,No_Festival,6,No,No
Full Cream Milk (1L),North,2022-06-27,10041,62.62,38.1,No_Festival,6,No,No
Full Cream Milk (1L),North,2022-07-04,5516,62.43,36.0,No_Festival,4,No,Yes
Full Cream Milk (1L),North,2022-07-11,7237,62.61,35.2,No_Festival,5,No,No
Full Cream Milk (1L),North,2022-07-18,6201,62.29,36.2,No_Festival,4,No,No
Full Cream Milk (1L),North,2022-07-25,9340,62.81,35.9,No_Festival,5,No,No
Full Cream Milk (1L),North,2022-08-01,6748,63.9,35.7,No_Festival,4,No,No
Full Cream Milk (1L),North,2022-08-08,7308,62.77,35.5,Raksha Bandhan,5,Yes,Yes
Full Cream Milk (1L),North,2022-08-15,9466,63.41,33.7,"Independence Day, Janmashtami",6,Yes,Yes
Full Cream Milk (1L),North,2022-08-22,7742,63.22,33.9,No_Festival,6,No,No
Full Cream Milk (1L),North,2022-08-29,9635,63.19,33.5,No_Festival,7,No,No
Full Cream Milk (1L),North,2022-09-05,8338,63.27,32.5,No_Festival,6,No,No
Full Cream Milk (1L),North,2022-09-12,5785,63.13,32.6,No_Festival,4,No,No
Full Cream Milk (1L),North,2022-09-19,9593,62.42,31.4,No_Festival,6,No,No
Full Cream Milk (1L),North,2022-09-26,9974,63.43,29.3,Gandhi Jayanti,6,Yes,Yes
Full Cream Milk (1L),North,2022-10-03,5458,63.61,26.4,No_Festival,4,No,No
Full Cream Milk (1L),North,2022-10-10,10050,62.61,26.3,No_Festival,7,No,No
Full Cream Milk (1L),North,2022-10-17,7687,63.24,26.2,No_Festival,6,No,No
Full Cream Milk (1L),North,2022-10-24,11295,62.61,26.2,Diwali,7,Yes,Yes
Full Cream Milk (1L),North,2022-10-31,6779,62.24,20.6,No_Festival,4,No,No
Full Cream Milk (1L),North,2022-11-07,10220,63.05,19.3,Guru Nanak Jayanti,6,Yes,Yes
Full Cream Milk (1L),North,2022-11-14,8241,62.74,17.6,No_Festival,6,No,No
Full Cream Milk (1L),North,2022-11-21,5689,63.86,19.0,No_Festival,4,No,No
Full Cream Milk (1L),North,2022-11-28,9043,62.6,16.8,No_Festival,6,No,No
Full Cream Milk (1L),North,2022-12-05,8509,63.84,15.2,No_Festival,6,No,No
Full Cream Milk (1L),North,2022-12-12,8326,62.91,15.9,No_Festival,6,No,No
Full Cream Milk (1L),North,2022-12-19,9218,63.4,14.0,Christmas,6,Yes,Yes
Full Cream Milk (1L),North,2022-12-26,10059,63.79,13.6,No_Festival,7,No,No
Full Cream Milk (1L),North,2023-01-02,7281,66.48,14.7,No_Festival,5,No,No
Full Cream Milk (1L),North,2023-01-09,6788,66.51,14.8,Makar Sankranti,5,Yes,Yes
Full Cream Milk (1L),North,2023-01-16,4809,65.34,13.3,No_Festival,4,No,No
Full Cream Milk (1L),North,2023-01-23,5046,66.13,13.6,Republic Day,3,Yes,Yes
Full Cream Milk (1L),North,2023-01-30,7846,65.97,16.8,No_Festival,5,No,No
Full Cream Milk (1L),North,2023-02-06,6480,66.12,16.4,No_Festival,6,No,No
Full Cream Milk (1L),North,2023-02-13,8563,65.85,16.7,No_Festival,6,No,No
Full Cream Milk (1L),North,2023-02-20,6890,65.63,18.2,No_Festival,5,No,No
Full Cream Milk (1L),North,2023-02-27,6395,66.35,23.8,No_Festival,5,No,No
Full Cream Milk (1L),North,2023-03-06,9819,65.92,23.8,Holi,6,Yes,Yes
Full Cream Milk (1L),North,2023-03-13,8251,66.25,24.4,No_Festival,6,No,No
Full Cream Milk (1L),North,2023-03-20,9173,66.45,23.5,No_Festival,6,No,No
Full Cream Milk (1L),North,2023-03-27,10381,65.93,27.0,No_Festival,6,No,No
Full Cream Milk (1L),North,2023-04-03,9653,65.57,32.8,No_Festival,6,No,No
Full Cream Milk (1L),North,2023-04-10,8716,66.36,32.6,Baisakhi,5,Yes,Yes
Full Cream Milk (1L),North,2023-04-17,8365,65.66,32.4,No_Festival,6,No,Yes
Full Cream Milk (1L),North,2023-04-24,3746,66.01,31.8,No_Festival,3,No,No
Full Cream Milk (1L),North,2023-05-01,4768,65.61,40.2,No_Festival,3,No,No
Full Cream Milk (1L),North,2023-05-08,8060,65.84,36.8,No_Festival,5,No,No
Full Cream Milk (1L),North,2023-05-15,7544,66.39,36.7,No_Festival,6,No,No
Full Cream Milk (1L),North,2023-05-22,7265,66.92,38.8,No_Festival,6,No,No
Full Cream Milk (1L),North,2023-05-29,7720,65.69,38.0,No_Festival,6,No,No
Full Cream Milk (1L),North,2023-06-05,7188,65.24,38.6,No_Festival,5,No,No
Full Cream Milk (1L),North,2023-06-12,9037,67.42,38.4,No_Festival,6,No,No
Full Cream Milk (1L),North,2023-06-19,6855,65.75,40.3,No_Festival,5,No,No
Full Cream Milk (1L),North,2023-06-26,8042,66.3,38.6,No_Festival,6,No,No
Full Cream Milk (1L),North,2023-07-03,8754,65.64,36.2,No_Festival,6,No,No
Full Cream Milk (1L),North,2023-07-10,9441,65.67,36.6,No_Festival,6,No,No
Full Cream Milk (1L),North,2023-07-17,3232,66.06,35.1,No_Festival,3,No,No
Full Cream Milk (1L),North,2023-07-24,11039,65.53,36.8,No_Festival,7,No,No
Full Cream Milk (1L),North,2023-07-31,8842,66.31,35.1,No_Festival,6,No,No
Full Cream Milk (1L),North,2023-08-07,8925,66.18,34.8,No_Festival,7,No,No
Full Cream Milk (1L),North,2023-08-14,8034,66.54,32.9,Independence Day,5,Yes,Yes
Full Cream Milk (1L),North,2023-08-21,7224,65.47,33.5,No_Festival,4,No,No
Full Cream Milk (1L),North,2023-08-28,10626,65.62,32.0,Raksha Bandhan,7,Yes,Yes
Full Cream Milk (1L),North,2023-09-04,9156,66.43,31.2,Janmashtami,7,Yes,Yes
Full Cream Milk (1L),North,2023-09-11,7161,65.69,31.9,No_Festival,5,No,No
Full Cream Milk (1L),North,2023-09-18,9041,66.15,31.7,No_Festival,7,No,No
Full Cream Milk (1L),North,2023-09-25,8863,66.53,32.5,No_Festival,6,No,No
Full Cream Milk (1L),North,2023-10-02,8860,66.2,25.2,Gandhi Jayanti,6,Yes,Yes
Full Cream Milk (1L),North,2023-10-09,9319,65.68,26.0,No_Festival,7,No,No
Full Cream Milk (1L),North,2023-10-16,6102,66.24,25.6,No_Festival,5,No,No
Full Cream Milk (1L),North,2023-10-23,7331,66.58,27.4,No_Festival,5,No,No
Full Cream Milk (1L),North,2023-10-30,5709,64.61,20.6,No_Festival,4,No,No
Full Cream Milk (1L),North,2023-11-06,9667,66.7,18.5,Diwali,6,Yes,Yes
Full Cream Milk (1L),North,2023-11-13,8784,66.78,18.3,No_Festival,6,No,No
Full Cream Milk (1L),North,2023-11-20,4932,65.55,19.8,No_Festival,3,No,No
Full Cream Milk (1L),North,2023-11-27,10256,66.04,16.7,Guru Nanak Jayanti,6,Yes,Yes
Full Cream Milk (1L),North,2023-12-04,8404,66.69,15.0,No_Festival,6,No,No
Full Cream Milk (1L),North,2023-12-11,12438,66.77,14.2,No_Festival,7,No,No
Full Cream Milk (1L),North,2023-12-18,8156,66.24,14.0,No_Festival,6,No,No
Full Cream Milk (1L),North,2023-12-25,4902,65.3,13.4,No_Festival,4,No,No
Full Cream Milk (1L),South,2020-12-28,1364,60.82,28.3,No_Festival,1,No,No
Full Cream Milk (1L),South,2021-01-04,4740,59.29,26.5,No_Festival,3,No,No
Full Cream Milk (1L),South,2021-01-11,11150,60.27,25.3,Makar Sankranti,7,Yes,Yes
Full Cream Milk (1L),South,2021-01-18,8264,60.41,26.6,No_Festival,6,No,No
Full Cream Milk (1L),South,2021-01-25,9961,59.98,24.3,Republic Day,6,Yes,Yes
Full Cream Milk (1L),South,2021-02-01,7608,59.0,25.6,No_Festival,5,No,No
Full Cream Milk (1L),South,2021-02-08,8450,60.14,26.4,No_Festival,5,No,No
Full Cream Milk (1L),South,2021-02-15,6559,60.09,27.2,No_Festival,5,No,No
Full Cream Milk (1L),South,2021-02-22,7556,60.4,27.5,No_Festival,6,No,No
Full Cream Milk (1L),South,2021-03-01,8172,59.4,30.4,No_Festival,7,No,No
Full Cream Milk (1L),South,2021-03-08,8037,59.91,29.7,No_Festival,5,No,No
Full Cream Milk (1L),South,2021-03-15,5210,59.77,29.2,No_Festival,4,No,No
Full Cream Milk (1L),South,2021-03-22,8608,59.9,29.3,Holi,5,Yes,Yes
Full Cream Milk (1L),South,2021-03-29,7999,60.39,31.6,No_Festival,5,No,No
Full Cream Milk (1L),South,2021-04-05,5666,60.0,31.7,No_Festival,4,No,No
Full Cream Milk (1L),South,2021-04-12,8824,60.38,32.0,Baisakhi,6,Yes,Yes
Full Cream Milk (1L),South,2021-04-19,7955,60.27,31.8,No_Festival,6,No,No
Full Cream Milk (1L),South,2021-04-26,9281,60.04,33.7,No_Festival,6,No,No
Full Cream Milk (1L),South,2021-05-03,2540,61.3,36.6,No_Festival,2,No,No
Full Cream Milk (1L),South,2021-05-10,6309,59.35,34.0,No_Festival,5,No,Yes
Full Cream Milk (1L),South,2021-05-17,8395,60.94,33.5,No_Festival,5,No,No
Full Cream Milk (1L),South,2021-05-24,8475,60.45,36.5,No_Festival,5,No,No
Full Cream Milk (1L),South,2021-05-31,7723,59.72,30.8,No_Festival,6,No,No
Full Cream Milk (1L),South,2021-06-07,4149,60.23,31.1,No_Festival,3,No,No
Full Cream Milk (1L),South,2021-06-14,7725,60.5,29.2,No_Festival,5,No,No
Full Cream Milk (1L),South,2021-06-21,9200,60.13,29.6,No_Festival,6,No,No
Full Cream Milk (1L),South,2021-06-28,9082,60.2,29.1,No_Festival,6,No,No
Full Cream Milk (1L),South,2021-07-05,7432,60.5,27.6,No_Festival,4,No,No
Full Cream Milk (1L),South,2021-07-12,9916,59.57,27.8,No_Festival,6,No,No
Full Cream Milk (1L),South,2021-07-19,7291,60.0,26.6,No_Festival,5,No,Yes
Full Cream Milk (1L),South,2021-07-26,9437,59.93,28.9,No_Festival,6,No,No
Full Cream Milk (1L),South,2021-08-02,7245,59.15,27.3,No_Festival,5,No,No
Full Cream Milk (1L),South,2021-08-09,8445,60.94,28.4,Independence Day,6,Yes,Yes
Full Cream Milk (1L),South,2021-08-16,7471,60.22,27.8,Raksha Bandhan,6,Yes,Yes
Full Cream Milk (1L),South,2021-08-23,7545,60.44,28.0,No_Festival,4,No,No
Full Cream Milk (1L),South,2021-08-30,6001,59.78,28.8,Janmashtami,5,Yes,Yes
Full Cream Milk (1L),South,2021-09-06,7250,59.98,27.5,No_Festival,5,No,No
Full Cream Milk (1L),South,2021-09-13,7877,60.32,27.3,No_Festival,6,No,No
Full Cream Milk (1L),South,2021-09-20,5105,59.81,27.0,No_Festival,3,No,No
Full Cream Milk (1L),South,2021-09-27,9894,60.24,28.3,Gandhi Jayanti,7,Yes,Yes
Full Cream Milk (1L),South,2021-10-04,6053,60.58,28.7,No_Festival,5,No,No
Full Cream Milk (1L),South,2021-10-11,4939,60.33,28.4,No_Festival,5,No,No
Full Cream Milk (1L),South,2021-10-18,9370,59.66,27.9,No_Festival,6,No,No
Full Cream Milk (1L),South,2021-10-25,8441,59.54,27.1,No_Festival,6,No,No
Full Cream Milk (1L),South,2021-11-01,7020,58.9,25.1,Diwali,5,Yes,Yes
Full Cream Milk (1L),South,2021-11-08,7449,59.85,26.4,No_Festival,5,No,No
Full Cream Milk (1L),South,2021-11-15,8258,59.82,25.1,Guru Nanak Jayanti,6,Yes,Yes
Full Cream Milk (1L),South,2021-11-22,5888,59.39,24.5,No_Festival,5,No,No
Full Cream Milk (1L),South,2021-11-29,6549,60.23,24.6,No_Festival,5,No,No
Full Cream Milk (1L),South,2021-12-06,6292,60.6,24.2,No_Festival,5,No,No
Full Cream Milk (1L),South,2021-12-13,9900,59.95,25.0,No_Festival,7,No,No
Full Cream Milk (1L),South,2021-12-20,7085,60.62,24.9,Christmas,4,Yes,Yes
Full Cream Milk (1L),South,2021-12-27,1771,64.89,27.0,No_Festival,1,No,No
Full Cream Milk (1L),South,2022-01-03,9573,62.81,25.7,No_Festival,6,No,No
Full Cream Milk (1L),South,2022-01-10,9938,61.9,26.8,No_Festival,6,No,No
Full Cream Milk (1L),South,2022-01-17,6822,62.88,24.2,No_Festival,4,No,No
Full Cream Milk (1L),South,2022-01-24,7590,62.67,25.6,Republic Day,6,Yes,Yes
Full Cream Milk (1L),South,2022-01-31,7559,62.88,28.4,No_Festival,5,No,No
Full Cream Milk (1L),South,2022-02-07,7992,62.88,26.1,No_Festival,6,No,No
Full Cream Milk (1L),South,2022-02-14,8548,62.85,27.6,No_Festival,7,No,No
Full Cream Milk (1L),South,2022-02-21,4587,61.82,26.7,No_Festival,3,No,No
Full Cream Milk (1L),South,2022-02-28,6716,62.85,29.1,No_Festival,5,No,No
Full Cream Milk (1L),South,2022-03-07,8000,63.64,29.7,No_Festival,6,No,No
Full Cream Milk (1L),South,2022-03-14,8309,63.41,28.7,Holi,5,Yes,Yes
Full Cream Milk (1L),South,2022-03-21,8265,63.28,27.7,No_Festival,6,No,No
Full Cream Milk (1L),South,2022-03-28,9250,63.29,31.2,No_Festival,6,No,No
Full Cream Milk (1L),South,2022-04-04,9045,62.55,32.0,No_Festival,6,No,No
Full Cream Milk (1L),South,2022-04-11,6721,63.26,32.6,Baisakhi,4,Yes,Yes
Full Cream Milk (1L),South,2022-04-18,7479,62.93,33.4,No_Festival,6,No,No
Full Cream Milk (1L),South,2022-04-25,6026,62.96,33.0,No_Festival,4,No,No
Full Cream Milk (1L),South,2022-05-02,6298,63.51,35.6,No_Festival,6,No,Yes
Full Cream Milk (1L),South,2022-05-09,7606,63.0,34.7,No_Festival,5,No,No
Full Cream Milk (1L),South,2022-05-16,13293,63.38,33.7,No_Festival,7,No,No
Full Cream Milk (1L),South,2022-05-23,5950,63.48,34.5,No_Festival,5,No,No
Full Cream Milk (1L),South,2022-05-30,9730,61.92,31.4,No_Festival,6,No,No
Full Cream Milk (1L),South,2022-06-06,9488,62.94,29.3,No_Festival,7,No,No
Full Cream Milk (1L),South,2022-06-13,8715,63.56,29.0,No_Festival,5,No,No
Full Cream Milk (1L),South,2022-06-20,3632,62.8,28.9,No_Festival,3,No,No
Full Cream Milk (1L),South,2022-06-27,10327,63.74,28.8,No_Festival,7,No,No
Full Cream Milk (1L),South,2022-07-04,4671,62.87,26.8,No_Festival,4,No,No
Full Cream Milk (1L),South,2022-07-11,10024,61.94,29.6,No_Festival,6,No,No
Full Cream Milk (1L),South,2022-07-18,7291,62.57,28.4,No_Festival,5,No,No
Full Cream Milk (1L),South,2022-07-25,8008,62.56,29.4,No_Festival,6,No,No
Full Cream Milk (1L),South,2022-08-01,5820,62.74,27.0,No_Festival,4,No,No
Full Cream Milk (1L),South,2022-08-08,7600,63.85,28.5,Raksha Bandhan,5,Yes,Yes
Full Cream Milk (1L),South,2022-08-15,6507,62.42,24.5,"Independence Day, Janmashtami",4,Yes,Yes
Full Cream Milk (1L),South,2022-08-22,6676,63.03,28.5,No_Festival,5,No,No
Full Cream Milk (1L),South,2022-08-29,8131,63.71,28.6,No_Festival,6,No,No
Full Cream Milk (1L),South,2022-09-05,6776,62.75,30.1,No_Festival,5,No,No
Full Cream Milk (1L),South,2022-09-12,7031,62.55,27.0,No_Festival,5,No,No
Full Cream Milk (1L),South,2022-09-19,9768,62.55,28.4,No_Festival,6,No,No
Full Cream Milk (1L),South,2022-09-26,12444,62.88,27.9,Gandhi Jayanti,7,Yes,Yes
Full Cream Milk (1L),South,2022-10-03,6506,62.24,29.3,No_Festival,4,No,No
Full Cream Milk (1L),South,2022-10-10,5801,62.91,29.2,No_Festival,4,No,No
Full Cream Milk (1L),South,2022-10-17,9052,63.34,28.1,No_Festival,7,No,No
Full Cream Milk (1L),South,2022-10-24,10746,63.52,28.0,Diwali,6,Yes,Yes
Full Cream Milk (1L),South,2022-10-31,8551,63.28,26.2,No_Festival,6,No,No
Full Cream Milk (1L),South,2022-11-07,7607,62.76,25.9,No_Festival,5,No,No
Full Cream Milk (1L),South,2022-11-14,7544,63.82,25.3,No_Festival,6,No,No
Full Cream Milk (1L),South,2022-11-21,9090,63.16,24.7,No_Festival,6,No,No
Full Cream Milk (1L),South,2022-11-28,5364,62.73,27.1,No_Festival,4,No,No
Full Cream Milk (1L),South,2022-12-05,5526,62.37,24.2,No_Festival,4,No,No
Full Cream Milk (1L),South,2022-12-12,8901,63.26,26.2,No_Festival,7,No,No
Full Cream Milk (1L),South,2022-12-19,9811,62.78,25.0,Christmas,6,Yes,Yes
Full Cream Milk (1L),South,2022-12-26,8881,63.6,25.2,No_Festival,6,No,No
Full Cream Milk (1L),South,2023-01-02,7275,66.14,27.3,No_Festival,5,No,No
Full Cream Milk (1L),South,2023-01-09,7279,66.2,24.9,Makar Sankranti,6,Yes,Yes
Full Cream Milk (1L),South,2023-01-16,9135,66.21,24.8,No_Festival,6,No,No
Full Cream Milk (1L),South,2023-01-23,7563,65.86,26.5,No_Festival,6,No,No
Full Cream Milk (1L),South,2023-01-30,11279,65.99,25.9,No_Festival,7,No,No
Full Cream Milk (1L),South,2023-02-06,4891,65.38,27.8,No_Festival,3,No,No
Full Cream Milk (1L),South,2023-02-13,10297,65.67,27.6,No_Festival,7,No,No
Full Cream Milk (1L),South,2023-02-20,6809,65.53,26.5,No_Festival,5,No,No
Full Cream Milk (1L),South,2023-02-27,9865,65.93,26.9,No_Festival,7,No,No
Full Cream Milk (1L),South,2023-03-06,5513,65.66,29.0,Holi,4,Yes,Yes
Full Cream Milk (1L),South,2023-03-13,10313,65.88,29.6,No_Festival,7,No,No
Full Cream Milk (1L),South,2023-03-20,9363,65.64,29.0,No_Festival,6,No,No
Full Cream Milk (1L),South,2023-03-27,9523,65.99,29.1,No_Festival,6,No,No
Full Cream Milk (1L),South,2023-04-03,6940,66.05,33.3,No_Festival,4,No,No
Full Cream Milk (1L),South,2023-04-10,7313,66.18,33.8,Baisakhi,4,Yes,Yes
Full Cream Milk (1L),South,2023-04-17,7714,65.63,33.4,No_Festival,6,No,Yes
Full Cream Milk (1L),South,2023-04-24,6473,65.18,30.9,No_Festival,5,No,No
Full Cream Milk (1L),South,2023-05-01,8339,66.32,33.8,No_Festival,5,No,No
Full Cream Milk (1L),South,2023-05-08,6126,67.02,33.7,No_Festival,5,No,No
Full Cream Milk (1L),South,2023-05-15,9652,65.29,34.2,No_Festival,7,No,No
Full Cream Milk (1L),South,2023-05-22,7817,65.92,34.1,No_Festival,5,No,No
Full Cream Milk (1L),South,2023-05-29,5655,66.74,31.9,No_Festival,5,No,No
Full Cream Milk (1L),South,2023-06-05,5666,65.33,29.2,No_Festival,4,No,No
Full Cream Milk (1L),South,2023-06-12,6445,66.2,30.8,No_Festival,5,No,No
Full Cream Milk (1L),South,2023-06-19,6989,65.71,30.5,No_Festival,5,No,No
Full Cream Milk (1L),South,2023-06-26,6985,66.4,29.3,No_Festival,5,No,No
Full Cream Milk (1L),South,2023-07-03,8097,66.93,27.8,No_Festival,6,No,No
Full Cream Milk (1L),South,2023-07-10,7901,64.93,27.8,No_Festival,6,No,No
Full Cream Milk (1L),South,2023-07-17,7396,65.55,27.1,No_Festival,5,No,No
Full Cream Milk (1L),South,2023-07-24,5938,65.84,27.8,No_Festival,4,No,No
Full Cream Milk (1L),South,2023-07-31,6149,65.13,27.9,No_Festival,4,No,No
Full Cream Milk (1L),South,2023-08-07,7125,65.64,27.8,No_Festival,5,No,No
Full Cream Milk (1L),South,2023-08-14,4075,65.24,28.3,No_Festival,4,No,No
Full Cream Milk (1L),South,2023-08-21,9154,65.6,28.3,No_Festival,6,No,No
Full Cream Milk (1L),South,2023-08-28,7255,65.51,27.3,No_Festival,6,No,No
Full Cream Milk (1L),South,2023-09-04,6150,65.64,27.8,No_Festival,4,No,No
Full Cream Milk (1L),South,2023-09-11,9471,65.7,28.9,No_Festival,6,No,No
Full Cream Milk (1L),South,2023-09-18,5672,65.74,30.1,No_Festival,4,No,No
Full Cream Milk (1L),South,2023-09-25,8996,65.44,28.3,No_Festival,6,No,No
Full Cream Milk (1L),South,2023-10-02,8557,65.81,28.5,Gandhi Jayanti,5,Yes,Yes
Full Cream Milk (1L),South,2023-10-09,7125,66.54,27.8,No_Festival,6,No,No
Full Cream Milk (1L),South,2023-10-16,3892,66.04,27.6,No_Festival,2,No,No
Full Cream Milk (1L),South,2023-10-23,8330,66.53,27.1,No_Festival,6,No,No
Full Cream Milk (1L),South,2023-10-30,2566,65.9,27.9,No_Festival,2,No,No
Full Cream Milk (1L),South,2023-11-06,7697,67.03,25.7,Diwali,6,Yes,Yes
Full Cream Milk (1L),South,2023-11-13,8867,65.48,27.5,No_Festival,6,No,No
Full Cream Milk (1L),South,2023-11-20,4351,66.3,27.9,No_Festival,3,No,No
Full Cream Milk (1L),South,2023-11-27,9054,66.51,24.0,No_Festival,5,No,No
Full Cream Milk (1L),South,2023-12-04,9762,65.6,26.3,No_Festival,6,No,No
Full Cream Milk (1L),South,2023-12-11,7504,65.88,25.9,No_Festival,4,No,No
Full Cream Milk (1L),South,2023-12-18,10243,66.46,25.4,No_Festival,7,No,No
Full Cream Milk (1L),South,2023-12-25,8501,65.62,24.4,No_Festival,6,No,No
Full Cream Milk (1L),West,2020-12-28,2593,58.7,22.5,No_Festival,2,No,No
Full Cream Milk (1L),West,2021-01-04,7338,60.27,21.6,No_Festival,5,No,No
Full Cream Milk (1L),West,2021-01-11,8001,60.51,22.5,Makar Sankranti,5,Yes,Yes
Full Cream Milk (1L),West,2021-01-18,8535,59.97,23.0,No_Festival,6,No,No
Full Cream Milk (1L),West,2021-01-25,10606,59.73,21.4,Republic Day,7,Yes,Yes
Full Cream Milk (1L),West,2021-02-01,10377,59.95,24.1,No_Festival,6,No,No
Full Cream Milk (1L),West,2021-02-08,9771,59.69,23.2,No_Festival,7,No,No
Full Cream Milk (1L),West,2021-02-15,10034,60.04,23.8,No_Festival,7,No,No
Full Cream Milk (1L),West,2021-02-22,6325,59.41,23.4,No_Festival,5,No,No
Full Cream Milk (1L),West,2021-03-01,6647,59.5,28.0,No_Festival,4,No,No
Full Cream Milk (1L),West,2021-03-08,9124,60.66,29.0,No_Festival,6,No,No
Full Cream Milk (1L),West,2021-03-15,7448,60.26,27.2,No_Festival,6,No,No
Full Cream Milk (1L),West,2021-03-22,9029,59.99,26.8,Holi,6,Yes,Yes
Full Cream Milk (1L),West,2021-03-29,9354,59.8,29.8,No_Festival,6,No,No
Full Cream Milk (1L),West,2021-04-05,8089,59.91,32.4,No_Festival,6,No,No
Full Cream Milk (1L),West,2021-04-12,7643,60.23,29.4,Baisakhi,6,Yes,Yes
Full Cream Milk (1L),West,2021-04-19,8363,59.86,32.1,No_Festival,5,No,No
Full Cream Milk (1L),West,2021-04-26,6711,60.67,34.3,No_Festival,5,No,No
Full Cream Milk (1L),West,2021-05-03,9831,60.11,35.5,No_Festival,7,No,No
Full Cream Milk (1L),West,2021-05-10,8456,60.13,35.3,No_Festival,5,No,Yes
Full Cream Milk (1L),West,2021-05-17,7700,60.47,36.0,No_Festival,5,No,No
Full Cream Milk (1L),West,2021-05-24,8737,60.14,35.8,No_Festival,7,No,No
Full Cream Milk (1L),West,2021-05-31,7297,59.92,32.9,No_Festival,5,No,No
Full Cream Milk (1L),West,2021-06-07,9922,59.63,32.4,No_Festival,6,No,No
Full Cream Milk (1L),West,2021-06-14,7862,60.2,31.9,No_Festival,5,No,No
Full Cream Milk (1L),West,2021-06-21,8615,60.18,31.6,No_Festival,6,No,No
Full Cream Milk (1L),West,2021-06-28,8324,59.64,29.4,No_Festival,5,No,No
Full Cream Milk (1L),West,2021-07-05,8949,60.26,29.1,No_Festival,6,No,No
Full Cream Milk (1L),West,2021-07-12,4632,59.35,28.2,No_Festival,4,No,No
Full Cream Milk (1L),West,2021-07-19,8785,59.6,28.0,No_Festival,6,No,Yes
Full Cream Milk (1L),West,2021-07-26,4914,58.68,29.4,No_Festival,4,No,No
Full Cream Milk (1L),West,2021-08-02,3873,60.14,28.6,No_Festival,3,No,No
Full Cream Milk (1L),West,2021-08-09,7622,59.76,27.4,Independence Day,5,Yes,Yes
Full Cream Milk (1L),West,2021-08-16,6180,60.42,28.2,No_Festival,5,No,No
Full Cream Milk (1L),West,2021-08-23,5884,59.92,28.0,No_Festival,4,No,No
Full Cream Milk (1L),West,2021-08-30,6020,60.29,29.6,No_Festival,4,No,No
Full Cream Milk (1L),West,2021-09-06,5858,59.65,29.0,No_Festival,4,No,No
Full Cream Milk (1L),West,2021-09-13,7147,60.09,29.9,No_Festival,5,No,No
Full Cream Milk (1L),West,2021-09-20,5177,60.36,28.4,No_Festival,4,No,No
Full Cream Milk (1L),West,2021-09-27,9890,59.82,30.0,Gandhi Jayanti,7,Yes,Yes
Full Cream Milk (1L),West,2021-10-04,7329,59.7,30.8,No_Festival,5,No,No
Full Cream Milk (1L),West,2021-10-11,8215,59.51,29.8,Navratri,5,Yes,Yes
Full Cream Milk (1L),West,2021-10-18,8033,60.76,31.0,No_Festival,6,No,No
Full Cream Milk (1L),West,2021-10-25,9260,60.19,29.7,No_Festival,6,No,No
Full Cream Milk (1L),West,2021-11-01,10886,60.09,25.6,Diwali,7,Yes,Yes
Full Cream Milk (1L),West,2021-11-08,8548,59.72,26.2,No_Festival,5,No,No
Full Cream Milk (1L),West,2021-11-15,5181,60.95,25.8,No_Festival,3,No,No
Full Cream Milk (1L),West,2021-11-22,5535,59.12,26.0,No_Festival,5,No,No
Full Cream Milk (1L),West,2021-11-29,4436,59.78,22.3,No_Festival,4,No,No
Full Cream Milk (1L),West,2021-12-06,9804,59.72,21.7,No_Festival,7,No,No
Full Cream Milk (1L),West,2021-12-13,9922,60.27,22.3,No_Festival,6,No,No
Full Cream Milk (1L),West,2021-12-20,7532,59.99,22.4,No_Festival,5,No,No
Full Cream Milk (1L),West,2021-12-27,7924,61.32,22.0,No_Festival,5,No,No
Full Cream Milk (1L),West,2022-01-03,5202,61.98,21.7,No_Festival,4,No,No
Full Cream Milk (1L),West,2022-01-10,8886,62.2,23.0,Makar Sankranti,6,Yes,Yes
Full Cream Milk (1L),West,2022-01-17,9618,62.16,21.3,No_Festival,6,No,No
Full Cream Milk (1L),West,2022-01-24,9664,63.06,22.2,Republic Day,6,Yes,Yes
Full Cream Milk (1L),West,2022-01-31,4788,63.38,23.8,No_Festival,4,No,No
Full Cream Milk (1L),West,2022-02-07,11478,63.29,24.6,No_Festival,7,No,No
Full Cream Milk (1L),West,2022-02-14,6693,62.16,24.3,No_Festival,5,No,No
Full Cream Milk (1L),West,2022-02-21,10810,63.03,25.0,No_Festival,7,No,No
Full Cream Milk (1L),West,2022-02-28,5232,62.61,28.5,No_Festival,4,No,No
Full Cream Milk (1L),West,2022-03-07,10484,62.77,27.5,No_Festival,6,No,No
Full Cream Milk (1L),West,2022-03-14,6593,62.59,28.3,Holi,5,Yes,Yes
Full Cream Milk (1L),West,2022-03-21,7408,64.03,27.7,No_Festival,5,No,No
Full Cream Milk (1L),West,2022-03-28,10959,63.96,30.3,No_Festival,6,No,No
Full Cream Milk (1L),West,2022-04-04,6584,62.86,32.5,No_Festival,5,No,No
Full Cream Milk (1L),West,2022-04-11,11561,63.27,31.1,Baisakhi,7,Yes,Yes
Full Cream Milk (1L),West,2022-04-18,6864,63.47,31.8,No_Festival,5,No,No
Full Cream Milk (1L),West,2022-04-25,8830,62.71,31.2,No_Festival,7,No,No
Full Cream Milk (1L),West,2022-05-02,8160,63.04,34.7,No_Festival,6,No,No
Full Cream Milk (1L),West,2022-05-09,7648,63.32,36.9,No_Festival,5,No,No
Full Cream Milk (1L),West,2022-05-16,3529,63.51,36.5,No_Festival,3,No,No
Full Cream Milk (1L),West,2022-05-23,9282,62.66,35.4,No_Festival,6,No,No
Full Cream Milk (1L),West,2022-05-30,7118,63.07,32.9,No_Festival,5,No,No
Full Cream Milk (1L),West,2022-06-06,4992,63.56,31.8,No_Festival,4,No,No
Full Cream Milk (1L),West,2022-06-13,5320,63.51,32.1,No_Festival,4,No,No
Full Cream Milk (1L),West,2022-06-20,4258,63.15,30.3,No_Festival,3,No,No
Full Cream Milk (1L),West,2022-06-27,6427,63.73,30.5,No_Festival,5,No,No
Full Cream Milk (1L),West,2022-07-04,10046,62.9,27.9,No_Festival,6,No,Yes
Full Cream Milk (1L),West,2022-07-11,6453,62.96,27.7,No_Festival,4,No,No
Full Cream Milk (1L),West,2022-07-18,6542,63.29,29.0,No_Festival,5,No,No
Full Cream Milk (1L),West,2022-07-25,8832,62.84,28.1,No_Festival,6,No,No
Full Cream Milk (1L),West,2022-08-01,5903,62.58,27.9,No_Festival,4,No,No
Full Cream Milk (1L),West,2022-08-08,6729,63.44,28.8,No_Festival,4,No,No
Full Cream Milk (1L),West,2022-08-15,7885,62.66,25.7,Independence Day,5,Yes,Yes
Full Cream Milk (1L),West,2022-08-22,10580,63.04,27.3,No_Festival,7,No,No
Full Cream Milk (1L),West,2022-08-29,6231,62.5,28.4,No_Festival,4,No,No
Full Cream Milk (1L),West,2022-09-05,9198,62.22,27.6,No_Festival,6,No,No
Full Cream Milk (1L),West,2022-09-12,7299,63.78,28.8,No_Festival,6,No,No
Full Cream Milk (1L),West,2022-09-19,10094,62.79,29.7,No_Festival,6,No,No
Full Cream Milk (1L),West,2022-09-26,8821,63.28,29.6,Gandhi Jayanti,5,Yes,Yes
Full Cream Milk (1L),West,2022-10-03,6893,62.7,31.0,No_Festival,5,No,No
Full Cream Milk (1L),West,2022-10-10,11712,63.39,31.1,No_Festival,7,No,No
Full Cream Milk (1L),West,2022-10-17,8106,62.72,28.6,No_Festival,6,No,No
Full Cream Milk (1L),West,2022-10-24,4984,62.57,29.3,Diwali,3,Yes,Yes
Full Cream Milk (1L),West,2022-10-31,10643,63.12,28.0,No_Festival,7,No,No
Full Cream Milk (1L),West,2022-11-07,12257,63.4,26.4,Guru Nanak Jayanti,7,Yes,Yes
Full Cream Milk (1L),West,2022-11-14,4109,63.17,26.0,No_Festival,3,No,No
Full Cream Milk (1L),West,2022-11-21,8812,63.56,27.3,No_Festival,5,No,No
Full Cream Milk (1L),West,2022-11-28,2021,61.81,23.4,No_Festival,1,No,No
Full Cream Milk (1L),West,2022-12-05,9145,62.68,22.8,No_Festival,7,No,No
Full Cream Milk (1L),West,2022-12-12,9568,62.78,20.6,No_Festival,7,No,No
Full Cream Milk (1L),West,2022-12-19,5757,63.28,22.5,Christmas,4,Yes,Yes
Full Cream Milk (1L),West,2022-12-26,8964,64.8,22.6,No_Festival,6,No,No
Full Cream Milk (1L),West,2023-01-02,8936,66.4,22.8,No_Festival,6,No,No
Full Cream Milk (1L),West,2023-01-09,8729,66.3,22.1,Makar Sankranti,7,Yes,Yes
Full Cream Milk (1L),West,2023-01-16,6264,67.26,22.9,No_Festival,5,No,No
Full Cream Milk (1L),West,2023-01-23,5694,65.92,21.7,Republic Day,4,Yes,Yes
Full Cream Milk (1L),West,2023-01-30,9422,66.14,24.4,No_Festival,6,No,No
Full Cream Milk (1L),West,2023-02-06,11327,65.96,22.8,No_Festival,7,No,No
Full Cream Milk (1L),West,2023-02-13,5778,65.87,24.6,No_Festival,4,No,No
Full Cream Milk (1L),West,2023-02-20,7845,66.06,25.4,No_Festival,5,No,No
Full Cream Milk (1L),West,2023-02-27,7895,65.3,26.9,No_Festival,6,No,No
Full Cream Milk (1L),West,2023-03-06,10211,65.55,28.5,Holi,7,Yes,Yes
Full Cream Milk (1L),West,2023-03-13,6002,65.82,26.6,No_Festival,5,No,No
Full Cream Milk (1L),West,2023-03-20,6152,67.1,27.8,No_Festival,4,No,No
Full Cream Milk (1L),West,2023-03-27,5250,66.68,27.9,No_Festival,4,No,No
Full Cream Milk (1L),West,2023-04-03,5814,66.63,32.8,No_Festival,4,No,No
Full Cream Milk (1L),West,2023-04-10,5334,66.24,30.4,No_Festival,4,No,No
Full Cream Milk (1L),West,2023-04-17,6748,65.68,31.5,No_Festival,5,No,Yes
Full Cream Milk (1L),West,2023-04-24,7691,65.97,31.9,No_Festival,6,No,No
Full Cream Milk (1L),West,2023-05-01,6713,65.75,36.1,No_Festival,5,No,No
Full Cream Milk (1L),West,2023-05-08,7526,65.75,36.0,No_Festival,4,No,No
Full Cream Milk (1L),West,2023-05-15,6499,66.99,35.2,No_Festival,5,No,No
Full Cream Milk (1L),West,2023-05-22,5034,65.6,36.0,No_Festival,4,No,No
Full Cream Milk (1L),West,2023-05-29,10152,66.26,31.8,No_Festival,7,No,No
Full Cream Milk (1L),West,2023-06-05,8459,66.07,31.4,No_Festival,6,No,No
Full Cream Milk (1L),West,2023-06-12,8084,66.15,32.9,No_Festival,5,No,No
Full Cream Milk (1L),West,2023-06-19,9382,66.4,32.1,No_Festival,6,No,No
Full Cream Milk (1L),West,2023-06-26,6676,66.08,31.3,No_Festival,5,No,Yes
Full Cream Milk (1L),West,2023-07-03,6724,66.08,30.2,No_Festival,5,No,No
Full Cream Milk (1L),West,2023-07-10,6963,65.27,28.3,No_Festival,5,No,No
Full Cream Milk (1L),West,2023-07-17,11743,65.88,28.9,No_Festival,7,No,No
Full Cream Milk (1L),West,2023-07-24,10453,66.4,28.2,No_Festival,6,No,No
Full Cream Milk (1L),West,2023-07-31,7718,65.36,27.3,No_Festival,5,No,No
Full Cream Milk (1L),West,2023-08-07,9056,65.46,29.5,No_Festival,6,No,No
Full Cream Milk (1L),West,2023-08-14,9704,66.14,28.9,Independence Day,7,Yes,Yes
Full Cream Milk (1L),West,2023-08-21,9509,65.71,28.4,No_Festival,7,No,No
Full Cream Milk (1L),West,2023-08-28,7708,66.21,29.1,Raksha Bandhan,6,Yes,Yes
Full Cream Milk (1L),West,2023-09-04,5713,66.27,28.6,No_Festival,4,No,No
Full Cream Milk (1L),West,2023-09-11,9927,65.89,28.5,No_Festival,7,No,No
Full Cream Milk (1L),West,2023-09-18,8924,66.05,29.0,No_Festival,5,No,No
Full Cream Milk (1L),West,2023-09-25,8397,65.07,29.7,No_Festival,6,No,No
Full Cream Milk (1L),West,2023-10-02,7585,66.52,30.4,Gandhi Jayanti,4,Yes,Yes
Full Cream Milk (1L),West,2023-10-09,8418,66.15,30.2,No_Festival,6,No,No
Full Cream Milk (1L),West,2023-10-16,4441,64.42,28.5,No_Festival,4,No,No
Full Cream Milk (1L),West,2023-10-23,8272,65.19,30.8,No_Festival,6,No,No
Full Cream Milk (1L),West,2023-10-30,8900,65.74,27.1,No_Festival,7,No,No
Full Cream Milk (1L),West,2023-11-06,8826,66.36,26.0,Diwali,6,Yes,Yes
Full Cream Milk (1L),West,2023-11-13,5650,66.61,26.4,No_Festival,4,No,No
Full Cream Milk (1L),West,2023-11-20,9025,66.9,25.3,No_Festival,6,No,No
Full Cream Milk (1L),West,2023-11-27,5864,65.82,24.8,Guru Nanak Jayanti,4,Yes,Yes
Full Cream Milk (1L),West,2023-12-04,9711,66.11,22.1,No_Festival,6,No,No
Full Cream Milk (1L),West,2023-12-11,4828,66.3,23.0,No_Festival,4,No,No
Full Cream Milk (1L),West,2023-12-18,6962,65.86,22.2,No_Festival,5,No,No
Full Cream Milk (1L),West,2023-12-25,8819,66.01,22.0,Christmas,6,Yes,Yes
Ghee (1L),Central,2020-12-28,391,527.3,17.1,No_Festival,2,No,No
Ghee (1L),Central,2021-01-04,875,523.16,17.6,No_Festival,5,No,No
Ghee (1L),Central,2021-01-11,810,528.54,19.6,No_Festival,3,No,No
Ghee (1L),Central,2021-01-18,1049,513.93,17.4,No_Festival,5,No,No
Ghee (1L),Central,2021-01-25,1281,518.2,16.8,Republic Day,5,Yes,Yes
Ghee (1L),Central,2021-02-01,1056,524.09,19.9,No_Festival,5,No,No
Ghee (1L),Central,2021-02-08,1421,520.72,21.8,No_Festival,6,No,No
Ghee (1L),Central,2021-02-15,864,518.99,21.4,No_Festival,4,No,No
Ghee (1L),Central,2021-02-22,1083,520.48,20.2,No_Festival,5,No,No
Ghee (1L),Central,2021-03-01,1351,521.22,27.3,No_Festival,6,No,No
Ghee (1L),Central,2021-03-08,1081,523.13,26.5,No_Festival,5,No,No
Ghee (1L),Central,2021-03-15,948,514.94,28.1,No_Festival,5,No,No
Ghee (1L),Central,2021-03-22,1100,526.13,27.0,Holi,5,Yes,Yes
Ghee (1L),Central,2021-03-29,1087,514.83,29.5,No_Festival,5,No,No
Ghee (1L),Central,2021-04-05,1204,515.66,32.2,No_Festival,6,No,No
Ghee (1L),Central,2021-04-12,1238,522.43,33.5,Baisakhi,6,Yes,Yes
Ghee (1L),Central,2021-04-19,1010,517.06,33.5,No_Festival,6,No,No
Ghee (1L),Central,2021-04-26,825,520.02,33.7,No_Festival,4,No,No
Ghee (1L),Central,2021-05-03,408,519.06,36.4,No_Festival,4,No,No
Ghee (1L),Central,2021-05-10,1004,519.87,38.8,No_Festival,6,No,Yes
Ghee (1L),Central,2021-05-17,1189,515.16,38.5,No_Festival,6,No,No
Ghee (1L),Central,2021-05-24,1455,523.73,38.8,No_Festival,6,No,No
Ghee (1L),Central,2021-05-31,1109,518.61,36.2,No_Festival,6,No,No
Ghee (1L),Central,2021-06-07,861,515.63,36.1,No_Festival,4,No,No
Ghee (1L),Central,2021-06-14,947,528.01,36.2,No_Festival,5,No,No
Ghee (1L),Central,2021-06-21,1149,521.9,36.5,No_Festival,5,No,No
Ghee (1L),Central,2021-06-28,517,519.77,33.1,No_Festival,4,No,No
Ghee (1L),Central,2021-07-05,871,519.44,29.8,No_Festival,4,No,No
Ghee (1L),Central,2021-07-12,567,521.0,31.5,No_Festival,3,No,No
Ghee (1L),Central,2021-07-19,1260,512.61,30.7,No_Festival,6,No,Yes
Ghee (1L),Central,2021-07-26,1294,517.42,30.5,No_Festival,6,No,No
Ghee (1L),Central,2021-08-02,952,521.59,30.0,No_Festival,5,No,No
Ghee (1L),Central,2021-08-09,1176,521.25,29.1,Independence Day,7,Yes,Yes
Ghee (1L),Central,2021-08-16,1165,522.29,28.8,Raksha Bandhan,5,Yes,Yes
Ghee (1L),Central,2021-08-23,667,515.96,31.2,No_Festival,4,No,No
Ghee (1L),Central,2021-08-30,1646,522.53,28.9,Janmashtami,7,Yes,Yes
Ghee (1L),Central,2021-09-06,954,517.74,29.7,No_Festival,5,No,No
Ghee (1L),Central,2021-09-13,793,521.72,29.5,No_Festival,5,No,No
Ghee (1L),Central,2021-09-20,1011,525.55,30.1,No_Festival,5,No,No
Ghee (1L),Central,2021-09-27,1261,519.95,28.5,Gandhi Jayanti,5,Yes,Yes
Ghee (1L),Central,2021-10-04,2261,520.68,28.0,No_Festival,7,No,No
Ghee (1L),Central,2021-10-11,345,522.34,29.7,No_Festival,2,No,No
Ghee (1L),Central,2021-10-18,1427,519.45,28.9,No_Festival,5,No,No
Ghee (1L),Central,2021-10-25,1858,510.24,27.2,No_Festival,6,No,No
Ghee (1L),Central,2021-11-01,1225,521.05,22.3,No_Festival,4,No,No
Ghee (1L),Central,2021-11-08,1904,522.05,22.4,No_Festival,7,No,No
Ghee (1L),Central,2021-11-15,1647,521.55,22.4,Guru Nanak Jayanti,5,Yes,Yes
Ghee (1L),Central,2021-11-22,1389,526.25,23.4,No_Festival,5,No,No
Ghee (1L),Central,2021-11-29,1836,513.68,18.0,No_Festival,7,No,No
Ghee (1L),Central,2021-12-06,1611,512.85,20.2,No_Festival,6,No,No
Ghee (1L),Central,2021-12-13,1162,518.11,16.9,No_Festival,4,No,No
Ghee (1L),Central,2021-12-20,1509,524.89,17.1,No_Festival,5,No,No
Ghee (1L),Central,2021-12-27,1118,534.88,17.6,No_Festival,5,No,No
Ghee (1L),Central,2022-01-03,1461,547.73,18.6,No_Festival,7,No,No
Ghee (1L),Central,2022-01-10,1019,539.45,18.1,Makar Sankranti,4,Yes,Yes
Ghee (1L),Central,2022-01-17,1079,541.69,17.2,No_Festival,5,No,No
Ghee (1L),Central,2022-01-24,1372,538.07,17.2,Republic Day,6,Yes,Yes
Ghee (1L),Central,2022-01-31,856,549.43,18.4,No_Festival,5,No,No
Ghee (1L),Central,2022-02-07,973,546.94,23.1,No_Festival,5,No,No
Ghee (1L),Central,2022-02-14,1231,541.4,22.0,No_Festival,5,No,No
Ghee (1L),Central,2022-02-21,939,552.16,21.5,No_Festival,6,No,No
Ghee (1L),Central,2022-02-28,710,543.9,25.9,No_Festival,5,No,No
Ghee (1L),Central,2022-03-07,1027,547.72,26.9,No_Festival,6,No,No
Ghee (1L),Central,2022-03-14,1343,548.22,27.4,No_Festival,6,No,No
Ghee (1L),Central,2022-03-21,1334,549.91,27.9,No_Festival,6,No,No
Ghee (1L),Central,2022-03-28,922,555.03,29.4,No_Festival,5,No,No
Ghee (1L),Central,2022-04-04,756,549.01,33.6,No_Festival,4,No,No
Ghee (1L),Central,2022-04-11,1154,546.62,31.8,Baisakhi,5,Yes,Yes
Ghee (1L),Central,2022-04-18,743,547.94,31.6,No_Festival,5,No,No
Ghee (1L),Central,2022-04-25,1094,544.54,33.7,No_Festival,6,No,No
Ghee (1L),Central,2022-05-02,1068,549.58,39.1,No_Festival,5,No,Yes
Ghee (1L),Central,2022-05-09,1137,547.04,38.9,No_Festival,6,No,No
Ghee (1L),Central,2022-05-16,1150,548.07,38.1,No_Festival,6,No,No
Ghee (1L),Central,2022-05-23,938,545.82,36.6,No_Festival,6,No,No
Ghee (1L),Central,2022-05-30,1078,545.04,36.4,No_Festival,5,No,No
Ghee (1L),Central,2022-06-06,1427,546.15,35.5,No_Festival,7,No,No
Ghee (1L),Central,2022-06-13,1341,549.05,35.8,No_Festival,7,No,No
Ghee (1L),Central,2022-06-20,516,554.09,35.7,No_Festival,3,No,No
Ghee (1L),Central,2022-06-27,686,544.73,33.6,No_Festival,3,No,No
Ghee (1L),Central,2022-07-04,1117,547.33,31.9,No_Festival,5,No,Yes
Ghee (1L),Central,2022-07-11,497,546.18,32.2,No_Festival,4,No,No
Ghee (1L),Central,2022-07-18,1070,545.47,30.5,No_Festival,6,No,No
Ghee (1L),Central,2022-07-25,1278,551.22,31.4,No_Festival,6,No,No
Ghee (1L),Central,2022-08-01,1297,555.2,28.9,No_Festival,6,No,No
Ghee (1L),Central,2022-08-08,1437,548.95,30.8,Raksha Bandhan,6,Yes,Yes
Ghee (1L),Central,2022-08-15,664,547.66,32.6,Independence Day,3,Yes,Yes
Ghee (1L),Central,2022-08-22,787,544.1,31.6,No_Festival,5,No,No
Ghee (1L),Central,2022-08-29,1228,536.2,30.2,No_Festival,7,No,No
Ghee (1L),Central,2022-09-05,1427,541.34,29.9,No_Festival,6,No,No
Ghee (1L),Central,2022-09-12,771,536.1,30.8,No_Festival,4,No,No
Ghee (1L),Central,2022-09-19,1191,539.62,31.0,No_Festival,6,No,No
Ghee (1L),Central,2022-09-26,1152,542.42,29.2,Gandhi Jayanti,6,Yes,Yes
Ghee (1L),Central,2022-10-03,1094,539.16,31.0,No_Festival,4,No,No
Ghee (1L),Central,2022-10-10,1508,545.09,28.4,No_Festival,6,No,No
Ghee (1L),Central,2022-10-17,1840,539.12,26.6,No_Festival,6,No,No
Ghee (1L),Central,2022-10-24,1895,544.96,28.7,Diwali,5,Yes,Yes
Ghee (1L),Central,2022-10-31,1457,550.06,23.9,No_Festival,6,No,No
Ghee (1L),Central,2022-11-07,1541,547.97,22.8,Guru Nanak Jayanti,5,Yes,Yes
Ghee (1L),Central,2022-11-14,764,539.53,21.6,No_Festival,3,No,No
Ghee (1L),Central,2022-11-21,1619,549.17,22.7,No_Festival,6,No,No
Ghee (1L),Central,2022-11-28,1318,546.82,18.8,No_Festival,5,No,No
Ghee (1L),Central,2022-12-05,1687,544.27,18.8,No_Festival,6,No,No
Ghee (1L),Central,2022-12-12,1842,543.72,18.5,No_Festival,7,No,No
Ghee (1L),Central,2022-12-19,910,540.92,16.0,Christmas,3,Yes,Yes
Ghee (1L),Central,2022-12-26,1384,543.66,18.5,No_Festival,6,No,No
Ghee (1L),Central,2023-01-02,1209,580.78,17.1,No_Festival,6,No,No
Ghee (1L),Central,2023-01-09,1282,574.08,17.8,Makar Sankranti,7,Yes,Yes
Ghee (1L),Central,2023-01-16,556,576.41,19.3,No_Festival,4,No,No
Ghee (1L),Central,2023-01-23,1549,566.13,17.4,Republic Day,7,Yes,Yes
Ghee (1L),Central,2023-01-30,959,573.34,20.9,No_Festival,5,No,No
Ghee (1L),Central,2023-02-06,998,574.28,22.2,No_Festival,5,No,No
Ghee (1L),Central,2023-02-13,1325,571.51,22.4,No_Festival,6,No,No
Ghee (1L),Central,2023-02-20,1406,574.53,20.1,No_Festival,6,No,No
Ghee (1L),Central,2023-02-27,756,562.45,24.1,No_Festival,3,No,No
Ghee (1L),Central,2023-03-06,1197,579.41,27.0,Holi,5,Yes,Yes
Ghee (1L),Central,2023-03-13,337,570.12,26.5,No_Festival,3,No,No
Ghee (1L),Central,2023-03-20,943,572.17,27.0,No_Festival,4,No,No
Ghee (1L),Central,2023-03-27,1435,575.16,28.1,No_Festival,7,No,No
Ghee (1L),Central,2023-04-03,1100,570.01,32.2,No_Festival,5,No,No
Ghee (1L),Central,2023-04-10,1529,571.13,32.2,Baisakhi,6,Yes,Yes
Ghee (1L),Central,2023-04-17,1153,571.92,33.5,No_Festival,6,No,Yes
Ghee (1L),Central,2023-04-24,1317,573.18,34.0,No_Festival,6,No,No
Ghee (1L),Central,2023-05-01,1297,570.58,39.1,No_Festival,6,No,No
Ghee (1L),Central,2023-05-08,1117,568.19,40.0,No_Festival,6,No,No
Ghee (1L),Central,2023-05-15,1149,577.34,37.2,No_Festival,6,No,No
Ghee (1L),Central,2023-05-22,1066,566.99,38.8,No_Festival,6,No,No
Ghee (1L),Central,2023-05-29,849,570.95,37.1,No_Festival,5,No,No
Ghee (1L),Central,2023-06-05,957,564.51,36.4,No_Festival,6,No,No
Ghee (1L),Central,2023-06-12,1119,563.26,38.3,No_Festival,5,No,No
Ghee (1L),Central,2023-06-19,1390,572.75,36.8,No_Festival,7,No,No
Ghee (1L),Central,2023-06-26,1433,572.2,35.1,No_Festival,7,No,Yes
Ghee (1L),Central,2023-07-03,944,575.26,31.2,No_Festival,5,No,No
Ghee (1L),Central,2023-07-10,965,569.84,31.2,No_Festival,6,No,No
Ghee (1L),Central,2023-07-17,1159,569.94,31.8,No_Festival,6,No,No
Ghee (1L),Central,2023-07-24,1083,571.96,30.7,No_Festival,5,No,No
Ghee (1L),Central,2023-07-31,1177,574.84,30.0,No_Festival,6,No,No
Ghee (1L),Central,2023-08-07,544,573.98,29.8,No_Festival,4,No,No
Ghee (1L),Central,2023-08-14,967,574.98,29.8,Independence Day,5,Yes,Yes
Ghee (1L),Central,2023-08-21,682,574.4,30.8,No_Festival,5,No,No
Ghee (1L),Central,2023-08-28,1244,575.59,30.6,Raksha Bandhan,5,Yes,Yes
Ghee (1L),Central,2023-09-04,893,572.31,30.6,Janmashtami,4,Yes,Yes
Ghee (1L),Central,2023-09-11,1255,567.1,29.2,No_Festival,6,No,No
Ghee (1L),Central,2023-09-18,1057,569.72,29.7,No_Festival,5,No,No
Ghee (1L),Central,2023-09-25,1131,577.91,30.7,No_Festival,5,No,No
Ghee (1L),Central,2023-10-02,1330,565.02,29.2,Gandhi Jayanti,6,Yes,Yes
Ghee (1L),Central,2023-10-09,1415,575.91,28.4,No_Festival,5,No,No
Ghee (1L),Central,2023-10-16,984,567.51,27.8,No_Festival,4,No,No
Ghee (1L),Central,2023-10-23,1518,578.2,27.6,No_Festival,5,No,No
Ghee (1L),Central,2023-10-30,927,577.29,22.2,No_Festival,3,No,No
Ghee (1L),Central,2023-11-06,971,559.16,21.2,No_Festival,4,No,No
Ghee (1L),Central,2023-11-13,1643,571.9,22.9,No_Festival,7,No,No
Ghee (1L),Central,2023-11-20,1132,582.82,21.5,No_Festival,4,No,No
Ghee (1L),Central,2023-11-27,2111,574.32,21.2,Guru Nanak Jayanti,6,Yes,Yes
Ghee (1L),Central,2023-12-04,1118,562.95,18.2,No_Festival,4,No,No
Ghee (1L),Central,2023-12-11,1276,571.49,20.2,No_Festival,4,No,No
Ghee (1L),Central,2023-12-18,1509,576.33,18.7,No_Festival,5,No,No
Ghee (1L),Central,2023-12-25,1575,571.84,18.6,Christmas,6,Yes,Yes
Ghee (1L),East,2020-12-28,570,525.73,17.6,No_Festival,3,No,No
Ghee (1L),East,2021-01-04,847,520.0,18.6,No_Festival,4,No,No
Ghee (1L),East,2021-01-11,1338,520.96,19.7,Makar Sankranti,5,Yes,Yes
Ghee (1L),East,2021-01-18,829,514.99,18.1,No_Festival,5,No,No
Ghee (1L),East,2021-01-25,1122,516.6,18.1,Republic Day,6,Yes,Yes
Ghee (1L),East,2021-02-01,1078,525.71,20.1,No_Festival,6,No,No
Ghee (1L),East,2021-02-08,545,530.19,21.7,No_Festival,3,No,No
Ghee (1L),East,2021-02-15,1125,526.73,22.7,No_Festival,5,No,No
Ghee (1L),East,2021-02-22,882,519.49,20.9,No_Festival,5,No,No
Ghee (1L),East,2021-03-01,936,518.65,26.7,No_Festival,4,No,No
Ghee (1L),East,2021-03-08,1007,513.73,25.5,No_Festival,5,No,No
Ghee (1L),East,2021-03-15,977,522.28,27.5,No_Festival,5,No,No
Ghee (1L),East,2021-03-22,1033,522.53,26.6,No_Festival,5,No,No
Ghee (1L),East,2021-03-29,1212,519.52,29.9,No_Festival,6,No,No
Ghee (1L),East,2021-04-05,690,523.33,32.3,No_Festival,3,No,No
Ghee (1L),East,2021-04-12,952,519.73,32.7,No_Festival,4,No,No
Ghee (1L),East,2021-04-19,1033,524.66,31.3,No_Festival,5,No,No
Ghee (1L),East,2021-04-26,1111,527.22,33.0,No_Festival,5,No,No
Ghee (1L),East,2021-05-03,1151,524.33,33.9,No_Festival,5,No,No
Ghee (1L),East,2021-05-10,732,521.51,36.3,No_Festival,4,No,Yes
Ghee (1L),East,2021-05-17,1100,522.48,35.5,No_Festival,6,No,No
Ghee (1L),East,2021-05-24,1316,524.59,33.6,No_Festival,7,No,No
Ghee (1L),East,2021-05-31,1520,520.04,33.1,No_Festival,7,No,No
Ghee (1L),East,2021-06-07,1014,526.47,31.1,No_Festival,6,No,No
Ghee (1L),East,2021-06-14,825,519.5,32.5,No_Festival,4,No,No
Ghee (1L),East,2021-06-21,721,521.46,32.1,No_Festival,6,No,No
Ghee (1L),East,2021-06-28,1108,522.81,31.2,No_Festival,6,No,No
Ghee (1L),East,2021-07-05,952,524.36,29.8,No_Festival,5,No,No
Ghee (1L),East,2021-07-12,1076,517.78,29.7,No_Festival,7,No,No
Ghee (1L),East,2021-07-19,639,521.27,29.5,No_Festival,3,No,Yes
Ghee (1L),East,2021-07-26,915,516.9,30.1,No_Festival,5,No,No
Ghee (1L),East,2021-08-02,1167,518.59,28.6,No_Festival,6,No,No
Ghee (1L),East,2021-08-09,648,516.3,30.1,Independence Day,3,Yes,Yes
Ghee (1L),East,2021-08-16,1194,519.26,29.5,Raksha Bandhan,6,Yes,Yes
Ghee (1L),East,2021-08-23,1199,518.21,31.1,No_Festival,6,No,No
Ghee (1L),East,2021-08-30,862,519.47,29.7,No_Festival,5,No,No
Ghee (1L),East,2021-09-06,1076,515.25,30.2,No_Festival,5,No,No
Ghee (1L),East,2021-09-13,722,518.38,29.0,No_Festival,4,No,No
Ghee (1L),East,2021-09-20,975,522.18,29.3,No_Festival,5,No,No
Ghee (1L),East,2021-09-27,1152,522.06,27.8,Gandhi Jayanti,7,Yes,Yes
Ghee (1L),East,2021-10-04,1845,514.87,26.5,No_Festival,7,No,No
Ghee (1L),East,2021-10-11,1131,521.27,28.5,Navratri,4,Yes,Yes
Ghee (1L),East,2021-10-18,1691,523.56,27.3,No_Festival,5,No,No
Ghee (1L),East,2021-10-25,1624,514.36,28.2,No_Festival,5,No,No
Ghee (1L),East,2021-11-01,1628,512.46,24.0,No_Festival,5,No,No
Ghee (1L),East,2021-11-08,855,519.25,22.9,No_Festival,5,No,No
Ghee (1L),East,2021-11-15,1517,519.04,23.8,Guru Nanak Jayanti,6,Yes,Yes
Ghee (1L),East,2021-11-22,1290,530.71,20.0,No_Festival,5,No,No
Ghee (1L),East,2021-11-29,1256,515.32,17.9,No_Festival,6,No,No
Ghee (1L),East,2021-12-06,1381,519.18,16.8,No_Festival,6,No,No
Ghee (1L),East,2021-12-13,2106,519.87,16.7,No_Festival,7,No,No
Ghee (1L),East,2021-12-20,1172,528.65,16.6,No_Festival,5,No,No
Ghee (1L),East,2021-12-27,1074,526.01,16.2,No_Festival,6,No,No
Ghee (1L),East,2022-01-03,1317,546.57,18.8,No_Festival,6,No,No
Ghee (1L),East,2022-01-10,1444,535.23,17.3,Makar Sankranti,6,Yes,Yes
Ghee (1L),East,2022-01-17,618,541.9,18.2,No_Festival,4,No,No
Ghee (1L),East,2022-01-24,1219,547.2,17.6,Republic Day,6,Yes,Yes
Ghee (1L),East,2022-01-31,712,555.07,20.5,No_Festival,4,No,No
Ghee (1L),East,2022-02-07,1403,545.62,21.8,No_Festival,7,No,No
Ghee (1L),East,2022-02-14,1093,547.75,21.4,No_Festival,5,No,No
Ghee (1L),East,2022-02-21,1345,542.8,21.8,No_Festival,6,No,No
Ghee (1L),East,2022-02-28,853,539.2,24.6,No_Festival,4,No,No
Ghee (1L),East,2022-03-07,1356,551.91,28.6,No_Festival,7,No,No
Ghee (1L),East,2022-03-14,878,550.07,26.7,No_Festival,5,No,No
Ghee (1L),East,2022-03-21,1008,547.49,25.3,No_Festival,5,No,No
Ghee (1L),East,2022-03-28,1434,542.88,28.4,No_Festival,7,No,No
Ghee (1L),East,2022-04-04,819,546.61,33.4,No_Festival,4,No,No
Ghee (1L),East,2022-04-11,1125,548.15,32.1,Baisakhi,5,Yes,Yes
Ghee (1L),East,2022-04-18,962,542.27,32.2,No_Festival,4,No,No
Ghee (1L),East,2022-04-25,1102,551.24,32.0,No_Festival,6,No,No
Ghee (1L),East,2022-05-02,680,538.39,35.1,No_Festival,4,No,No
Ghee (1L),East,2022-05-09,1042,547.0,34.9,No_Festival,5,No,No
Ghee (1L),East,2022-05-16,630,544.63,34.3,No_Festival,5,No,No
Ghee (1L),East,2022-05-23,994,548.98,35.3,No_Festival,6,No,No
Ghee (1L),East,2022-05-30,769,539.16,33.6,No_Festival,4,No,No
Ghee (1L),East,2022-06-06,1266,544.12,30.5,No_Festival,6,No,No
Ghee (1L),East,2022-06-13,1335,551.7,32.3,No_Festival,6,No,No
Ghee (1L),East,2022-06-20,539,545.45,33.2,No_Festival,4,No,No
Ghee (1L),East,2022-06-27,1109,544.55,31.7,No_Festival,6,No,No
Ghee (1L),East,2022-07-04,522,549.03,29.9,No_Festival,4,No,Yes
Ghee (1L),East,2022-07-11,1274,540.94,30.5,No_Festival,6,No,No
Ghee (1L),East,2022-07-18,1141,546.12,29.6,No_Festival,6,No,No
Ghee (1L),East,2022-07-25,1458,548.13,31.3,No_Festival,6,No,No
Ghee (1L),East,2022-08-01,906,544.84,30.9,No_Festival,4,No,No
Ghee (1L),East,2022-08-08,1319,546.55,30.7,Raksha Bandhan,6,Yes,Yes
Ghee (1L),East,2022-08-15,790,535.82,31.7,No_Festival,4,No,No
Ghee (1L),East,2022-08-22,1401,547.47,30.1,No_Festival,7,No,No
Ghee (1L),East,2022-08-29,904,551.22,29.6,No_Festival,5,No,No
Ghee (1L),East,2022-09-05,970,543.65,30.0,No_Festival,6,No,No
Ghee (1L),East,2022-09-12,925,548.17,29.0,No_Festival,5,No,No
Ghee (1L),East,2022-09-19,755,545.68,30.8,No_Festival,4,No,No
Ghee (1L),East,2022-09-26,1478,542.78,26.4,Gandhi Jayanti,5,Yes,Yes
Ghee (1L),East,2022-10-03,2008,547.48,27.0,No_Festival,7,No,No
Ghee (1L),East,2022-10-10,1051,544.92,29.2,No_Festival,4,No,No
Ghee (1L),East,2022-10-17,2256,549.77,25.4,No_Festival,6,No,No
Ghee (1L),East,2022-10-24,1800,550.64,28.1,Diwali,5,Yes,Yes
Ghee (1L),East,2022-10-31,1586,541.68,23.5,No_Festival,7,No,No
Ghee (1L),East,2022-11-07,1384,541.26,21.8,Guru Nanak Jayanti,6,Yes,Yes
Ghee (1L),East,2022-11-14,2105,548.06,22.8,No_Festival,6,No,No
Ghee (1L),East,2022-11-21,2015,545.57,22.2,No_Festival,6,No,No
Ghee (1L),East,2022-11-28,1228,541.89,18.7,No_Festival,5,No,No
Ghee (1L),East,2022-12-05,1703,544.95,15.6,No_Festival,5,No,No
Ghee (1L),East,2022-12-12,1312,545.77,17.1,No_Festival,6,No,No
Ghee (1L),East,2022-12-19,1028,548.63,16.5,No_Festival,5,No,No
Ghee (1L),East,2022-12-26,1600,547.34,18.2,No_Festival,6,No,No
Ghee (1L),East,2023-01-02,809,576.59,19.7,No_Festival,3,No,No
Ghee (1L),East,2023-01-09,1070,568.77,18.7,No_Festival,5,No,No
Ghee (1L),East,2023-01-16,1406,578.88,18.8,No_Festival,6,No,No
Ghee (1L),East,2023-01-23,506,567.13,18.6,Republic Day,3,Yes,Yes
Ghee (1L),East,2023-01-30,1509,566.75,19.8,No_Festival,7,No,No
Ghee (1L),East,2023-02-06,1099,569.21,21.3,No_Festival,6,No,No
Ghee (1L),East,2023-02-13,888,566.1,20.7,No_Festival,6,No,No
Ghee (1L),East,2023-02-20,735,570.16,20.2,No_Festival,4,No,No
Ghee (1L),East,2023-02-27,1574,568.37,24.8,No_Festival,7,No,No
Ghee (1L),East,2023-03-06,1361,569.05,28.4,Holi,6,Yes,Yes
Ghee (1L),East,2023-03-13,1008,572.56,26.7,No_Festival,5,No,No
Ghee (1L),East,2023-03-20,1033,568.76,27.5,No_Festival,5,No,No
Ghee (1L),East,2023-03-27,655,565.59,28.8,No_Festival,3,No,No
Ghee (1L),East,2023-04-03,777,579.78,33.0,No_Festival,5,No,No
Ghee (1L),East,2023-04-10,1392,574.98,32.8,Baisakhi,5,Yes,Yes
Ghee (1L),East,2023-04-17,725,577.64,30.8,No_Festival,4,No,No
Ghee (1L),East,2023-04-24,1002,575.9,32.0,No_Festival,6,No,No
Ghee (1L),East,2023-05-01,1364,565.54,34.3,No_Festival,6,No,No
Ghee (1L),East,2023-05-08,1003,578.41,33.7,No_Festival,5,No,No
Ghee (1L),East,2023-05-15,1092,568.15,34.1,No_Festival,6,No,No
Ghee (1L),East,2023-05-22,733,573.65,35.3,No_Festival,4,No,No
Ghee (1L),East,2023-05-29,989,567.24,34.2,No_Festival,5,No,No
Ghee (1L),East,2023-06-05,1083,580.5,30.1,No_Festival,6,No,No
Ghee (1L),East,2023-06-12,1302,573.0,30.5,No_Festival,6,No,No
Ghee (1L),East,2023-06-19,993,566.73,33.3,No_Festival,6,No,No
Ghee (1L),East,2023-06-26,1146,577.01,31.7,No_Festival,7,No,Yes
Ghee (1L),East,2023-07-03,1005,564.66,29.2,No_Festival,6,No,No
Ghee (1L),East,2023-07-10,697,578.11,31.3,No_Festival,4,No,No
Ghee (1L),East,2023-07-17,1008,570.36,29.2,No_Festival,6,No,No
Ghee (1L),East,2023-07-24,1265,575.52,29.2,No_Festival,6,No,No
Ghee (1L),East,2023-07-31,1173,570.08,29.6,No_Festival,6,No,No
Ghee (1L),East,2023-08-07,1272,567.41,30.8,No_Festival,6,No,No
Ghee (1L),East,2023-08-14,799,570.09,29.5,No_Festival,5,No,No
Ghee (1L),East,2023-08-21,783,561.56,29.9,No_Festival,4,No,No
Ghee (1L),East,2023-08-28,1400,573.56,30.9,Raksha Bandhan,6,Yes,Yes
Ghee (1L),East,2023-09-04,1188,574.46,29.0,Janmashtami,6,Yes,Yes
Ghee (1L),East,2023-09-11,1576,569.45,27.8,No_Festival,7,No,No
Ghee (1L),East,2023-09-18,828,570.7,27.5,No_Festival,4,No,No
Ghee (1L),East,2023-09-25,790,568.92,28.2,No_Festival,6,No,No
Ghee (1L),East,2023-10-02,1399,568.36,27.1,Gandhi Jayanti,6,Yes,Yes
Ghee (1L),East,2023-10-09,1821,572.41,26.5,No_Festival,6,No,No
Ghee (1L),East,2023-10-16,1312,578.68,27.7,No_Festival,5,No,No
Ghee (1L),East,2023-10-23,1198,562.94,26.5,No_Festival,5,No,No
Ghee (1L),East,2023-10-30,1924,572.83,23.3,No_Festival,7,No,No
Ghee (1L),East,2023-11-06,1725,575.51,22.5,No_Festival,5,No,No
Ghee (1L),East,2023-11-13,881,585.57,22.3,No_Festival,3,No,No
Ghee (1L),East,2023-11-20,629,577.73,21.2,No_Festival,4,No,No
Ghee (1L),East,2023-11-27,1458,577.21,18.4,No_Festival,6,No,No
Ghee (1L),East,2023-12-04,2089,572.39,17.1,No_Festival,7,No,No
Ghee (1L),East,2023-12-11,1338,575.3,17.2,No_Festival,5,No,No
Ghee (1L),East,2023-12-18,1127,569.84,15.3,No_Festival,5,No,No
Ghee (1L),East,2023-12-25,823,575.55,16.7,Christmas,3,Yes,Yes
Ghee (1L),North,2020-12-28,242,510.12,15.0,No_Festival,1,No,No
Ghee (1L),North,2021-01-04,717,525.95,14.2,No_Festival,5,No,No
Ghee (1L),North,2021-01-11,746,517.35,15.2,No_Festival,4,No,No
Ghee (1L),North,2021-01-18,1528,511.13,14.3,No_Festival,6,No,No
Ghee (1L),North,2021-01-25,569,509.8,13.9,No_Festival,3,No,No
Ghee (1L),North,2021-02-01,1225,515.79,17.3,No_Festival,5,No,No
Ghee (1L),North,2021-02-08,1226,515.53,16.3,No_Festival,6,No,No
Ghee (1L),North,2021-02-15,1160,522.26,17.1,No_Festival,6,No,No
Ghee (1L),North,2021-02-22,1119,513.69,15.3,No_Festival,6,No,No
Ghee (1L),North,2021-03-01,513,521.37,22.9,No_Festival,3,No,No
Ghee (1L),North,2021-03-08,1470,517.65,23.6,No_Festival,7,No,No
Ghee (1L),North,2021-03-15,452,514.06,22.7,No_Festival,3,No,No
Ghee (1L),North,2021-03-22,1033,523.56,25.0,Holi,4,Yes,Yes
Ghee (1L),North,2021-03-29,1066,522.15,27.7,No_Festival,6,No,No
Ghee (1L),North,2021-04-05,1610,519.79,32.6,No_Festival,7,No,No
Ghee (1L),North,2021-04-12,1683,519.09,31.8,Baisakhi,7,Yes,Yes
Ghee (1L),North,2021-04-19,1179,524.46,32.1,No_Festival,6,No,No
Ghee (1L),North,2021-04-26,836,530.16,34.6,No_Festival,4,No,No
Ghee (1L),North,2021-05-03,824,522.66,38.5,No_Festival,5,No,No
Ghee (1L),North,2021-05-10,702,519.12,39.2,No_Festival,5,No,Yes
Ghee (1L),North,2021-05-17,783,525.07,38.1,No_Festival,4,No,No
Ghee (1L),North,2021-05-24,693,527.26,38.8,No_Festival,4,No,No
Ghee (1L),North,2021-05-31,1004,522.57,40.2,No_Festival,5,No,No
Ghee (1L),North,2021-06-07,836,516.17,40.6,No_Festival,4,No,No
Ghee (1L),North,2021-06-14,1368,525.96,38.4,No_Festival,6,No,No
Ghee (1L),North,2021-06-21,732,517.24,39.3,No_Festival,3,No,No
Ghee (1L),North,2021-06-28,907,516.11,35.2,No_Festival,5,No,No
Ghee (1L),North,2021-07-05,1496,523.39,35.8,No_Festival,7,No,No
Ghee (1L),North,2021-07-12,1065,519.46,35.9,No_Festival,4,No,No
Ghee (1L),North,2021-07-19,933,517.77,36.2,No_Festival,5,No,Yes
Ghee (1L),North,2021-07-26,951,519.99,37.1,No_Festival,5,No,No
Ghee (1L),North,2021-08-02,386,521.18,30.9,No_Festival,3,No,No
Ghee (1L),North,2021-08-09,1127,523.07,32.9,Independence Day,5,Yes,Yes
Ghee (1L),North,2021-08-16,274,525.9,34.7,No_Festival,2,No,No
Ghee (1L),North,2021-08-23,823,515.09,32.1,No_Festival,5,No,No
Ghee (1L),North,2021-08-30,979,520.25,31.6,Janmashtami,5,Yes,Yes
Ghee (1L),North,2021-09-06,1080,518.81,32.2,No_Festival,5,No,No
Ghee (1L),North,2021-09-13,1059,529.46,32.9,No_Festival,6,No,No
Ghee (1L),North,2021-09-20,904,520.05,31.5,No_Festival,5,No,No
Ghee (1L),North,2021-09-27,938,526.28,29.6,No_Festival,5,No,No
Ghee (1L),North,2021-10-04,1348,521.28,26.3,No_Festival,4,No,No
Ghee (1L),North,2021-10-11,1618,525.28,27.5,Navratri,4,Yes,Yes
Ghee (1L),North,2021-10-18,1045,514.79,27.2,No_Festival,5,No,No
Ghee (1L),North,2021-10-25,1741,516.74,26.1,No_Festival,5,No,No
Ghee (1L),North,2021-11-01,1659,519.13,19.0,Diwali,6,Yes,Yes
Ghee (1L),North,2021-11-08,1830,521.28,18.5,No_Festival,7,No,No
Ghee (1L),North,2021-11-15,1153,519.55,19.3,Guru Nanak Jayanti,4,Yes,Yes
Ghee (1L),North,2021-11-22,1324,524.7,19.7,No_Festival,6,No,No
Ghee (1L),North,2021-11-29,2531,517.57,15.1,No_Festival,7,No,No
Ghee (1L),North,2021-12-06,1331,521.75,14.4,No_Festival,5,No,No
Ghee (1L),North,2021-12-13,1411,520.74,14.9,No_Festival,6,No,No
Ghee (1L),North,2021-12-20,2402,523.6,14.8,Christmas,7,Yes,Yes
Ghee (1L),North,2021-12-27,966,526.0,14.3,No_Festival,5,No,No
Ghee (1L),North,2022-01-03,1337,551.8,14.8,No_Festival,6,No,No
Ghee (1L),North,2022-01-10,834,551.1,14.4,No_Festival,4,No,No
Ghee (1L),North,2022-01-17,1360,539.61,13.8,No_Festival,7,No,No
Ghee (1L),North,2022-01-24,1041,546.98,15.1,Republic Day,6,Yes,Yes
Ghee (1L),North,2022-01-31,1268,538.83,16.3,No_Festival,6,No,No
Ghee (1L),North,2022-02-07,492,538.06,17.0,No_Festival,3,No,No
Ghee (1L),North,2022-02-14,1278,556.88,17.9,No_Festival,6,No,No
Ghee (1L),North,2022-02-21,1269,549.02,16.7,No_Festival,6,No,No
Ghee (1L),North,2022-02-28,1370,549.54,24.2,No_Festival,6,No,No
Ghee (1L),North,2022-03-07,1422,545.57,22.6,No_Festival,7,No,No
Ghee (1L),North,2022-03-14,901,548.97,25.6,Holi,5,Yes,Yes
Ghee (1L),North,2022-03-21,955,545.64,24.2,No_Festival,5,No,No
Ghee (1L),North,2022-03-28,1119,539.25,27.1,No_Festival,5,No,No
Ghee (1L),North,2022-04-04,965,547.09,33.0,No_Festival,5,No,No
Ghee (1L),North,2022-04-11,1123,543.59,30.9,Baisakhi,6,Yes,Yes
Ghee (1L),North,2022-04-18,998,549.7,31.2,No_Festival,5,No,No
Ghee (1L),North,2022-04-25,778,545.64,32.0,No_Festival,4,No,No
Ghee (1L),North,2022-05-02,1270,549.61,39.5,No_Festival,6,No,Yes
Ghee (1L),North,2022-05-09,1335,539.69,37.1,No_Festival,6,No,No
Ghee (1L),North,2022-05-16,1117,538.23,38.2,No_Festival,6,No,No
Ghee (1L),North,2022-05-23,1139,549.23,37.7,No_Festival,6,No,No
Ghee (1L),North,2022-05-30,907,548.13,39.1,No_Festival,4,No,No
Ghee (1L),North,2022-06-06,1014,544.8,39.9,No_Festival,6,No,No
Ghee (1L),North,2022-06-13,933,550.22,40.2,No_Festival,6,No,No
Ghee (1L),North,2022-06-20,1221,541.33,39.4,No_Festival,7,No,No
Ghee (1L),North,2022-06-27,724,546.92,39.2,No_Festival,4,No,No
Ghee (1L),North,2022-07-04,1100,546.31,36.2,No_Festival,5,No,Yes
Ghee (1L),North,2022-07-11,1175,544.23,36.3,No_Festival,7,No,No
Ghee (1L),North,2022-07-18,1167,542.34,35.6,No_Festival,6,No,No
Ghee (1L),North,2022-07-25,683,543.74,35.5,No_Festival,3,No,No
Ghee (1L),North,2022-08-01,875,545.4,35.1,No_Festival,5,No,No
Ghee (1L),North,2022-08-08,1499,549.94,34.6,Raksha Bandhan,6,Yes,Yes
Ghee (1L),North,2022-08-15,1212,550.7,33.7,"Independence Day, Janmashtami",7,Yes,Yes
Ghee (1L),North,2022-08-22,915,544.07,34.3,No_Festival,5,No,No
Ghee (1L),North,2022-08-29,1021,545.26,33.3,No_Festival,5,No,No
Ghee (1L),North,2022-09-05,1168,543.19,32.0,No_Festival,6,No,No
Ghee (1L),North,2022-09-12,986,548.87,31.6,No_Festival,5,No,No
Ghee (1L),North,2022-09-19,1180,546.75,31.4,No_Festival,6,No,No
Ghee (1L),North,2022-09-26,935,547.8,30.4,No_Festival,5,No,No
Ghee (1L),North,2022-10-03,1887,546.52,26.7,No_Festival,6,No,No
Ghee (1L),North,2022-10-10,1914,544.24,26.3,No_Festival,6,No,No
Ghee (1L),North,2022-10-17,1635,543.6,26.1,No_Festival,6,No,No
Ghee (1L),North,2022-10-24,1988,549.48,26.6,Diwali,6,Yes,Yes
Ghee (1L),North,2022-10-31,1043,540.11,20.8,No_Festival,4,No,No
Ghee (1L),North,2022-11-07,971,541.28,18.7,No_Festival,4,No,No
Ghee (1L),North,2022-11-14,1881,542.13,17.6,No_Festival,7,No,No
Ghee (1L),North,2022-11-21,1357,548.17,19.4,No_Festival,6,No,No
Ghee (1L),North,2022-11-28,1351,548.05,16.1,No_Festival,6,No,No
Ghee (1L),North,2022-12-05,1718,547.74,15.4,No_Festival,7,No,No
Ghee (1L),North,2022-12-12,1738,542.59,15.5,No_Festival,7,No,No
Ghee (1L),North,2022-12-19,2140,548.57,14.0,Christmas,6,Yes,Yes
Ghee (1L),North,2022-12-26,1509,547.17,13.6,No_Festival,6,No,No
Ghee (1L),North,2023-01-02,1288,566.98,14.6,No_Festival,7,No,No
Ghee (1L),North,2023-01-09,1203,570.45,14.0,Makar Sankranti,6,Yes,Yes
Ghee (1L),North,2023-01-16,1015,567.35,14.1,No_Festival,5,No,No
Ghee (1L),North,2023-01-23,1197,571.74,13.8,Republic Day,4,Yes,Yes
Ghee (1L),North,2023-01-30,899,562.17,16.7,No_Festival,7,No,No
Ghee (1L),North,2023-02-06,968,571.36,17.0,No_Festival,4,No,No
Ghee (1L),North,2023-02-13,617,569.9,16.9,No_Festival,4,No,No
Ghee (1L),North,2023-02-20,793,580.7,16.7,No_Festival,5,No,No
Ghee (1L),North,2023-02-27,1359,577.35,20.9,No_Festival,5,No,No
Ghee (1L),North,2023-03-06,896,571.34,24.6,No_Festival,6,No,No
Ghee (1L),North,2023-03-13,1450,571.83,24.1,No_Festival,7,No,No
Ghee (1L),North,2023-03-20,1353,571.49,23.9,No_Festival,7,No,No
Ghee (1L),North,2023-03-27,1236,574.65,27.7,No_Festival,6,No,No
Ghee (1L),North,2023-04-03,1033,572.08,32.3,No_Festival,6,No,No
Ghee (1L),North,2023-04-10,1155,571.64,32.6,Baisakhi,6,Yes,Yes
Ghee (1L),North,2023-04-17,1078,571.66,32.3,No_Festival,5,No,Yes
Ghee (1L),North,2023-04-24,837,572.97,32.9,No_Festival,6,No,No
Ghee (1L),North,2023-05-01,1091,569.07,39.5,No_Festival,6,No,No
Ghee (1L),North,2023-05-08,1117,573.97,37.3,No_Festival,5,No,No
Ghee (1L),North,2023-05-15,1274,571.17,37.0,No_Festival,7,No,No
Ghee (1L),North,2023-05-22,648,578.16,37.6,No_Festival,4,No,No
Ghee (1L),North,2023-05-29,1002,565.86,38.0,No_Festival,5,No,No
Ghee (1L),North,2023-06-05,1063,576.6,39.2,No_Festival,5,No,No
Ghee (1L),North,2023-06-12,1557,573.96,38.4,No_Festival,7,No,No
Ghee (1L),North,2023-06-19,945,570.76,41.1,No_Festival,6,No,No
Ghee (1L),North,2023-06-26,1309,566.47,38.8,No_Festival,7,No,Yes
Ghee (1L),North,2023-07-03,469,569.81,36.2,No_Festival,2,No,No
Ghee (1L),North,2023-07-10,504,579.8,37.1,No_Festival,3,No,No
Ghee (1L),North,2023-07-17,1103,576.69,35.4,No_Festival,6,No,No
Ghee (1L),North,2023-07-24,1339,570.63,36.8,No_Festival,7,No,No
Ghee (1L),North,2023-07-31,955,572.93,35.6,No_Festival,5,No,No
Ghee (1L),North,2023-08-07,462,576.55,35.0,No_Festival,4,No,No
Ghee (1L),North,2023-08-14,992,572.26,33.8,Independence Day,6,Yes,Yes
Ghee (1L),North,2023-08-21,970,567.36,33.4,No_Festival,5,No,No
Ghee (1L),North,2023-08-28,944,576.6,31.4,No_Festival,5,No,No
Ghee (1L),North,2023-09-04,1489,566.24,31.2,Janmashtami,7,Yes,Yes
Ghee (1L),North,2023-09-11,1177,575.36,30.8,No_Festival,5,No,No
Ghee (1L),North,2023-09-18,1056,570.47,31.4,No_Festival,5,No,No
Ghee (1L),North,2023-09-25,869,576.03,31.9,No_Festival,4,No,No
Ghee (1L),North,2023-10-02,1684,574.19,25.2,Gandhi Jayanti,6,Yes,Yes
Ghee (1L),North,2023-10-09,1887,571.0,26.5,No_Festival,6,No,No
Ghee (1L),North,2023-10-16,1710,572.17,25.6,No_Festival,6,No,No
Ghee (1L),North,2023-10-23,1247,579.71,26.3,No_Festival,5,No,No
Ghee (1L),North,2023-10-30,1052,572.02,20.6,No_Festival,5,No,No
Ghee (1L),North,2023-11-06,1812,575.72,18.8,Diwali,6,Yes,Yes
Ghee (1L),North,2023-11-13,1569,571.77,18.7,No_Festival,5,No,No
Ghee (1L),North,2023-11-20,1574,576.32,19.9,No_Festival,5,No,No
Ghee (1L),North,2023-11-27,2046,574.04,16.3,Guru Nanak Jayanti,6,Yes,Yes
Ghee (1L),North,2023-12-04,2107,574.49,14.8,No_Festival,6,No,No
Ghee (1L),North,2023-12-11,1667,575.68,13.9,No_Festival,5,No,No
Ghee (1L),North,2023-12-18,1941,571.38,14.2,No_Festival,6,No,No
Ghee (1L),North,2023-12-25,1564,567.45,12.8,Christmas,6,Yes,Yes
Ghee (1L),South,2020-12-28,235,518.13,25.7,No_Festival,1,No,No
Ghee (1L),South,2021-01-04,1058,518.43,24.8,No_Festival,6,No,No
Ghee (1L),South,2021-01-11,667,519.02,23.9,No_Festival,4,No,No
Ghee (1L),South,2021-01-18,1235,520.95,27.0,No_Festival,6,No,No
Ghee (1L),South,2021-01-25,1386,524.0,25.0,No_Festival,6,No,No
Ghee (1L),South,2021-02-01,1082,514.61,25.3,No_Festival,6,No,No
Ghee (1L),South,2021-02-08,1393,523.71,26.9,No_Festival,7,No,No
Ghee (1L),South,2021-02-15,1536,515.69,27.5,No_Festival,7,No,No
Ghee (1L),South,2021-02-22,1417,510.79,28.1,No_Festival,6,No,No
Ghee (1L),South,2021-03-01,945,523.4,29.7,No_Festival,5,No,No
Ghee (1L),South,2021-03-08,1141,517.45,29.0,No_Festival,5,No,No
Ghee (1L),South,2021-03-15,811,520.04,30.4,No_Festival,4,No,No
Ghee (1L),South,2021-03-22,761,517.81,29.5,No_Festival,4,No,No
Ghee (1L),South,2021-03-29,1454,522.12,32.6,No_Festival,7,No,No
Ghee (1L),South,2021-04-05,981,519.56,32.6,No_Festival,5,No,No
Ghee (1L),South,2021-04-12,657,526.69,31.6,Baisakhi,4,Yes,Yes
Ghee (1L),South,2021-04-19,1019,520.94,32.1,No_Festival,4,No,No
Ghee (1L),South,2021-04-26,1304,517.96,34.1,No_Festival,6,No,No
Ghee (1L),South,2021-05-03,1214,515.44,36.1,No_Festival,6,No,No
Ghee (1L),South,2021-05-10,834,517.04,32.8,No_Festival,4,No,No
Ghee (1L),South,2021-05-17,950,524.52,32.8,No_Festival,6,No,No
Ghee (1L),South,2021-05-24,1629,522.72,35.9,No_Festival,7,No,No
Ghee (1L),South,2021-05-31,690,521.6,28.6,No_Festival,4,No,No
Ghee (1L),South,2021-06-07,1065,522.09,30.2,No_Festival,7,No,No
Ghee (1L),South,2021-06-14,1196,520.81,29.6,No_Festival,7,No,No
Ghee (1L),South,2021-06-21,420,517.56,28.5,No_Festival,3,No,No
Ghee (1L),South,2021-06-28,362,520.88,28.4,No_Festival,3,No,No
Ghee (1L),South,2021-07-05,1435,521.81,28.2,No_Festival,7,No,No
Ghee (1L),South,2021-07-12,1191,519.03,28.0,No_Festival,7,No,No
Ghee (1L),South,2021-07-19,1080,518.53,27.1,No_Festival,6,No,Yes
Ghee (1L),South,2021-07-26,1427,518.34,28.8,No_Festival,7,No,No
Ghee (1L),South,2021-08-02,1256,524.14,27.4,No_Festival,7,No,No
Ghee (1L),South,2021-08-09,1141,522.48,28.6,Independence Day,6,Yes,Yes
Ghee (1L),South,2021-08-16,1055,519.43,27.4,No_Festival,5,No,No
Ghee (1L),South,2021-08-23,895,523.81,28.9,No_Festival,5,No,No
Ghee (1L),South,2021-08-30,1376,517.33,29.0,Janmashtami,7,Yes,Yes
Ghee (1L),South,2021-09-06,638,519.5,27.4,No_Festival,4,No,No
Ghee (1L),South,2021-09-13,1011,519.36,28.5,No_Festival,5,No,No
Ghee (1L),South,2021-09-20,1261,519.89,28.4,No_Festival,6,No,No
Ghee (1L),South,2021-09-27,1019,524.55,27.0,No_Festival,5,No,No
Ghee (1L),South,2021-10-04,1776,515.51,28.8,No_Festival,6,No,No
Ghee (1L),South,2021-10-11,1115,522.69,26.9,Navratri,3,Yes,Yes
Ghee (1L),South,2021-10-18,881,526.36,28.8,No_Festival,3,No,No
Ghee (1L),South,2021-10-25,1255,521.57,27.6,No_Festival,5,No,No
Ghee (1L),South,2021-11-01,1688,519.7,25.2,Diwali,7,Yes,Yes
Ghee (1L),South,2021-11-08,981,529.07,26.7,No_Festival,4,No,No
Ghee (1L),South,2021-11-15,1326,517.68,25.0,Guru Nanak Jayanti,5,Yes,Yes
Ghee (1L),South,2021-11-22,1380,521.35,24.6,No_Festival,5,No,No
Ghee (1L),South,2021-11-29,1024,526.12,26.0,No_Festival,4,No,No
Ghee (1L),South,2021-12-06,525,514.77,24.8,No_Festival,3,No,No
Ghee (1L),South,2021-12-13,1860,521.68,25.0,No_Festival,7,No,No
Ghee (1L),South,2021-12-20,1172,522.37,24.3,No_Festival,4,No,No
Ghee (1L),South,2021-12-27,1372,519.18,26.0,No_Festival,5,No,No
Ghee (1L),South,2022-01-03,1035,542.93,25.5,No_Festival,6,No,No
Ghee (1L),South,2022-01-10,1230,552.2,26.2,Makar Sankranti,6,Yes,Yes
Ghee (1L),South,2022-01-17,1078,542.82,24.6,No_Festival,4,No,No
Ghee (1L),South,2022-01-24,1282,546.16,25.6,Republic Day,6,Yes,Yes
Ghee (1L),South,2022-01-31,777,539.46,28.3,No_Festival,3,No,No
Ghee (1L),South,2022-02-07,1079,551.77,26.0,No_Festival,7,No,No
Ghee (1L),South,2022-02-14,756,536.26,28.6,No_Festival,4,No,No
Ghee (1L),South,2022-02-21,1141,540.13,27.3,No_Festival,5,No,No
Ghee (1L),South,2022-02-28,1036,546.95,28.0,No_Festival,5,No,No
Ghee (1L),South,2022-03-07,702,540.32,30.6,No_Festival,5,No,No
Ghee (1L),South,2022-03-14,1350,548.78,27.8,No_Festival,6,No,No
Ghee (1L),South,2022-03-21,527,543.86,28.3,No_Festival,3,No,No
Ghee (1L),South,2022-03-28,786,546.19,31.5,No_Festival,6,No,No
Ghee (1L),South,2022-04-04,1238,534.77,31.2,No_Festival,6,No,No
Ghee (1L),South,2022-04-11,977,540.47,33.3,Baisakhi,5,Yes,Yes
Ghee (1L),South,2022-04-18,1165,540.68,33.8,No_Festival,6,No,No
Ghee (1L),South,2022-04-25,858,544.97,31.3,No_Festival,3,No,No
Ghee (1L),South,2022-05-02,913,539.41,35.3,No_Festival,5,No,No
Ghee (1L),South,2022-05-09,968,545.47,34.6,No_Festival,6,No,No
Ghee (1L),South,2022-05-16,1520,551.01,33.7,No_Festival,7,No,No
Ghee (1L),South,2022-05-23,1132,539.93,34.2,No_Festival,5,No,No
Ghee (1L),South,2022-05-30,1367,551.4,31.4,No_Festival,6,No,No
Ghee (1L),South,2022-06-06,1543,538.87,29.3,No_Festival,7,No,No
Ghee (1L),South,2022-06-13,1397,541.44,29.3,No_Festival,7,No,No
Ghee (1L),South,2022-06-20,1350,543.69,29.5,No_Festival,6,No,No
Ghee (1L),South,2022-06-27,903,546.74,28.1,No_Festival,5,No,No
Ghee (1L),South,2022-07-04,1283,549.32,26.5,No_Festival,6,No,Yes
Ghee (1L),South,2022-07-11,1319,548.35,29.6,No_Festival,6,No,No
Ghee (1L),South,2022-07-18,825,541.72,28.3,No_Festival,5,No,No
Ghee (1L),South,2022-07-25,870,554.49,28.5,No_Festival,5,No,No
Ghee (1L),South,2022-08-01,362,546.17,27.4,No_Festival,2,No,No
Ghee (1L),South,2022-08-08,1009,543.93,28.4,Raksha Bandhan,4,Yes,Yes
Ghee (1L),South,2022-08-15,1546,547.06,26.7,"Independence Day, Janmashtami",7,Yes,Yes
Ghee (1L),South,2022-08-22,921,540.09,28.9,No_Festival,5,No,No
Ghee (1L),South,2022-08-29,690,542.41,29.8,No_Festival,4,No,No
Ghee (1L),South,2022-09-05,801,553.47,30.8,No_Festival,4,No,No
Ghee (1L),South,2022-09-12,785,536.66,28.6,No_Festival,4,No,No
Ghee (1L),South,2022-09-19,1169,543.94,28.2,No_Festival,7,No,No
Ghee (1L),South,2022-09-26,1923,542.93,27.9,Gandhi Jayanti,7,Yes,Yes
Ghee (1L),South,2022-10-03,1443,546.1,29.9,No_Festival,5,No,No
Ghee (1L),South,2022-10-10,1605,547.79,28.9,No_Festival,6,No,No
Ghee (1L),South,2022-10-17,1794,545.42,27.6,No_Festival,6,No,No
Ghee (1L),South,2022-10-24,2322,543.06,27.7,Diwali,6,Yes,Yes
Ghee (1L),South,2022-10-31,1746,546.59,26.8,No_Festival,5,No,No
Ghee (1L),South,2022-11-07,2339,547.96,26.0,Guru Nanak Jayanti,6,Yes,Yes
Ghee (1L),South,2022-11-14,1886,548.7,25.3,No_Festival,6,No,No
Ghee (1L),South,2022-11-21,2108,540.28,24.4,No_Festival,7,No,No
Ghee (1L),South,2022-11-28,1018,550.33,26.8,No_Festival,4,No,No
Ghee (1L),South,2022-12-05,755,543.22,24.2,No_Festival,4,No,No
Ghee (1L),South,2022-12-12,1012,538.1,25.2,No_Festival,4,No,No
Ghee (1L),South,2022-12-19,1181,552.06,25.5,Christmas,5,Yes,Yes
Ghee (1L),South,2022-12-26,1829,553.21,25.3,No_Festival,7,No,No
Ghee (1L),South,2023-01-02,1258,573.05,26.8,No_Festival,6,No,No
Ghee (1L),South,2023-01-09,1080,574.0,25.6,Makar Sankranti,5,Yes,Yes
Ghee (1L),South,2023-01-16,1065,569.09,25.8,No_Festival,5,No,No
Ghee (1L),South,2023-01-23,1356,566.24,26.2,Republic Day,6,Yes,Yes
Ghee (1L),South,2023-01-30,880,569.2,25.5,No_Festival,5,No,No
Ghee (1L),South,2023-02-06,863,569.43,27.0,No_Festival,4,No,No
Ghee (1L),South,2023-02-13,952,578.84,27.9,No_Festival,5,No,No
Ghee (1L),South,2023-02-20,840,567.95,26.6,No_Festival,5,No,No
Ghee (1L),South,2023-02-27,801,573.44,27.6,No_Festival,5,No,No
Ghee (1L),South,2023-03-06,1166,572.62,29.8,Holi,5,Yes,Yes
Ghee (1L),South,2023-03-13,1149,575.17,29.6,No_Festival,6,No,No
Ghee (1L),South,2023-03-20,1328,577.42,28.9,No_Festival,7,No,No
Ghee (1L),South,2023-03-27,953,568.67,30.1,No_Festival,5,No,No
Ghee (1L),South,2023-04-03,1018,565.49,31.9,No_Festival,5,No,No
Ghee (1L),South,2023-04-10,1128,574.65,34.4,Baisakhi,4,Yes,Yes
Ghee (1L),South,2023-04-17,1095,574.44,32.8,No_Festival,5,No,Yes
Ghee (1L),South,2023-04-24,1290,574.22,31.1,No_Festival,7,No,No
Ghee (1L),South,2023-05-01,860,575.97,33.8,No_Festival,5,No,No
Ghee (1L),South,2023-05-08,933,569.71,33.8,No_Festival,5,No,No
Ghee (1L),South,2023-05-15,731,570.89,34.2,No_Festival,5,No,No
Ghee (1L),South,2023-05-22,1259,576.79,34.7,No_Festival,6,No,No
Ghee (1L),South,2023-05-29,1076,574.49,31.6,No_Festival,6,No,No
Ghee (1L),South,2023-06-05,825,562.45,29.6,No_Festival,5,No,No
Ghee (1L),South,2023-06-12,876,574.51,30.5,No_Festival,6,No,No
Ghee (1L),South,2023-06-19,775,570.86,30.3,No_Festival,5,No,No
Ghee (1L),South,2023-06-26,1261,579.1,30.2,No_Festival,6,No,Yes
Ghee (1L),South,2023-07-03,1157,571.64,28.4,No_Festival,6,No,No
Ghee (1L),South,2023-07-10,771,572.47,27.2,No_Festival,4,No,No
Ghee (1L),South,2023-07-17,1070,568.73,28.2,No_Festival,5,No,No
Ghee (1L),South,2023-07-24,702,576.69,27.1,No_Festival,4,No,No
Ghee (1L),South,2023-07-31,810,575.46,27.8,No_Festival,4,No,No
Ghee (1L),South,2023-08-07,996,576.22,27.2,No_Festival,5,No,No
Ghee (1L),South,2023-08-14,1347,574.63,28.4,Independence Day,7,Yes,Yes
Ghee (1L),South,2023-08-21,810,566.55,27.7,No_Festival,4,No,No
Ghee (1L),South,2023-08-28,1338,569.36,27.7,Raksha Bandhan,7,Yes,Yes
Ghee (1L),South,2023-09-04,673,569.36,29.1,No_Festival,4,No,No
Ghee (1L),South,2023-09-11,908,576.35,28.3,No_Festival,5,No,No
Ghee (1L),South,2023-09-18,1082,567.33,30.3,No_Festival,5,No,No
Ghee (1L),South,2023-09-25,1184,572.46,28.0,No_Festival,7,No,No
Ghee (1L),South,2023-10-02,2054,573.31,27.7,Gandhi Jayanti,6,Yes,Yes
Ghee (1L),South,2023-10-09,1043,572.56,28.0,No_Festival,5,No,No
Ghee (1L),South,2023-10-16,1724,578.51,29.1,No_Festival,6,No,No
Ghee (1L),South,2023-10-23,1513,575.38,27.2,No_Festival,6,No,No
Ghee (1L),South,2023-10-30,1213,566.93,27.4,No_Festival,5,No,No
Ghee (1L),South,2023-11-06,1575,572.51,25.8,Diwali,6,Yes,Yes
Ghee (1L),South,2023-11-13,1770,574.79,27.6,No_Festival,6,No,No
Ghee (1L),South,2023-11-20,790,563.81,27.8,No_Festival,4,No,No
Ghee (1L),South,2023-11-27,2077,571.4,24.6,Guru Nanak Jayanti,7,Yes,Yes
Ghee (1L),South,2023-12-04,1734,570.75,25.8,No_Festival,6,No,No
Ghee (1L),South,2023-12-11,1335,569.18,26.3,No_Festival,5,No,No
Ghee (1L),South,2023-12-18,1752,570.75,25.4,No_Festival,7,No,No
Ghee (1L),South,2023-12-25,1167,574.52,22.2,Christmas,3,Yes,Yes
Ghee (1L),West,2020-12-28,418,522.02,22.5,No_Festival,2,No,No
Ghee (1L),West,2021-01-04,852,530.24,20.2,No_Festival,4,No,No
Ghee (1L),West,2021-01-11,890,519.02,22.8,No_Festival,5,No,No
Ghee (1L),West,2021-01-18,970,516.07,22.0,No_Festival,5,No,No
Ghee (1L),West,2021-01-25,1393,522.14,21.2,No_Festival,6,No,No
Ghee (1L),West,2021-02-01,1479,520.56,23.9,No_Festival,7,No,No
Ghee (1L),West,2021-02-08,1189,520.22,23.0,No_Festival,6,No,No
Ghee (1L),West,2021-02-15,1381,522.14,23.8,No_Festival,7,No,No
Ghee (1L),West,2021-02-22,1345,517.6,22.3,No_Festival,6,No,No
Ghee (1L),West,2021-03-01,831,528.78,28.2,No_Festival,4,No,No
Ghee (1L),West,2021-03-08,848,512.51,29.7,No_Festival,5,No,No
Ghee (1L),West,2021-03-15,551,518.75,28.3,No_Festival,3,No,No
Ghee (1L),West,2021-03-22,1478,522.4,26.5,Holi,7,Yes,Yes
Ghee (1L),West,2021-03-29,980,517.01,29.6,No_Festival,5,No,No
Ghee (1L),West,2021-04-05,1212,520.46,32.9,No_Festival,6,No,No
Ghee (1L),West,2021-04-12,1529,523.69,30.0,Baisakhi,6,Yes,Yes
Ghee (1L),West,2021-04-19,1094,522.83,31.6,No_Festival,6,No,No
Ghee (1L),West,2021-04-26,1377,519.3,33.7,No_Festival,6,No,No
Ghee (1L),West,2021-05-03,1558,518.37,35.5,No_Festival,7,No,No
Ghee (1L),West,2021-05-10,1006,515.32,35.2,No_Festival,6,No,Yes
Ghee (1L),West,2021-05-17,812,521.21,36.3,No_Festival,5,No,No
Ghee (1L),West,2021-05-24,1007,523.95,35.7,No_Festival,5,No,No
Ghee (1L),West,2021-05-31,1245,517.49,32.3,No_Festival,6,No,No
Ghee (1L),West,2021-06-07,1452,520.24,31.7,No_Festival,6,No,No
Ghee (1L),West,2021-06-14,1139,520.17,31.1,No_Festival,6,No,No
Ghee (1L),West,2021-06-21,1044,518.76,31.2,No_Festival,5,No,No
Ghee (1L),West,2021-06-28,1191,523.65,29.9,No_Festival,7,No,No
Ghee (1L),West,2021-07-05,590,515.69,28.7,No_Festival,4,No,No
Ghee (1L),West,2021-07-12,1260,522.7,28.4,No_Festival,7,No,No
Ghee (1L),West,2021-07-19,880,514.69,27.4,No_Festival,5,No,Yes
Ghee (1L),West,2021-07-26,1821,518.53,29.5,No_Festival,7,No,No
Ghee (1L),West,2021-08-02,1103,520.15,28.5,No_Festival,7,No,No
Ghee (1L),West,2021-08-09,1408,521.94,28.1,Independence Day,5,Yes,Yes
Ghee (1L),West,2021-08-16,677,526.43,28.8,No_Festival,4,No,No
Ghee (1L),West,2021-08-23,1164,523.86,28.8,No_Festival,6,No,No
Ghee (1L),West,2021-08-30,977,512.92,28.8,Janmashtami,5,Yes,Yes
Ghee (1L),West,2021-09-06,693,517.36,29.8,No_Festival,4,No,No
Ghee (1L),West,2021-09-13,767,517.65,29.6,No_Festival,5,No,No
Ghee (1L),West,2021-09-20,737,521.04,28.3,No_Festival,4,No,No
Ghee (1L),West,2021-09-27,661,518.3,30.1,No_Festival,4,No,No
Ghee (1L),West,2021-10-04,2344,514.34,30.2,No_Festival,7,No,No
Ghee (1L),West,2021-10-11,1147,516.92,30.8,Navratri,5,Yes,Yes
Ghee (1L),West,2021-10-18,1165,523.17,31.4,No_Festival,4,No,No
Ghee (1L),West,2021-10-25,2042,513.55,30.2,No_Festival,6,No,No
Ghee (1L),West,2021-11-01,614,530.26,25.8,Diwali,3,Yes,Yes
Ghee (1L),West,2021-11-08,1408,514.51,26.5,No_Festival,7,No,No
Ghee (1L),West,2021-11-15,1246,521.94,25.9,Guru Nanak Jayanti,5,Yes,Yes
Ghee (1L),West,2021-11-22,1823,523.98,24.5,No_Festival,6,No,No
Ghee (1L),West,2021-11-29,942,517.51,22.2,No_Festival,4,No,No
Ghee (1L),West,2021-12-06,1244,518.3,22.0,No_Festival,5,No,No
Ghee (1L),West,2021-12-13,253,532.54,18.8,No_Festival,1,No,No
Ghee (1L),West,2021-12-20,1987,517.6,22.1,Christmas,6,Yes,Yes
Ghee (1L),West,2021-12-27,895,526.32,21.0,No_Festival,4,No,No
Ghee (1L),West,2022-01-03,1189,549.36,20.9,No_Festival,5,No,No
Ghee (1L),West,2022-01-10,1255,542.49,23.0,Makar Sankranti,6,Yes,Yes
Ghee (1L),West,2022-01-17,1128,544.22,21.3,No_Festival,6,No,No
Ghee (1L),West,2022-01-24,838,539.12,22.0,Republic Day,5,Yes,Yes
Ghee (1L),West,2022-01-31,631,548.24,23.2,No_Festival,5,No,No
Ghee (1L),West,2022-02-07,1276,539.85,24.8,No_Festival,5,No,No
Ghee (1L),West,2022-02-14,1063,545.14,23.9,No_Festival,5,No,No
Ghee (1L),West,2022-02-21,577,544.81,25.4,No_Festival,4,No,No
Ghee (1L),West,2022-02-28,1280,546.51,27.7,No_Festival,6,No,No
Ghee (1L),West,2022-03-07,1494,538.22,27.6,No_Festival,7,No,No
Ghee (1L),West,2022-03-14,877,542.62,26.7,No_Festival,4,No,No
Ghee (1L),West,2022-03-21,1077,548.13,27.2,No_Festival,6,No,No
Ghee (1L),West,2022-03-28,1204,550.68,30.1,No_Festival,7,No,No
Ghee (1L),West,2022-04-04,1477,541.1,32.2,No_Festival,6,No,No
Ghee (1L),West,2022-04-11,1234,548.93,30.9,Baisakhi,4,Yes,Yes
Ghee (1L),West,2022-04-18,1073,538.64,31.9,No_Festival,4,No,No
Ghee (1L),West,2022-04-25,1357,544.65,31.4,No_Festival,6,No,No
Ghee (1L),West,2022-05-02,1613,537.23,34.7,No_Festival,7,No,Yes
Ghee (1L),West,2022-05-09,1147,544.65,36.4,No_Festival,6,No,No
Ghee (1L),West,2022-05-16,1320,540.42,37.0,No_Festival,7,No,No
Ghee (1L),West,2022-05-23,1054,544.05,35.4,No_Festival,5,No,No
Ghee (1L),West,2022-05-30,1429,537.6,33.5,No_Festival,6,No,No
Ghee (1L),West,2022-06-06,862,549.64,32.2,No_Festival,5,No,No
Ghee (1L),West,2022-06-13,1024,547.81,31.9,No_Festival,6,No,No
Ghee (1L),West,2022-06-20,845,545.33,32.7,No_Festival,5,No,No
Ghee (1L),West,2022-06-27,1224,541.81,31.0,No_Festival,6,No,No
Ghee (1L),West,2022-07-04,982,544.72,28.0,No_Festival,5,No,No
Ghee (1L),West,2022-07-11,709,547.62,28.2,No_Festival,5,No,No
Ghee (1L),West,2022-07-18,1184,543.5,29.0,No_Festival,6,No,No
Ghee (1L),West,2022-07-25,1248,536.98,28.2,No_Festival,6,No,No
Ghee (1L),West,2022-08-01,1276,546.42,28.5,No_Festival,6,No,No
Ghee (1L),West,2022-08-08,880,542.37,28.3,No_Festival,5,No,No
Ghee (1L),West,2022-08-15,1271,538.56,25.2,"Independence Day, Janmashtami",5,Yes,Yes
Ghee (1L),West,2022-08-22,1633,548.0,27.3,No_Festival,7,No,No
Ghee (1L),West,2022-08-29,1174,546.89,28.2,No_Festival,7,No,No
Ghee (1L),West,2022-09-05,898,551.22,27.9,No_Festival,5,No,No
Ghee (1L),West,2022-09-12,1269,544.96,29.1,No_Festival,6,No,No
Ghee (1L),West,2022-09-19,881,548.27,29.9,No_Festival,5,No,No
Ghee (1L),West,2022-09-26,1412,542.74,29.4,Gandhi Jayanti,5,Yes,Yes
Ghee (1L),West,2022-10-03,1504,552.13,31.0,No_Festival,6,No,No
Ghee (1L),West,2022-10-10,1311,539.59,31.1,No_Festival,6,No,No
Ghee (1L),West,2022-10-17,1600,546.29,29.1,No_Festival,4,No,No
Ghee (1L),West,2022-10-24,1741,546.19,29.9,Diwali,5,Yes,Yes
Ghee (1L),West,2022-10-31,1815,544.6,28.0,No_Festival,7,No,No
Ghee (1L),West,2022-11-07,1138,550.05,27.0,Guru Nanak Jayanti,4,Yes,Yes
Ghee (1L),West,2022-11-14,1801,547.89,26.9,No_Festival,7,No,No
Ghee (1L),West,2022-11-21,1815,541.89,26.7,No_Festival,7,No,No
Ghee (1L),West,2022-11-28,1706,547.84,24.2,No_Festival,5,No,No
Ghee (1L),West,2022-12-05,1045,542.98,23.3,No_Festival,5,No,No
Ghee (1L),West,2022-12-12,1014,549.12,20.5,No_Festival,4,No,No
Ghee (1L),West,2022-12-19,1574,545.1,23.2,Christmas,6,Yes,Yes
Ghee (1L),West,2022-12-26,1664,552.39,22.4,No_Festival,6,No,No
Ghee (1L),West,2023-01-02,1195,574.0,22.7,No_Festival,6,No,No
Ghee (1L),West,2023-01-09,1058,570.69,22.0,Makar Sankranti,6,Yes,Yes
Ghee (1L),West,2023-01-16,1524,575.98,22.5,No_Festival,7,No,No
Ghee (1L),West,2023-01-23,1321,570.62,21.7,Republic Day,6,Yes,Yes
Ghee (1L),West,2023-01-30,1181,572.21,23.4,No_Festival,6,No,No
Ghee (1L),West,2023-02-06,1086,566.13,23.2,No_Festival,5,No,No
Ghee (1L),West,2023-02-13,808,566.6,26.1,No_Festival,4,No,No
Ghee (1L),West,2023-02-20,1187,569.08,24.9,No_Festival,6,No,No
Ghee (1L),West,2023-02-27,959,562.01,27.0,No_Festival,5,No,No
Ghee (1L),West,2023-03-06,670,566.38,29.4,No_Festival,4,No,No
Ghee (1L),West,2023-03-13,1055,582.21,27.0,No_Festival,5,No,No
Ghee (1L),West,2023-03-20,1697,572.4,27.8,No_Festival,7,No,No
Ghee (1L),West,2023-03-27,835,568.38,26.8,No_Festival,4,No,No
Ghee (1L),West,2023-04-03,1079,574.24,32.6,No_Festival,5,No,No
Ghee (1L),West,2023-04-10,1016,569.96,31.1,Baisakhi,7,Yes,Yes
Ghee (1L),West,2023-04-17,1765,571.79,31.9,No_Festival,7,No,Yes
Ghee (1L),West,2023-04-24,763,574.93,33.4,No_Festival,5,No,No
Ghee (1L),West,2023-05-01,1322,577.39,35.7,No_Festival,6,No,No
Ghee (1L),West,2023-05-08,338,563.77,36.4,No_Festival,3,No,No
Ghee (1L),West,2023-05-15,281,567.84,35.6,No_Festival,2,No,No
Ghee (1L),West,2023-05-22,1156,570.32,37.0,No_Festival,6,No,No
Ghee (1L),West,2023-05-29,751,575.54,33.1,No_Festival,5,No,No
Ghee (1L),West,2023-06-05,909,572.81,31.5,No_Festival,5,No,No
Ghee (1L),West,2023-06-12,946,564.55,33.4,No_Festival,6,No,No
Ghee (1L),West,2023-06-19,1015,567.16,32.5,No_Festival,5,No,No
Ghee (1L),West,2023-06-26,1297,571.82,31.5,No_Festival,6,No,Yes
Ghee (1L),West,2023-07-03,959,565.01,29.7,No_Festival,6,No,No
Ghee (1L),West,2023-07-10,1601,567.03,28.0,No_Festival,7,No,No
Ghee (1L),West,2023-07-17,1467,577.6,28.9,No_Festival,7,No,No
Ghee (1L),West,2023-07-24,1343,574.18,28.8,No_Festival,7,No,No
Ghee (1L),West,2023-07-31,674,568.97,27.2,No_Festival,5,No,No
Ghee (1L),West,2023-08-07,1413,568.96,29.9,No_Festival,7,No,No
Ghee (1L),West,2023-08-14,1156,573.19,29.2,Independence Day,5,Yes,Yes
Ghee (1L),West,2023-08-21,842,579.07,28.4,No_Festival,4,No,No
Ghee (1L),West,2023-08-28,1183,569.95,28.8,Raksha Bandhan,7,Yes,Yes
Ghee (1L),West,2023-09-04,1456,576.03,27.7,Janmashtami,7,Yes,Yes
Ghee (1L),West,2023-09-11,1178,566.23,28.9,No_Festival,6,No,No
Ghee (1L),West,2023-09-18,1300,571.59,29.1,No_Festival,6,No,No
Ghee (1L),West,2023-09-25,1246,572.28,30.7,No_Festival,6,No,No
Ghee (1L),West,2023-10-02,1698,569.48,31.1,No_Festival,6,No,No
Ghee (1L),West,2023-10-09,2153,570.38,30.8,No_Festival,7,No,No
Ghee (1L),West,2023-10-16,1648,578.59,28.5,No_Festival,6,No,No
Ghee (1L),West,2023-10-23,1640,578.27,31.0,No_Festival,6,No,No
Ghee (1L),West,2023-10-30,1433,568.8,28.4,No_Festival,4,No,No
Ghee (1L),West,2023-11-06,1025,577.45,25.2,Diwali,5,Yes,Yes
Ghee (1L),West,2023-11-13,1486,575.77,26.4,No_Festival,6,No,No
Ghee (1L),West,2023-11-20,1604,565.06,25.7,No_Festival,5,No,No
Ghee (1L),West,2023-11-27,1415,576.44,23.6,Guru Nanak Jayanti,4,Yes,Yes
Ghee (1L),West,2023-12-04,1076,573.94,22.0,No_Festival,4,No,No
Ghee (1L),West,2023-12-11,1398,569.06,22.6,No_Festival,5,No,No
Ghee (1L),West,2023-12-18,1225,574.22,22.2,No_Festival,5,No,No
Ghee (1L),West,2023-12-25,712,569.61,20.6,No_Festival,3,No,No
Ice Cream (500ml),Central,2020-12-28,638,180.96,17.1,No_Festival,2,No,No
Ice Cream (500ml),Central,2021-01-04,1064,180.46,18.4,No_Festival,4,No,No
Ice Cream (500ml),Central,2021-01-11,1308,176.97,17.7,Makar Sankranti,5,Yes,Yes
Ice Cream (500ml),Central,2021-01-18,1274,180.82,18.9,No_Festival,6,No,No
Ice Cream (500ml),Central,2021-01-25,1903,177.01,17.3,Republic Day,6,Yes,Yes
Ice Cream (500ml),Central,2021-02-01,1348,181.42,19.5,No_Festival,7,No,No
Ice Cream (500ml),Central,2021-02-08,1957,179.23,22.1,No_Festival,7,No,No
Ice Cream (500ml),Central,2021-02-15,1395,177.59,21.4,No_Festival,7,No,No
Ice Cream (500ml),Central,2021-02-22,1386,181.61,19.7,No_Festival,5,No,No
Ice Cream (500ml),Central,2021-03-01,3332,181.03,28.4,No_Festival,5,No,No
Ice Cream (500ml),Central,2021-03-08,1410,178.46,26.6,No_Festival,3,No,No
Ice Cream (500ml),Central,2021-03-15,3033,181.0,28.0,No_Festival,6,No,No
Ice Cream (500ml),Central,2021-03-22,4423,178.03,27.1,Holi,6,Yes,Yes
Ice Cream (500ml),Central,2021-03-29,3167,180.94,31.1,No_Festival,6,No,No
Ice Cream (500ml),Central,2021-04-05,3180,179.7,31.4,No_Festival,4,No,No
Ice Cream (500ml),Central,2021-04-12,3635,181.49,34.2,Baisakhi,5,Yes,Yes
Ice Cream (500ml),Central,2021-04-19,2804,179.36,33.1,No_Festival,5,No,No
Ice Cream (500ml),Central,2021-04-26,3317,179.24,34.9,No_Festival,7,No,No
Ice Cream (500ml),Central,2021-05-03,2957,180.33,38.2,No_Festival,5,No,No
Ice Cream (500ml),Central,2021-05-10,5214,179.72,38.4,No_Festival,7,No,Yes
Ice Cream (500ml),Central,2021-05-17,4207,180.64,38.4,No_Festival,6,No,No
Ice Cream (500ml),Central,2021-05-24,3876,179.59,37.6,No_Festival,6,No,No
Ice Cream (500ml),Central,2021-05-31,5127,181.09,36.5,No_Festival,7,No,No
Ice Cream (500ml),Central,2021-06-07,4149,179.37,36.7,No_Festival,6,No,No
Ice Cream (500ml),Central,2021-06-14,3302,181.14,36.4,No_Festival,6,No,No
Ice Cream (500ml),Central,2021-06-21,3360,181.88,37.0,No_Festival,6,No,No
Ice Cream (500ml),Central,2021-06-28,2049,180.37,31.3,No_Festival,5,No,No
Ice Cream (500ml),Central,2021-07-05,1862,180.67,30.2,No_Festival,6,No,No
Ice Cream (500ml),Central,2021-07-12,1823,179.41,31.4,No_Festival,5,No,No
Ice Cream (500ml),Central,2021-07-19,905,181.3,30.9,No_Festival,3,No,No
Ice Cream (500ml),Central,2021-07-26,2019,179.27,31.0,No_Festival,5,No,No
Ice Cream (500ml),Central,2021-08-02,3004,180.31,29.5,No_Festival,7,No,No
Ice Cream (500ml),Central,2021-08-09,2055,179.75,29.4,Independence Day,6,Yes,Yes
Ice Cream (500ml),Central,2021-08-16,2366,176.74,29.4,Raksha Bandhan,5,Yes,Yes
Ice Cream (500ml),Central,2021-08-23,2380,179.84,30.2,No_Festival,6,No,No
Ice Cream (500ml),Central,2021-08-30,2192,178.8,29.5,Janmashtami,5,Yes,Yes
Ice Cream (500ml),Central,2021-09-06,2727,183.04,30.2,No_Festival,7,No,No
Ice Cream (500ml),Central,2021-09-13,2390,180.0,29.1,No_Festival,6,No,No
Ice Cream (500ml),Central,2021-09-20,589,179.54,29.6,No_Festival,2,No,No
Ice Cream (500ml),Central,2021-09-27,411,179.24,28.6,No_Festival,2,No,No
Ice Cream (500ml),Central,2021-10-04,1819,180.61,28.2,No_Festival,5,No,No
Ice Cream (500ml),Central,2021-10-11,2018,179.05,28.3,Navratri,6,Yes,Yes
Ice Cream (500ml),Central,2021-10-18,1945,179.02,28.1,No_Festival,5,No,No
Ice Cream (500ml),Central,2021-10-25,1855,179.92,27.3,No_Festival,6,No,No
Ice Cream (500ml),Central,2021-11-01,2048,178.17,22.6,Diwali,5,Yes,Yes
Ice Cream (500ml),Central,2021-11-08,3174,180.59,22.4,No_Festival,7,No,No
Ice Cream (500ml),Central,2021-11-15,2620,178.8,22.4,Guru Nanak Jayanti,6,Yes,Yes
Ice Cream (500ml),Central,2021-11-22,2108,180.93,23.2,No_Festival,5,No,No
Ice Cream (500ml),Central,2021-11-29,1571,181.3,17.5,No_Festival,6,No,No
Ice Cream (500ml),Central,2021-12-06,1196,180.53,20.3,No_Festival,6,No,No
Ice Cream (500ml),Central,2021-12-13,879,179.37,17.7,No_Festival,4,No,No
Ice Cream (500ml),Central,2021-12-20,1436,180.88,17.1,Christmas,6,Yes,Yes
Ice Cream (500ml),Central,2021-12-27,881,181.66,17.6,No_Festival,6,No,No
Ice Cream (500ml),Central,2022-01-03,1006,188.45,17.5,No_Festival,5,No,No
Ice Cream (500ml),Central,2022-01-10,1698,187.41,17.9,No_Festival,6,No,No
Ice Cream (500ml),Central,2022-01-17,1402,188.96,17.2,No_Festival,6,No,No
Ice Cream (500ml),Central,2022-01-24,1122,190.49,17.3,Republic Day,5,Yes,Yes
Ice Cream (500ml),Central,2022-01-31,1204,188.19,18.0,No_Festival,5,No,No
Ice Cream (500ml),Central,2022-02-07,1372,191.05,22.4,No_Festival,6,No,No
Ice Cream (500ml),Central,2022-02-14,1646,190.0,21.8,No_Festival,6,No,No
Ice Cream (500ml),Central,2022-02-21,1025,186.08,20.9,No_Festival,5,No,No
Ice Cream (500ml),Central,2022-02-28,3380,189.75,25.9,No_Festival,5,No,No
Ice Cream (500ml),Central,2022-03-07,4850,188.25,27.5,No_Festival,7,No,No
Ice Cream (500ml),Central,2022-03-14,4301,190.52,26.9,Holi,7,Yes,Yes
Ice Cream (500ml),Central,2022-03-21,3589,191.08,27.7,No_Festival,6,No,No
Ice Cream (500ml),Central,2022-03-28,3751,186.59,29.5,No_Festival,7,No,No
Ice Cream (500ml),Central,2022-04-04,1325,189.39,34.9,No_Festival,5,No,No
Ice Cream (500ml),Central,2022-04-11,1891,189.48,32.8,No_Festival,4,No,No
Ice Cream (500ml),Central,2022-04-18,3468,187.18,32.5,No_Festival,5,No,No
Ice Cream (500ml),Central,2022-04-25,2478,188.6,33.5,No_Festival,4,No,No
Ice Cream (500ml),Central,2022-05-02,1818,190.61,39.0,No_Festival,5,No,Yes
Ice Cream (500ml),Central,2022-05-09,3408,191.19,38.4,No_Festival,6,No,No
Ice Cream (500ml),Central,2022-05-16,3743,192.82,37.9,No_Festival,6,No,No
Ice Cream (500ml),Central,2022-05-23,3346,186.2,36.8,No_Festival,6,No,No
Ice Cream (500ml),Central,2022-05-30,3802,188.12,36.3,No_Festival,5,No,No
Ice Cream (500ml),Central,2022-06-06,3298,189.78,35.2,No_Festival,6,No,No
Ice Cream (500ml),Central,2022-06-13,3658,188.38,36.0,No_Festival,5,No,No
Ice Cream (500ml),Central,2022-06-20,3458,190.81,35.7,No_Festival,7,No,No
Ice Cream (500ml),Central,2022-06-27,3059,187.09,35.1,No_Festival,6,No,No
Ice Cream (500ml),Central,2022-07-04,2157,190.52,30.9,No_Festival,6,No,Yes
Ice Cream (500ml),Central,2022-07-11,1519,191.5,30.8,No_Festival,4,No,No
Ice Cream (500ml),Central,2022-07-18,2736,187.89,30.4,No_Festival,7,No,No
Ice Cream (500ml),Central,2022-07-25,1674,188.12,31.4,No_Festival,4,No,No
Ice Cream (500ml),Central,2022-08-01,2625,187.78,28.9,No_Festival,6,No,No
Ice Cream (500ml),Central,2022-08-08,1493,190.09,31.9,No_Festival,4,No,No
Ice Cream (500ml),Central,2022-08-15,2045,189.96,30.5,Janmashtami,5,Yes,Yes
Ice Cream (500ml),Central,2022-08-22,2411,187.53,31.3,No_Festival,6,No,No
Ice Cream (500ml),Central,2022-08-29,1402,190.86,30.7,No_Festival,4,No,No
Ice Cream (500ml),Central,2022-09-05,2082,191.75,30.1,No_Festival,5,No,No
Ice Cream (500ml),Central,2022-09-12,1884,189.23,29.4,No_Festival,5,No,No
Ice Cream (500ml),Central,2022-09-19,2071,188.07,30.8,No_Festival,6,No,No
Ice Cream (500ml),Central,2022-09-26,1707,192.52,27.2,Gandhi Jayanti,3,Yes,Yes
Ice Cream (500ml),Central,2022-10-03,556,191.22,28.2,No_Festival,2,No,No
Ice Cream (500ml),Central,2022-10-10,2432,189.08,27.5,No_Festival,6,No,No
Ice Cream (500ml),Central,2022-10-17,2832,187.64,26.0,No_Festival,6,No,No
Ice Cream (500ml),Central,2022-10-24,2618,187.61,28.9,Diwali,6,Yes,Yes
Ice Cream (500ml),Central,2022-10-31,1351,188.44,24.6,No_Festival,3,No,No
Ice Cream (500ml),Central,2022-11-07,1482,192.04,22.1,Guru Nanak Jayanti,6,Yes,Yes
Ice Cream (500ml),Central,2022-11-14,2715,190.08,22.4,No_Festival,6,No,No
Ice Cream (500ml),Central,2022-11-21,1334,189.3,23.3,No_Festival,5,No,No
Ice Cream (500ml),Central,2022-11-28,1721,187.01,20.6,No_Festival,5,No,No
Ice Cream (500ml),Central,2022-12-05,962,188.51,18.3,No_Festival,4,No,No
Ice Cream (500ml),Central,2022-12-12,1233,187.72,18.6,No_Festival,5,No,No
Ice Cream (500ml),Central,2022-12-19,1464,189.2,16.7,Christmas,6,Yes,Yes
Ice Cream (500ml),Central,2022-12-26,293,189.94,19.3,No_Festival,1,No,No
Ice Cream (500ml),Central,2023-01-02,1017,196.26,18.5,No_Festival,4,No,No
Ice Cream (500ml),Central,2023-01-09,275,193.04,17.2,No_Festival,2,No,No
Ice Cream (500ml),Central,2023-01-16,1385,197.17,17.6,No_Festival,7,No,No
Ice Cream (500ml),Central,2023-01-23,1332,199.71,17.5,Republic Day,6,Yes,Yes
Ice Cream (500ml),Central,2023-01-30,1168,200.29,19.2,No_Festival,6,No,No
Ice Cream (500ml),Central,2023-02-06,1238,197.37,21.7,No_Festival,6,No,No
Ice Cream (500ml),Central,2023-02-13,1101,194.94,22.0,No_Festival,4,No,No
Ice Cream (500ml),Central,2023-02-20,313,195.12,20.8,No_Festival,2,No,No
Ice Cream (500ml),Central,2023-02-27,2626,198.18,25.8,No_Festival,6,No,No
Ice Cream (500ml),Central,2023-03-06,3559,200.08,27.4,Holi,7,Yes,Yes
Ice Cream (500ml),Central,2023-03-13,3569,198.95,26.3,No_Festival,6,No,No
Ice Cream (500ml),Central,2023-03-20,3246,199.44,28.5,No_Festival,6,No,No
Ice Cream (500ml),Central,2023-03-27,3097,196.2,28.9,No_Festival,5,No,No
Ice Cream (500ml),Central,2023-04-03,3829,200.34,32.3,No_Festival,5,No,No
Ice Cream (500ml),Central,2023-04-10,2604,199.37,32.2,Baisakhi,5,Yes,Yes
Ice Cream (500ml),Central,2023-04-17,3877,196.77,33.9,No_Festival,6,No,No
Ice Cream (500ml),Central,2023-04-24,3963,196.56,34.7,No_Festival,6,No,No
Ice Cream (500ml),Central,2023-05-01,3223,198.96,38.7,No_Festival,5,No,No
Ice Cream (500ml),Central,2023-05-08,3263,198.86,38.9,No_Festival,5,No,No
Ice Cream (500ml),Central,2023-05-15,2798,195.89,37.8,No_Festival,5,No,No
Ice Cream (500ml),Central,2023-05-22,2059,200.09,41.0,No_Festival,4,No,No
Ice Cream (500ml),Central,2023-05-29,3615,197.52,36.4,No_Festival,6,No,No
Ice Cream (500ml),Central,2023-06-05,2548,193.88,36.0,No_Festival,5,No,No
Ice Cream (500ml),Central,2023-06-12,4762,197.66,37.7,No_Festival,7,No,No
Ice Cream (500ml),Central,2023-06-19,2192,195.8,36.5,No_Festival,4,No,No
Ice Cream (500ml),Central,2023-06-26,3035,197.45,35.2,No_Festival,6,No,Yes
Ice Cream (500ml),Central,2023-07-03,1797,199.7,30.4,No_Festival,5,No,No
Ice Cream (500ml),Central,2023-07-10,2711,198.1,30.9,No_Festival,6,No,No
Ice Cream (500ml),Central,2023-07-17,2669,197.97,32.7,No_Festival,5,No,No
Ice Cream (500ml),Central,2023-07-24,2085,197.74,31.2,No_Festival,6,No,No
Ice Cream (500ml),Central,2023-07-31,2065,200.18,29.4,No_Festival,5,No,No
Ice Cream (500ml),Central,2023-08-07,2683,195.98,29.3,No_Festival,7,No,No
Ice Cream (500ml),Central,2023-08-14,1490,200.4,29.8,No_Festival,4,No,No
Ice Cream (500ml),Central,2023-08-21,1752,200.78,31.2,No_Festival,5,No,No
Ice Cream (500ml),Central,2023-08-28,2349,198.05,30.0,No_Festival,5,No,No
Ice Cream (500ml),Central,2023-09-04,2869,196.06,30.0,Janmashtami,6,Yes,Yes
Ice Cream (500ml),Central,2023-09-11,1690,197.15,29.5,No_Festival,5,No,No
Ice Cream (500ml),Central,2023-09-18,1024,197.57,31.5,No_Festival,3,No,No
Ice Cream (500ml),Central,2023-09-25,1237,195.25,29.3,No_Festival,4,No,No
Ice Cream (500ml),Central,2023-10-02,2864,196.82,28.2,Gandhi Jayanti,7,Yes,Yes
Ice Cream (500ml),Central,2023-10-09,2195,197.82,28.0,No_Festival,6,No,No
Ice Cream (500ml),Central,2023-10-16,2387,197.57,26.8,No_Festival,6,No,No
Ice Cream (500ml),Central,2023-10-23,1403,200.1,27.6,No_Festival,4,No,No
Ice Cream (500ml),Central,2023-10-30,2013,196.88,24.0,No_Festival,5,No,No
Ice Cream (500ml),Central,2023-11-06,1887,197.12,20.4,Diwali,4,Yes,Yes
Ice Cream (500ml),Central,2023-11-13,2582,197.16,23.2,No_Festival,6,No,No
Ice Cream (500ml),Central,2023-11-20,2223,196.34,22.3,No_Festival,7,No,No
Ice Cream (500ml),Central,2023-11-27,2357,197.1,21.6,Guru Nanak Jayanti,6,Yes,Yes
Ice Cream (500ml),Central,2023-12-04,1120,198.19,17.2,No_Festival,5,No,No
Ice Cream (500ml),Central,2023-12-11,1804,198.03,19.7,No_Festival,7,No,No
Ice Cream (500ml),Central,2023-12-18,919,200.18,18.1,No_Festival,4,No,No
Ice Cream (500ml),Central,2023-12-25,1997,199.22,18.6,Christmas,6,Yes,Yes
Ice Cream (500ml),East,2020-12-28,856,178.99,17.6,No_Festival,3,No,No
Ice Cream (500ml),East,2021-01-04,1651,179.32,18.7,No_Festival,7,No,No
Ice Cream (500ml),East,2021-01-11,1075,180.06,19.5,No_Festival,4,No,No
Ice Cream (500ml),East,2021-01-18,1125,179.24,18.7,No_Festival,5,No,No
Ice Cream (500ml),East,2021-01-25,1658,177.82,18.4,Republic Day,7,Yes,Yes
Ice Cream (500ml),East,2021-02-01,1175,179.52,19.9,No_Festival,6,No,No
Ice Cream (500ml),East,2021-02-08,1440,180.9,20.9,No_Festival,6,No,No
Ice Cream (500ml),East,2021-02-15,1389,178.96,22.7,No_Festival,6,No,No
Ice Cream (500ml),East,2021-02-22,1479,180.12,21.9,No_Festival,6,No,No
Ice Cream (500ml),East,2021-03-01,2516,178.66,25.8,No_Festival,4,No,No
Ice Cream (500ml),East,2021-03-08,1877,179.84,26.4,No_Festival,4,No,No
Ice Cream (500ml),East,2021-03-15,2758,180.14,29.7,No_Festival,4,No,No
Ice Cream (500ml),East,2021-03-22,4656,181.72,26.5,Holi,6,Yes,Yes
Ice Cream (500ml),East,2021-03-29,3678,181.12,30.9,No_Festival,6,No,No
Ice Cream (500ml),East,2021-04-05,2416,179.2,31.8,No_Festival,4,No,No
Ice Cream (500ml),East,2021-04-12,3895,179.19,31.9,No_Festival,6,No,No
Ice Cream (500ml),East,2021-04-19,4187,180.03,31.2,No_Festival,7,No,No
Ice Cream (500ml),East,2021-04-26,3454,180.34,33.2,No_Festival,5,No,No
Ice Cream (500ml),East,2021-05-03,3609,181.99,34.5,No_Festival,6,No,No
Ice Cream (500ml),East,2021-05-10,3322,178.19,35.3,No_Festival,7,No,Yes
Ice Cream (500ml),East,2021-05-17,2559,179.4,34.8,No_Festival,4,No,No
Ice Cream (500ml),East,2021-05-24,2655,181.14,34.6,No_Festival,5,No,No
Ice Cream (500ml),East,2021-05-31,3604,181.62,33.9,No_Festival,6,No,No
Ice Cream (500ml),East,2021-06-07,4082,180.86,31.7,No_Festival,7,No,No
Ice Cream (500ml),East,2021-06-14,3483,181.71,32.6,No_Festival,6,No,No
Ice Cream (500ml),East,2021-06-21,3847,181.02,31.8,No_Festival,7,No,No
Ice Cream (500ml),East,2021-06-28,2289,182.16,31.0,No_Festival,6,No,No
Ice Cream (500ml),East,2021-07-05,2071,181.76,30.2,No_Festival,4,No,No
Ice Cream (500ml),East,2021-07-12,2565,178.76,29.7,No_Festival,7,No,No
Ice Cream (500ml),East,2021-07-19,2210,179.4,29.3,No_Festival,6,No,Yes
Ice Cream (500ml),East,2021-07-26,1662,180.69,29.6,No_Festival,5,No,No
Ice Cream (500ml),East,2021-08-02,2020,179.71,28.6,No_Festival,6,No,No
Ice Cream (500ml),East,2021-08-09,2518,179.84,29.8,Independence Day,6,Yes,Yes
Ice Cream (500ml),East,2021-08-16,1876,178.75,29.7,Raksha Bandhan,5,Yes,Yes
Ice Cream (500ml),East,2021-08-23,1272,183.39,31.3,No_Festival,5,No,No
Ice Cream (500ml),East,2021-08-30,2522,179.31,29.6,No_Festival,6,No,No
Ice Cream (500ml),East,2021-09-06,2255,180.89,29.9,No_Festival,6,No,No
Ice Cream (500ml),East,2021-09-13,1886,179.99,29.4,No_Festival,5,No,No
Ice Cream (500ml),East,2021-09-20,1818,181.56,28.2,No_Festival,4,No,No
Ice Cream (500ml),East,2021-09-27,2865,178.88,27.8,Gandhi Jayanti,7,Yes,Yes
Ice Cream (500ml),East,2021-10-04,2302,179.97,26.1,No_Festival,5,No,No
Ice Cream (500ml),East,2021-10-11,1105,182.42,29.2,No_Festival,3,No,No
Ice Cream (500ml),East,2021-10-18,853,179.19,28.2,No_Festival,3,No,No
Ice Cream (500ml),East,2021-10-25,2171,180.5,27.2,No_Festival,7,No,No
Ice Cream (500ml),East,2021-11-01,1058,178.85,24.2,No_Festival,3,No,No
Ice Cream (500ml),East,2021-11-08,2063,178.1,22.7,No_Festival,5,No,No
Ice Cream (500ml),East,2021-11-15,2860,177.65,23.4,Guru Nanak Jayanti,7,Yes,Yes
Ice Cream (500ml),East,2021-11-22,2588,180.64,21.3,No_Festival,6,No,No
Ice Cream (500ml),East,2021-11-29,1497,177.38,18.1,No_Festival,6,No,No
Ice Cream (500ml),East,2021-12-06,1279,181.36,16.8,No_Festival,6,No,No
Ice Cream (500ml),East,2021-12-13,1262,179.73,16.5,No_Festival,5,No,No
Ice Cream (500ml),East,2021-12-20,1279,179.76,16.9,No_Festival,5,No,No
Ice Cream (500ml),East,2021-12-27,1261,185.44,15.6,No_Festival,5,No,No
Ice Cream (500ml),East,2022-01-03,1121,188.18,18.9,No_Festival,4,No,No
Ice Cream (500ml),East,2022-01-10,1389,188.34,18.6,Makar Sankranti,5,Yes,Yes
Ice Cream (500ml),East,2022-01-17,1855,188.79,19.4,No_Festival,7,No,No
Ice Cream (500ml),East,2022-01-24,1421,190.89,17.9,Republic Day,6,Yes,Yes
Ice Cream (500ml),East,2022-01-31,840,188.67,20.5,No_Festival,4,No,No
Ice Cream (500ml),East,2022-02-07,1290,189.37,21.6,No_Festival,4,No,No
Ice Cream (500ml),East,2022-02-14,1088,189.65,21.9,No_Festival,4,No,No
Ice Cream (500ml),East,2022-02-21,1365,189.58,21.5,No_Festival,5,No,No
Ice Cream (500ml),East,2022-02-28,2806,188.82,26.0,No_Festival,6,No,No
Ice Cream (500ml),East,2022-03-07,3741,190.73,28.3,No_Festival,6,No,No
Ice Cream (500ml),East,2022-03-14,3992,188.77,27.4,Holi,6,Yes,Yes
Ice Cream (500ml),East,2022-03-21,3001,189.75,26.2,No_Festival,4,No,No
Ice Cream (500ml),East,2022-03-28,3784,185.4,28.0,No_Festival,5,No,No
Ice Cream (500ml),East,2022-04-04,3003,188.26,33.1,No_Festival,6,No,No
Ice Cream (500ml),East,2022-04-11,2164,186.45,33.7,No_Festival,4,No,No
Ice Cream (500ml),East,2022-04-18,4916,190.94,32.7,No_Festival,7,No,No
Ice Cream (500ml),East,2022-04-25,2402,189.03,31.5,No_Festival,5,No,No
Ice Cream (500ml),East,2022-05-02,3243,189.41,33.9,No_Festival,6,No,Yes
Ice Cream (500ml),East,2022-05-09,3576,188.86,34.5,No_Festival,5,No,No
Ice Cream (500ml),East,2022-05-16,3964,188.36,33.8,No_Festival,6,No,No
Ice Cream (500ml),East,2022-05-23,3900,190.42,35.5,No_Festival,7,No,No
Ice Cream (500ml),East,2022-05-30,2353,187.27,32.4,No_Festival,5,No,No
Ice Cream (500ml),East,2022-06-06,2901,187.85,30.2,No_Festival,6,No,No
Ice Cream (500ml),East,2022-06-13,3809,191.27,31.6,No_Festival,6,No,No
Ice Cream (500ml),East,2022-06-20,3057,190.18,31.7,No_Festival,5,No,No
Ice Cream (500ml),East,2022-06-27,3551,188.52,31.7,No_Festival,6,No,No
Ice Cream (500ml),East,2022-07-04,2198,186.44,30.0,No_Festival,5,No,Yes
Ice Cream (500ml),East,2022-07-11,2315,190.26,30.3,No_Festival,6,No,No
Ice Cream (500ml),East,2022-07-18,2468,189.2,30.0,No_Festival,6,No,No
Ice Cream (500ml),East,2022-07-25,989,188.4,32.6,No_Festival,4,No,No
Ice Cream (500ml),East,2022-08-01,1776,188.37,30.4,No_Festival,6,No,No
Ice Cream (500ml),East,2022-08-08,2770,189.89,30.6,Raksha Bandhan,6,Yes,Yes
Ice Cream (500ml),East,2022-08-15,2712,191.86,31.6,"Independence Day, Janmashtami",4,Yes,Yes
Ice Cream (500ml),East,2022-08-22,1754,190.92,30.2,No_Festival,6,No,No
Ice Cream (500ml),East,2022-08-29,2669,188.92,30.1,No_Festival,6,No,No
Ice Cream (500ml),East,2022-09-05,2160,189.37,29.0,No_Festival,6,No,No
Ice Cream (500ml),East,2022-09-12,1917,187.63,28.1,No_Festival,5,No,No
Ice Cream (500ml),East,2022-09-19,2200,187.82,30.7,No_Festival,7,No,No
Ice Cream (500ml),East,2022-09-26,736,189.57,29.8,No_Festival,3,No,No
Ice Cream (500ml),East,2022-10-03,2166,187.59,27.5,No_Festival,5,No,No
Ice Cream (500ml),East,2022-10-10,1533,191.24,27.2,No_Festival,4,No,No
Ice Cream (500ml),East,2022-10-17,1996,190.68,25.9,No_Festival,5,No,No
Ice Cream (500ml),East,2022-10-24,2475,185.59,28.6,Diwali,4,Yes,Yes
Ice Cream (500ml),East,2022-10-31,2724,189.44,23.5,No_Festival,7,No,No
Ice Cream (500ml),East,2022-11-07,3032,188.37,21.8,Guru Nanak Jayanti,6,Yes,Yes
Ice Cream (500ml),East,2022-11-14,2256,189.49,23.3,No_Festival,6,No,No
Ice Cream (500ml),East,2022-11-21,2112,187.61,22.1,No_Festival,6,No,No
Ice Cream (500ml),East,2022-11-28,1443,188.23,19.1,No_Festival,5,No,No
Ice Cream (500ml),East,2022-12-05,1007,188.69,15.1,No_Festival,5,No,No
Ice Cream (500ml),East,2022-12-12,1078,189.14,17.2,No_Festival,5,No,No
Ice Cream (500ml),East,2022-12-19,1776,190.17,17.2,Christmas,6,Yes,Yes
Ice Cream (500ml),East,2022-12-26,1215,189.84,17.2,No_Festival,6,No,No
Ice Cream (500ml),East,2023-01-02,373,194.95,21.7,No_Festival,1,No,No
Ice Cream (500ml),East,2023-01-09,1309,197.3,17.7,Makar Sankranti,5,Yes,Yes
Ice Cream (500ml),East,2023-01-16,1696,198.24,18.5,No_Festival,7,No,No
Ice Cream (500ml),East,2023-01-23,1367,196.82,19.2,Republic Day,6,Yes,Yes
Ice Cream (500ml),East,2023-01-30,1546,195.73,19.2,No_Festival,6,No,No
Ice Cream (500ml),East,2023-02-06,1105,196.23,21.3,No_Festival,6,No,No
Ice Cream (500ml),East,2023-02-13,1155,198.76,20.7,No_Festival,6,No,No
Ice Cream (500ml),East,2023-02-20,1370,199.69,19.5,No_Festival,5,No,No
Ice Cream (500ml),East,2023-02-27,1594,197.48,25.4,No_Festival,4,No,No
Ice Cream (500ml),East,2023-03-06,3451,198.49,27.5,Holi,5,Yes,Yes
Ice Cream (500ml),East,2023-03-13,2100,200.05,26.0,No_Festival,4,No,No
Ice Cream (500ml),East,2023-03-20,3183,200.68,28.4,No_Festival,5,No,No
Ice Cream (500ml),East,2023-03-27,1565,197.78,29.2,No_Festival,4,No,No
Ice Cream (500ml),East,2023-04-03,3996,197.5,32.5,No_Festival,6,No,No
Ice Cream (500ml),East,2023-04-10,3971,198.27,32.3,Baisakhi,6,Yes,Yes
Ice Cream (500ml),East,2023-04-17,3272,198.67,30.2,No_Festival,5,No,Yes
Ice Cream (500ml),East,2023-04-24,4257,198.36,32.8,No_Festival,6,No,No
Ice Cream (500ml),East,2023-05-01,3954,199.66,33.7,No_Festival,6,No,No
Ice Cream (500ml),East,2023-05-08,2340,196.83,33.9,No_Festival,5,No,No
Ice Cream (500ml),East,2023-05-15,3251,196.21,34.3,No_Festival,5,No,No
Ice Cream (500ml),East,2023-05-22,3869,198.57,34.2,No_Festival,6,No,No
Ice Cream (500ml),East,2023-05-29,1333,199.6,32.4,No_Festival,4,No,No
Ice Cream (500ml),East,2023-06-05,3624,196.47,30.1,No_Festival,6,No,No
Ice Cream (500ml),East,2023-06-12,3030,198.81,31.9,No_Festival,6,No,No
Ice Cream (500ml),East,2023-06-19,4068,197.66,32.8,No_Festival,6,No,No
Ice Cream (500ml),East,2023-06-26,3209,199.14,31.7,No_Festival,6,No,Yes
Ice Cream (500ml),East,2023-07-03,1997,198.52,29.5,No_Festival,6,No,No
Ice Cream (500ml),East,2023-07-10,2515,196.4,30.6,No_Festival,6,No,No
Ice Cream (500ml),East,2023-07-17,2424,196.44,29.3,No_Festival,7,No,No
Ice Cream (500ml),East,2023-07-24,1517,197.25,29.2,No_Festival,5,No,No
Ice Cream (500ml),East,2023-07-31,2161,198.37,29.6,No_Festival,6,No,No
Ice Cream (500ml),East,2023-08-07,1645,198.07,30.5,No_Festival,7,No,No
Ice Cream (500ml),East,2023-08-14,2264,197.17,30.5,Independence Day,5,Yes,Yes
Ice Cream (500ml),East,2023-08-21,2238,195.42,29.9,No_Festival,5,No,No
Ice Cream (500ml),East,2023-08-28,2193,197.97,29.8,No_Festival,5,No,No
Ice Cream (500ml),East,2023-09-04,1665,198.3,28.4,Janmashtami,5,Yes,Yes
Ice Cream (500ml),East,2023-09-11,1418,198.87,28.5,No_Festival,5,No,No
Ice Cream (500ml),East,2023-09-18,1889,200.03,28.9,No_Festival,5,No,No
Ice Cream (500ml),East,2023-09-25,1589,197.45,27.6,No_Festival,5,No,No
Ice Cream (500ml),East,2023-10-02,2236,198.83,26.1,No_Festival,6,No,No
Ice Cream (500ml),East,2023-10-09,2114,198.11,27.2,No_Festival,6,No,No
Ice Cream (500ml),East,2023-10-16,2742,198.96,27.3,No_Festival,7,No,No
Ice Cream (500ml),East,2023-10-23,2220,198.08,26.7,No_Festival,7,No,No
Ice Cream (500ml),East,2023-10-30,1487,197.92,25.7,No_Festival,3,No,No
Ice Cream (500ml),East,2023-11-06,1594,197.7,23.0,Diwali,4,Yes,Yes
Ice Cream (500ml),East,2023-11-13,1536,198.83,23.4,No_Festival,5,No,No
Ice Cream (500ml),East,2023-11-20,1777,201.6,21.9,No_Festival,5,No,No
Ice Cream (500ml),East,2023-11-27,1764,197.74,18.6,Guru Nanak Jayanti,6,Yes,Yes
Ice Cream (500ml),East,2023-12-04,1074,196.8,17.0,No_Festival,5,No,No
Ice Cream (500ml),East,2023-12-11,988,198.89,17.6,No_Festival,4,No,No
Ice Cream (500ml),East,2023-12-18,1942,198.69,16.0,No_Festival,7,No,No
Ice Cream (500ml),East,2023-12-25,1446,198.55,17.3,Christmas,7,Yes,Yes
Ice Cream (500ml),North,2020-12-28,388,180.19,14.5,No_Festival,2,No,No
Ice Cream (500ml),North,2021-01-04,1063,178.71,13.3,No_Festival,4,No,No
Ice Cream (500ml),North,2021-01-11,1263,178.62,14.0,Makar Sankranti,4,Yes,Yes
Ice Cream (500ml),North,2021-01-18,1245,181.35,15.0,No_Festival,6,No,No
Ice Cream (500ml),North,2021-01-25,1191,178.94,13.8,Republic Day,5,Yes,Yes
Ice Cream (500ml),North,2021-02-01,1312,179.8,16.8,No_Festival,4,No,No
Ice Cream (500ml),North,2021-02-08,1134,179.42,16.1,No_Festival,5,No,No
Ice Cream (500ml),North,2021-02-15,1046,175.88,17.4,No_Festival,4,No,No
Ice Cream (500ml),North,2021-02-22,528,183.35,16.9,No_Festival,3,No,No
Ice Cream (500ml),North,2021-03-01,3792,181.16,24.5,No_Festival,6,No,No
Ice Cream (500ml),North,2021-03-08,1473,179.54,23.0,No_Festival,3,No,No
Ice Cream (500ml),North,2021-03-15,4848,179.33,23.9,No_Festival,7,No,No
Ice Cream (500ml),North,2021-03-22,4341,181.45,23.4,Holi,6,Yes,Yes
Ice Cream (500ml),North,2021-03-29,1285,178.29,23.5,No_Festival,3,No,No
Ice Cream (500ml),North,2021-04-05,2180,182.76,32.6,No_Festival,5,No,No
Ice Cream (500ml),North,2021-04-12,1106,182.52,31.0,No_Festival,2,No,No
Ice Cream (500ml),North,2021-04-19,2536,178.78,32.5,No_Festival,6,No,No
Ice Cream (500ml),North,2021-04-26,2531,179.76,33.9,No_Festival,4,No,No
Ice Cream (500ml),North,2021-05-03,3378,179.92,38.8,No_Festival,6,No,No
Ice Cream (500ml),North,2021-05-10,3272,180.72,39.2,No_Festival,6,No,Yes
Ice Cream (500ml),North,2021-05-17,4607,180.31,38.7,No_Festival,7,No,No
Ice Cream (500ml),North,2021-05-24,3266,180.3,37.7,No_Festival,6,No,No
Ice Cream (500ml),North,2021-05-31,3871,177.69,40.2,No_Festival,5,No,No
Ice Cream (500ml),North,2021-06-07,3548,179.49,40.5,No_Festival,6,No,No
Ice Cream (500ml),North,2021-06-14,3396,178.54,39.3,No_Festival,5,No,No
Ice Cream (500ml),North,2021-06-21,1863,181.26,41.0,No_Festival,4,No,No
Ice Cream (500ml),North,2021-06-28,3267,179.06,35.6,No_Festival,6,No,No
Ice Cream (500ml),North,2021-07-05,1376,180.93,36.4,No_Festival,4,No,No
Ice Cream (500ml),North,2021-07-12,1346,179.4,36.2,No_Festival,4,No,No
Ice Cream (500ml),North,2021-07-19,2089,179.08,36.7,No_Festival,5,No,No
Ice Cream (500ml),North,2021-07-26,2497,179.83,36.7,No_Festival,7,No,No
Ice Cream (500ml),North,2021-08-02,1480,179.51,34.1,No_Festival,5,No,No
Ice Cream (500ml),North,2021-08-09,2117,180.56,32.8,Independence Day,5,Yes,Yes
Ice Cream (500ml),North,2021-08-16,1344,177.69,34.3,No_Festival,5,No,No
Ice Cream (500ml),North,2021-08-23,2227,179.32,33.1,No_Festival,6,No,No
Ice Cream (500ml),North,2021-08-30,2496,180.96,32.2,No_Festival,6,No,No
Ice Cream (500ml),North,2021-09-06,2502,181.09,32.7,No_Festival,6,No,No
Ice Cream (500ml),North,2021-09-13,2420,181.98,32.7,No_Festival,6,No,No
Ice Cream (500ml),North,2021-09-20,2452,181.34,32.9,No_Festival,5,No,No
Ice Cream (500ml),North,2021-09-27,2024,181.22,31.0,No_Festival,4,No,No
Ice Cream (500ml),North,2021-10-04,2808,178.97,26.8,No_Festival,6,No,No
Ice Cream (500ml),North,2021-10-11,1617,182.32,26.1,Navratri,4,Yes,Yes
Ice Cream (500ml),North,2021-10-18,2565,179.72,27.6,No_Festival,6,No,No
Ice Cream (500ml),North,2021-10-25,1613,180.29,26.0,No_Festival,6,No,No
Ice Cream (500ml),North,2021-11-01,2662,178.74,19.0,Diwali,6,Yes,Yes
Ice Cream (500ml),North,2021-11-08,2309,182.12,18.5,No_Festival,6,No,No
Ice Cream (500ml),North,2021-11-15,1658,179.3,18.1,No_Festival,6,No,No
Ice Cream (500ml),North,2021-11-22,789,181.87,19.0,No_Festival,3,No,No
Ice Cream (500ml),North,2021-11-29,1857,180.96,15.1,No_Festival,7,No,No
Ice Cream (500ml),North,2021-12-06,458,180.68,12.2,No_Festival,2,No,No
Ice Cream (500ml),North,2021-12-13,1470,180.27,14.9,No_Festival,6,No,No
Ice Cream (500ml),North,2021-12-20,1466,179.28,14.2,Christmas,6,Yes,Yes
Ice Cream (500ml),North,2021-12-27,1135,182.53,14.5,No_Festival,6,No,No
Ice Cream (500ml),North,2022-01-03,1413,186.72,14.4,No_Festival,6,No,No
Ice Cream (500ml),North,2022-01-10,1874,188.73,13.9,Makar Sankranti,7,Yes,Yes
Ice Cream (500ml),North,2022-01-17,892,190.33,13.3,No_Festival,4,No,No
Ice Cream (500ml),North,2022-01-24,891,189.2,13.2,Republic Day,2,Yes,Yes
Ice Cream (500ml),North,2022-01-31,1412,190.1,16.2,No_Festival,5,No,No
Ice Cream (500ml),North,2022-02-07,1049,189.23,17.7,No_Festival,5,No,No
Ice Cream (500ml),North,2022-02-14,1631,186.56,17.9,No_Festival,7,No,No
Ice Cream (500ml),North,2022-02-21,1446,188.31,16.7,No_Festival,6,No,No
Ice Cream (500ml),North,2022-02-28,2544,190.75,24.1,No_Festival,5,No,No
Ice Cream (500ml),North,2022-03-07,3195,191.02,22.7,No_Festival,6,No,No
Ice Cream (500ml),North,2022-03-14,3447,189.41,24.9,No_Festival,6,No,No
Ice Cream (500ml),North,2022-03-21,3042,190.76,24.8,No_Festival,6,No,No
Ice Cream (500ml),North,2022-03-28,2766,187.05,27.4,No_Festival,5,No,No
Ice Cream (500ml),North,2022-04-04,2426,187.62,33.8,No_Festival,4,No,No
Ice Cream (500ml),North,2022-04-11,3198,189.25,31.7,Baisakhi,6,Yes,Yes
Ice Cream (500ml),North,2022-04-18,3036,187.67,31.8,No_Festival,6,No,No
Ice Cream (500ml),North,2022-04-25,2506,189.71,31.7,No_Festival,5,No,No
Ice Cream (500ml),North,2022-05-02,3305,190.91,39.4,No_Festival,5,No,Yes
Ice Cream (500ml),North,2022-05-09,3343,186.88,37.0,No_Festival,7,No,No
Ice Cream (500ml),North,2022-05-16,3045,186.1,38.7,No_Festival,7,No,No
Ice Cream (500ml),North,2022-05-23,3295,188.51,38.2,No_Festival,7,No,No
Ice Cream (500ml),North,2022-05-30,2733,190.05,39.4,No_Festival,6,No,No
Ice Cream (500ml),North,2022-06-06,3421,187.32,39.6,No_Festival,6,No,No
Ice Cream (500ml),North,2022-06-13,3334,190.64,39.8,No_Festival,5,No,No
Ice Cream (500ml),North,2022-06-20,2486,189.83,39.8,No_Festival,5,No,No
Ice Cream (500ml),North,2022-06-27,2746,188.74,38.5,No_Festival,5,No,No
Ice Cream (500ml),North,2022-07-04,3100,187.45,36.0,No_Festival,6,No,Yes
Ice Cream (500ml),North,2022-07-11,2191,189.34,36.6,No_Festival,6,No,No
Ice Cream (500ml),North,2022-07-18,2208,188.04,34.9,No_Festival,6,No,No
Ice Cream (500ml),North,2022-07-25,2054,191.49,36.4,No_Festival,5,No,No
Ice Cream (500ml),North,2022-08-01,3386,188.1,35.6,No_Festival,7,No,No
Ice Cream (500ml),North,2022-08-08,1687,190.64,34.4,No_Festival,4,No,No
Ice Cream (500ml),North,2022-08-15,2320,188.75,33.3,"Independence Day, Janmashtami",5,Yes,Yes
Ice Cream (500ml),North,2022-08-22,2444,189.82,34.2,No_Festival,6,No,No
Ice Cream (500ml),North,2022-08-29,1506,187.74,32.6,No_Festival,4,No,No
Ice Cream (500ml),North,2022-09-05,1061,192.15,32.6,No_Festival,3,No,No
Ice Cream (500ml),North,2022-09-12,2863,190.81,32.2,No_Festival,7,No,No
Ice Cream (500ml),North,2022-09-19,2084,188.15,31.6,No_Festival,6,No,No
Ice Cream (500ml),North,2022-09-26,1609,191.01,28.1,Gandhi Jayanti,3,Yes,Yes
Ice Cream (500ml),North,2022-10-03,1961,185.84,27.0,No_Festival,5,No,No
Ice Cream (500ml),North,2022-10-10,2538,190.37,26.0,No_Festival,6,No,No
Ice Cream (500ml),North,2022-10-17,2042,189.04,25.5,No_Festival,6,No,No
Ice Cream (500ml),North,2022-10-24,1509,183.78,26.4,No_Festival,4,No,No
Ice Cream (500ml),North,2022-10-31,2318,188.58,21.4,No_Festival,5,No,No
Ice Cream (500ml),North,2022-11-07,2282,186.58,19.3,Guru Nanak Jayanti,5,Yes,Yes
Ice Cream (500ml),North,2022-11-14,2899,190.69,17.6,No_Festival,6,No,No
Ice Cream (500ml),North,2022-11-21,2232,189.87,19.3,No_Festival,7,No,No
Ice Cream (500ml),North,2022-11-28,1334,191.04,16.8,No_Festival,4,No,No
Ice Cream (500ml),North,2022-12-05,1715,188.72,15.4,No_Festival,7,No,No
Ice Cream (500ml),North,2022-12-12,1754,188.26,15.5,No_Festival,7,No,No
Ice Cream (500ml),North,2022-12-19,1054,187.21,13.9,No_Festival,6,No,No
Ice Cream (500ml),North,2022-12-26,1533,190.51,13.7,No_Festival,6,No,No
Ice Cream (500ml),North,2023-01-02,1554,197.78,14.7,No_Festival,6,No,No
Ice Cream (500ml),North,2023-01-09,1533,196.08,14.0,Makar Sankranti,6,Yes,Yes
Ice Cream (500ml),North,2023-01-16,1185,197.54,13.7,No_Festival,6,No,No
Ice Cream (500ml),North,2023-01-23,1362,196.24,13.9,Republic Day,6,Yes,Yes
Ice Cream (500ml),North,2023-01-30,1090,197.02,16.2,No_Festival,5,No,No
Ice Cream (500ml),North,2023-02-06,1144,199.4,16.7,No_Festival,5,No,No
Ice Cream (500ml),North,2023-02-13,1350,196.8,17.1,No_Festival,6,No,No
Ice Cream (500ml),North,2023-02-20,1452,199.14,16.7,No_Festival,5,No,No
Ice Cream (500ml),North,2023-02-27,3528,199.03,22.4,No_Festival,7,No,No
Ice Cream (500ml),North,2023-03-06,4402,196.65,24.6,Holi,6,Yes,Yes
Ice Cream (500ml),North,2023-03-13,2701,197.04,24.0,No_Festival,5,No,No
Ice Cream (500ml),North,2023-03-20,2923,199.38,23.9,No_Festival,7,No,No
Ice Cream (500ml),North,2023-03-27,4392,197.84,27.1,No_Festival,7,No,No
Ice Cream (500ml),North,2023-04-03,2004,199.4,32.3,No_Festival,3,No,No
Ice Cream (500ml),North,2023-04-10,1804,194.57,33.1,No_Festival,3,No,No
Ice Cream (500ml),North,2023-04-17,3419,201.42,31.4,No_Festival,5,No,Yes
Ice Cream (500ml),North,2023-04-24,3189,196.97,32.4,No_Festival,6,No,No
Ice Cream (500ml),North,2023-05-01,3910,198.66,40.2,No_Festival,6,No,No
Ice Cream (500ml),North,2023-05-08,3237,196.67,37.6,No_Festival,6,No,No
Ice Cream (500ml),North,2023-05-15,3443,196.44,36.9,No_Festival,5,No,No
Ice Cream (500ml),North,2023-05-22,2892,197.73,38.0,No_Festival,6,No,No
Ice Cream (500ml),North,2023-05-29,3555,195.8,37.4,No_Festival,5,No,No
Ice Cream (500ml),North,2023-06-05,3144,201.23,38.6,No_Festival,5,No,No
Ice Cream (500ml),North,2023-06-12,3521,200.24,38.4,No_Festival,6,No,No
Ice Cream (500ml),North,2023-06-19,4087,197.4,40.8,No_Festival,7,No,No
Ice Cream (500ml),North,2023-06-26,3696,199.46,39.1,No_Festival,6,No,Yes
Ice Cream (500ml),North,2023-07-03,1529,201.67,36.1,No_Festival,5,No,No
Ice Cream (500ml),North,2023-07-10,1925,198.84,36.1,No_Festival,5,No,No
Ice Cream (500ml),North,2023-07-17,2246,195.12,35.2,No_Festival,6,No,No
Ice Cream (500ml),North,2023-07-24,2238,196.74,36.7,No_Festival,6,No,No
Ice Cream (500ml),North,2023-07-31,1656,195.04,35.3,No_Festival,4,No,No
Ice Cream (500ml),North,2023-08-07,2590,196.04,34.8,No_Festival,6,No,No
Ice Cream (500ml),North,2023-08-14,1055,198.9,34.1,No_Festival,4,No,No
Ice Cream (500ml),North,2023-08-21,1495,197.32,33.9,No_Festival,5,No,No
Ice Cream (500ml),North,2023-08-28,1507,195.71,32.6,No_Festival,5,No,No
Ice Cream (500ml),North,2023-09-04,1727,198.36,31.0,Janmashtami,3,Yes,Yes
Ice Cream (500ml),North,2023-09-11,1762,195.76,32.4,No_Festival,4,No,No
Ice Cream (500ml),North,2023-09-18,2655,198.96,31.6,No_Festival,6,No,No
Ice Cream (500ml),North,2023-09-25,574,200.12,29.5,No_Festival,2,No,No
Ice Cream (500ml),North,2023-10-02,2021,196.18,25.1,Gandhi Jayanti,5,Yes,Yes
Ice Cream (500ml),North,2023-10-09,1939,198.52,25.1,No_Festival,5,No,No
Ice Cream (500ml),North,2023-10-16,1413,196.74,26.1,No_Festival,4,No,No
Ice Cream (500ml),North,2023-10-23,2338,197.82,26.9,No_Festival,7,No,No
Ice Cream (500ml),North,2023-10-30,1582,194.05,17.4,No_Festival,4,No,No
Ice Cream (500ml),North,2023-11-06,1645,199.76,18.7,Diwali,5,Yes,Yes
Ice Cream (500ml),North,2023-11-13,2568,197.53,18.7,No_Festival,7,No,No
Ice Cream (500ml),North,2023-11-20,2591,198.68,19.6,No_Festival,6,No,No
Ice Cream (500ml),North,2023-11-27,2372,199.14,17.2,Guru Nanak Jayanti,6,Yes,Yes
Ice Cream (500ml),North,2023-12-04,1144,198.29,15.1,No_Festival,5,No,No
Ice Cream (500ml),North,2023-12-11,1123,199.44,14.7,No_Festival,4,No,No
Ice Cream (500ml),North,2023-12-18,1189,200.17,14.1,No_Festival,7,No,No
Ice Cream (500ml),North,2023-12-25,1784,199.34,13.0,Christmas,7,Yes,Yes
Ice Cream (500ml),South,2020-12-28,451,180.85,26.2,No_Festival,2,No,No
Ice Cream (500ml),South,2021-01-04,1119,178.45,26.0,No_Festival,5,No,No
Ice Cream (500ml),South,2021-01-11,1586,179.69,25.4,Makar Sankranti,6,Yes,Yes
Ice Cream (500ml),South,2021-01-18,907,181.43,27.1,No_Festival,5,No,No
Ice Cream (500ml),South,2021-01-25,920,181.41,24.2,Republic Day,4,Yes,Yes
Ice Cream (500ml),South,2021-02-01,1274,179.84,26.2,No_Festival,6,No,No
Ice Cream (500ml),South,2021-02-08,987,183.17,27.8,No_Festival,5,No,No
Ice Cream (500ml),South,2021-02-15,1208,178.77,27.4,No_Festival,5,No,No
Ice Cream (500ml),South,2021-02-22,1480,181.02,28.1,No_Festival,6,No,No
Ice Cream (500ml),South,2021-03-01,3797,179.15,30.1,No_Festival,6,No,No
Ice Cream (500ml),South,2021-03-08,1921,179.16,28.4,No_Festival,4,No,No
Ice Cream (500ml),South,2021-03-15,3264,180.24,29.6,No_Festival,6,No,No
Ice Cream (500ml),South,2021-03-22,2958,180.3,29.2,Holi,4,Yes,Yes
Ice Cream (500ml),South,2021-03-29,2845,177.96,32.4,No_Festival,4,No,No
Ice Cream (500ml),South,2021-04-05,1527,179.78,30.9,No_Festival,3,No,No
Ice Cream (500ml),South,2021-04-12,2138,180.19,31.8,No_Festival,5,No,No
Ice Cream (500ml),South,2021-04-19,4440,180.5,31.8,No_Festival,6,No,No
Ice Cream (500ml),South,2021-04-26,1764,181.03,34.0,No_Festival,5,No,No
Ice Cream (500ml),South,2021-05-03,2465,181.74,35.8,No_Festival,5,No,No
Ice Cream (500ml),South,2021-05-10,3924,182.92,34.0,No_Festival,5,No,No
Ice Cream (500ml),South,2021-05-17,3108,179.92,32.7,No_Festival,7,No,No
Ice Cream (500ml),South,2021-05-24,2842,181.49,36.5,No_Festival,6,No,No
Ice Cream (500ml),South,2021-05-31,3020,180.71,30.3,No_Festival,7,No,No
Ice Cream (500ml),South,2021-06-07,4448,180.61,30.2,No_Festival,7,No,No
Ice Cream (500ml),South,2021-06-14,2585,180.36,29.4,No_Festival,5,No,No
Ice Cream (500ml),South,2021-06-21,3705,179.72,29.8,No_Festival,6,No,No
Ice Cream (500ml),South,2021-06-28,1721,175.91,28.1,No_Festival,3,No,No
Ice Cream (500ml),South,2021-07-05,630,180.23,27.4,No_Festival,2,No,No
Ice Cream (500ml),South,2021-07-12,1524,179.83,27.1,No_Festival,4,No,No
Ice Cream (500ml),South,2021-07-19,2436,179.81,27.5,No_Festival,6,No,Yes
Ice Cream (500ml),South,2021-07-26,1342,179.74,28.7,No_Festival,5,No,No
Ice Cream (500ml),South,2021-08-02,1865,180.38,27.4,No_Festival,6,No,No
Ice Cream (500ml),South,2021-08-09,2322,179.2,28.4,Independence Day,7,Yes,Yes
Ice Cream (500ml),South,2021-08-16,2648,181.51,27.4,Raksha Bandhan,6,Yes,Yes
Ice Cream (500ml),South,2021-08-23,2972,180.3,28.7,No_Festival,6,No,No
Ice Cream (500ml),South,2021-08-30,2134,180.58,29.0,Janmashtami,5,Yes,Yes
Ice Cream (500ml),South,2021-09-06,1906,183.03,27.4,No_Festival,5,No,No
Ice Cream (500ml),South,2021-09-13,2189,179.36,28.2,No_Festival,6,No,No
Ice Cream (500ml),South,2021-09-20,2951,180.82,27.8,No_Festival,7,No,No
Ice Cream (500ml),South,2021-09-27,2603,179.54,27.9,Gandhi Jayanti,5,Yes,Yes
Ice Cream (500ml),South,2021-10-04,2408,179.69,28.8,No_Festival,6,No,No
Ice Cream (500ml),South,2021-10-11,2329,181.53,29.0,Navratri,5,Yes,Yes
Ice Cream (500ml),South,2021-10-18,2203,180.18,27.1,No_Festival,5,No,No
Ice Cream (500ml),South,2021-10-25,2661,178.36,27.4,No_Festival,7,No,No
Ice Cream (500ml),South,2021-11-01,2020,182.37,24.6,Diwali,5,Yes,Yes
Ice Cream (500ml),South,2021-11-08,2090,180.7,27.0,No_Festival,5,No,No
Ice Cream (500ml),South,2021-11-15,1105,179.62,26.7,No_Festival,2,No,No
Ice Cream (500ml),South,2021-11-22,1515,179.6,24.9,No_Festival,4,No,No
Ice Cream (500ml),South,2021-11-29,984,182.66,24.8,No_Festival,5,No,No
Ice Cream (500ml),South,2021-12-06,1224,178.13,23.9,No_Festival,5,No,No
Ice Cream (500ml),South,2021-12-13,1515,180.14,24.9,No_Festival,6,No,No
Ice Cream (500ml),South,2021-12-20,1930,177.98,25.1,Christmas,6,Yes,Yes
Ice Cream (500ml),South,2021-12-27,1081,182.45,25.4,No_Festival,6,No,No
Ice Cream (500ml),South,2022-01-03,1098,189.57,25.1,No_Festival,5,No,No
Ice Cream (500ml),South,2022-01-10,1553,190.79,26.6,Makar Sankranti,6,Yes,Yes
Ice Cream (500ml),South,2022-01-17,1336,189.82,24.5,No_Festival,5,No,No
Ice Cream (500ml),South,2022-01-24,1219,190.05,25.6,Republic Day,6,Yes,Yes
Ice Cream (500ml),South,2022-01-31,1235,190.05,28.8,No_Festival,5,No,No
Ice Cream (500ml),South,2022-02-07,610,192.92,26.2,No_Festival,2,No,No
Ice Cream (500ml),South,2022-02-14,1446,190.17,27.6,No_Festival,7,No,No
Ice Cream (500ml),South,2022-02-21,1052,186.12,26.4,No_Festival,4,No,No
Ice Cream (500ml),South,2022-02-28,2580,190.96,28.4,No_Festival,4,No,No
Ice Cream (500ml),South,2022-03-07,2189,190.5,30.0,No_Festival,5,No,No
Ice Cream (500ml),South,2022-03-14,4074,189.75,28.1,Holi,7,Yes,Yes
Ice Cream (500ml),South,2022-03-21,1887,191.6,29.1,No_Festival,5,No,No
Ice Cream (500ml),South,2022-03-28,2019,188.52,31.6,No_Festival,4,No,No
Ice Cream (500ml),South,2022-04-04,2483,188.52,32.4,No_Festival,5,No,No
Ice Cream (500ml),South,2022-04-11,4310,188.07,32.8,Baisakhi,7,Yes,Yes
Ice Cream (500ml),South,2022-04-18,2909,188.4,33.4,No_Festival,6,No,No
Ice Cream (500ml),South,2022-04-25,2426,189.64,32.0,No_Festival,4,No,No
Ice Cream (500ml),South,2022-05-02,3224,188.98,34.5,No_Festival,5,No,Yes
Ice Cream (500ml),South,2022-05-09,2738,189.14,34.6,No_Festival,5,No,No
Ice Cream (500ml),South,2022-05-16,3141,189.23,33.2,No_Festival,5,No,No
Ice Cream (500ml),South,2022-05-23,2423,192.24,35.5,No_Festival,3,No,No
Ice Cream (500ml),South,2022-05-30,2919,189.76,31.8,No_Festival,5,No,No
Ice Cream (500ml),South,2022-06-06,3389,188.65,29.3,No_Festival,7,No,No
Ice Cream (500ml),South,2022-06-13,3886,189.62,29.3,No_Festival,6,No,No
Ice Cream (500ml),South,2022-06-20,3024,189.86,28.8,No_Festival,6,No,No
Ice Cream (500ml),South,2022-06-27,1567,188.8,28.0,No_Festival,5,No,No
Ice Cream (500ml),South,2022-07-04,2304,189.63,26.7,No_Festival,5,No,Yes
Ice Cream (500ml),South,2022-07-11,1758,186.16,30.1,No_Festival,5,No,No
Ice Cream (500ml),South,2022-07-18,2057,191.1,28.4,No_Festival,6,No,No
Ice Cream (500ml),South,2022-07-25,2686,190.16,28.8,No_Festival,7,No,No
Ice Cream (500ml),South,2022-08-01,2551,188.07,27.3,No_Festival,6,No,No
Ice Cream (500ml),South,2022-08-08,1520,189.89,28.0,Raksha Bandhan,4,Yes,Yes
Ice Cream (500ml),South,2022-08-15,3230,191.09,26.9,"Independence Day, Janmashtami",6,Yes,Yes
Ice Cream (500ml),South,2022-08-22,2286,187.61,28.7,No_Festival,6,No,No
Ice Cream (500ml),South,2022-08-29,2064,189.05,29.4,No_Festival,5,No,No
Ice Cream (500ml),South,2022-09-05,2025,189.8,30.0,No_Festival,5,No,No
Ice Cream (500ml),South,2022-09-12,3121,186.79,28.3,No_Festival,7,No,No
Ice Cream (500ml),South,2022-09-19,2195,187.42,28.4,No_Festival,6,No,No
Ice Cream (500ml),South,2022-09-26,2325,187.19,27.8,No_Festival,6,No,No
Ice Cream (500ml),South,2022-10-03,2404,190.02,30.1,No_Festival,7,No,No
Ice Cream (500ml),South,2022-10-10,2341,187.32,28.5,No_Festival,6,No,No
Ice Cream (500ml),South,2022-10-17,2126,188.47,29.2,No_Festival,5,No,No
Ice Cream (500ml),South,2022-10-24,1567,190.1,28.6,No_Festival,4,No,No
Ice Cream (500ml),South,2022-10-31,2504,188.93,26.8,No_Festival,5,No,No
Ice Cream (500ml),South,2022-11-07,1859,188.61,26.6,Guru Nanak Jayanti,5,Yes,Yes
Ice Cream (500ml),South,2022-11-14,1923,187.74,25.6,No_Festival,4,No,No
Ice Cream (500ml),South,2022-11-21,1125,188.97,25.3,No_Festival,3,No,No
Ice Cream (500ml),South,2022-11-28,2520,189.01,26.1,No_Festival,7,No,No
Ice Cream (500ml),South,2022-12-05,981,188.67,24.2,No_Festival,5,No,No
Ice Cream (500ml),South,2022-12-12,1253,186.14,26.9,No_Festival,5,No,No
Ice Cream (500ml),South,2022-12-19,1391,187.56,25.4,Christmas,5,Yes,Yes
Ice Cream (500ml),South,2022-12-26,793,187.33,25.6,No_Festival,5,No,No
Ice Cream (500ml),South,2023-01-02,1063,197.8,26.5,No_Festival,5,No,No
Ice Cream (500ml),South,2023-01-09,410,195.02,25.2,No_Festival,3,No,No
Ice Cream (500ml),South,2023-01-16,1380,196.07,25.6,No_Festival,6,No,No
Ice Cream (500ml),South,2023-01-23,2065,196.25,26.2,Republic Day,6,Yes,Yes
Ice Cream (500ml),South,2023-01-30,1160,199.02,25.4,No_Festival,6,No,No
Ice Cream (500ml),South,2023-02-06,1591,197.45,27.2,No_Festival,7,No,No
Ice Cream (500ml),South,2023-02-13,1583,196.92,27.5,No_Festival,6,No,No
Ice Cream (500ml),South,2023-02-20,878,197.66,26.2,No_Festival,4,No,No
Ice Cream (500ml),South,2023-02-27,1919,197.62,27.5,No_Festival,5,No,No
Ice Cream (500ml),South,2023-03-06,4360,194.78,29.5,Holi,6,Yes,Yes
Ice Cream (500ml),South,2023-03-13,3251,196.83,29.6,No_Festival,6,No,No
Ice Cream (500ml),South,2023-03-20,3437,197.26,28.9,No_Festival,7,No,No
Ice Cream (500ml),South,2023-03-27,4449,196.96,29.8,No_Festival,7,No,No
Ice Cream (500ml),South,2023-04-03,1740,195.87,31.7,No_Festival,4,No,No
Ice Cream (500ml),South,2023-04-10,2934,197.38,33.0,Baisakhi,5,Yes,Yes
Ice Cream (500ml),South,2023-04-17,2815,196.24,33.9,No_Festival,5,No,Yes
Ice Cream (500ml),South,2023-04-24,3766,197.32,30.8,No_Festival,6,No,No
Ice Cream (500ml),South,2023-05-01,2702,198.88,33.4,No_Festival,6,No,No
Ice Cream (500ml),South,2023-05-08,1884,199.12,34.0,No_Festival,4,No,No
Ice Cream (500ml),South,2023-05-15,3203,198.41,34.4,No_Festival,5,No,No
Ice Cream (500ml),South,2023-05-22,4468,201.09,34.5,No_Festival,7,No,No
Ice Cream (500ml),South,2023-05-29,2066,195.29,30.8,No_Festival,4,No,No
Ice Cream (500ml),South,2023-06-05,3091,199.02,30.0,No_Festival,6,No,No
Ice Cream (500ml),South,2023-06-12,4588,196.28,30.8,No_Festival,7,No,No
Ice Cream (500ml),South,2023-06-19,2954,198.5,29.4,No_Festival,6,No,No
Ice Cream (500ml),South,2023-06-26,3872,196.67,30.0,No_Festival,7,No,Yes
Ice Cream (500ml),South,2023-07-03,2830,198.09,27.7,No_Festival,7,No,No
Ice Cream (500ml),South,2023-07-10,2943,196.32,27.0,No_Festival,6,No,No
Ice Cream (500ml),South,2023-07-17,2513,197.5,27.2,No_Festival,6,No,No
Ice Cream (500ml),South,2023-07-24,3283,197.9,27.6,No_Festival,7,No,No
Ice Cream (500ml),South,2023-07-31,1890,199.08,27.9,No_Festival,5,No,No
Ice Cream (500ml),South,2023-08-07,1479,197.12,27.6,No_Festival,6,No,No
Ice Cream (500ml),South,2023-08-14,2628,197.12,28.4,Independence Day,7,Yes,Yes
Ice Cream (500ml),South,2023-08-21,2453,196.8,28.1,No_Festival,6,No,No
Ice Cream (500ml),South,2023-08-28,1677,198.66,29.1,Raksha Bandhan,4,Yes,Yes
Ice Cream (500ml),South,2023-09-04,2720,200.12,28.6,Janmashtami,6,Yes,Yes
Ice Cream (500ml),South,2023-09-11,2105,198.05,28.4,No_Festival,5,No,No
Ice Cream (500ml),South,2023-09-18,2018,198.45,29.7,No_Festival,5,No,No
Ice Cream (500ml),South,2023-09-25,2138,194.39,27.9,No_Festival,5,No,No
Ice Cream (500ml),South,2023-10-02,1298,196.91,26.6,No_Festival,4,No,No
Ice Cream (500ml),South,2023-10-09,2672,197.73,27.8,No_Festival,6,No,No
Ice Cream (500ml),South,2023-10-16,1896,197.83,28.2,No_Festival,4,No,No
Ice Cream (500ml),South,2023-10-23,1391,196.02,27.3,No_Festival,4,No,No
Ice Cream (500ml),South,2023-10-30,2523,196.46,27.9,No_Festival,6,No,No
Ice Cream (500ml),South,2023-11-06,1014,196.3,24.7,No_Festival,3,No,No
Ice Cream (500ml),South,2023-11-13,1917,197.78,27.4,No_Festival,6,No,No
Ice Cream (500ml),South,2023-11-20,1074,201.77,27.7,No_Festival,4,No,No
Ice Cream (500ml),South,2023-11-27,2771,198.58,24.6,Guru Nanak Jayanti,7,Yes,Yes
Ice Cream (500ml),South,2023-12-04,1281,197.91,25.8,No_Festival,7,No,No
Ice Cream (500ml),South,2023-12-11,1173,198.77,26.6,No_Festival,5,No,No
Ice Cream (500ml),South,2023-12-18,1529,197.19,25.2,No_Festival,6,No,No
Ice Cream (500ml),South,2023-12-25,1134,196.21,24.3,No_Festival,5,No,No
Ice Cream (500ml),West,2020-12-28,770,179.75,22.4,No_Festival,3,No,No
Ice Cream (500ml),West,2021-01-04,869,180.6,20.7,No_Festival,5,No,No
Ice Cream (500ml),West,2021-01-11,941,179.84,23.5,Makar Sankranti,5,Yes,Yes
Ice Cream (500ml),West,2021-01-18,1770,181.63,22.7,No_Festival,6,No,No
Ice Cream (500ml),West,2021-01-25,1283,180.05,21.7,Republic Day,6,Yes,Yes
Ice Cream (500ml),West,2021-02-01,1652,181.38,24.2,No_Festival,6,No,No
Ice Cream (500ml),West,2021-02-08,1368,178.92,23.3,No_Festival,6,No,No
Ice Cream (500ml),West,2021-02-15,1575,183.13,23.5,No_Festival,6,No,No
Ice Cream (500ml),West,2021-02-22,1339,178.36,21.9,No_Festival,5,No,No
Ice Cream (500ml),West,2021-03-01,4067,179.88,27.6,No_Festival,6,No,No
Ice Cream (500ml),West,2021-03-08,2961,183.29,29.0,No_Festival,6,No,No
Ice Cream (500ml),West,2021-03-15,2758,180.19,27.1,No_Festival,5,No,No
Ice Cream (500ml),West,2021-03-22,2276,178.91,25.7,No_Festival,4,No,No
Ice Cream (500ml),West,2021-03-29,2451,180.34,28.7,No_Festival,5,No,No
Ice Cream (500ml),West,2021-04-05,3054,177.98,31.9,No_Festival,5,No,No
Ice Cream (500ml),West,2021-04-12,3274,178.73,29.3,Baisakhi,5,Yes,Yes
Ice Cream (500ml),West,2021-04-19,3666,179.3,31.0,No_Festival,6,No,No
Ice Cream (500ml),West,2021-04-26,3169,178.13,33.4,No_Festival,5,No,No
Ice Cream (500ml),West,2021-05-03,3275,181.35,35.4,No_Festival,6,No,No
Ice Cream (500ml),West,2021-05-10,1669,181.86,35.4,No_Festival,4,No,Yes
Ice Cream (500ml),West,2021-05-17,1177,179.37,35.8,No_Festival,4,No,No
Ice Cream (500ml),West,2021-05-24,4129,181.76,35.8,No_Festival,6,No,No
Ice Cream (500ml),West,2021-05-31,2180,179.39,31.8,No_Festival,4,No,No
Ice Cream (500ml),West,2021-06-07,3174,183.17,32.2,No_Festival,6,No,No
Ice Cream (500ml),West,2021-06-14,3620,179.29,32.3,No_Festival,5,No,No
Ice Cream (500ml),West,2021-06-21,4186,179.98,31.6,No_Festival,7,No,No
Ice Cream (500ml),West,2021-06-28,2306,179.46,29.7,No_Festival,5,No,No
Ice Cream (500ml),West,2021-07-05,2936,179.52,29.1,No_Festival,7,No,No
Ice Cream (500ml),West,2021-07-12,2678,181.86,28.6,No_Festival,6,No,No
Ice Cream (500ml),West,2021-07-19,1867,178.23,28.6,No_Festival,6,No,Yes
Ice Cream (500ml),West,2021-07-26,1962,180.09,29.0,No_Festival,5,No,No
Ice Cream (500ml),West,2021-08-02,1220,179.73,29.2,No_Festival,4,No,No
Ice Cream (500ml),West,2021-08-09,2860,180.44,27.4,Independence Day,5,Yes,Yes
Ice Cream (500ml),West,2021-08-16,2112,177.94,28.9,No_Festival,5,No,No
Ice Cream (500ml),West,2021-08-23,1522,177.33,28.4,No_Festival,5,No,No
Ice Cream (500ml),West,2021-08-30,1285,180.84,28.3,Janmashtami,3,Yes,Yes
Ice Cream (500ml),West,2021-09-06,844,178.49,28.7,No_Festival,4,No,No
Ice Cream (500ml),West,2021-09-13,2165,180.41,29.2,No_Festival,6,No,No
Ice Cream (500ml),West,2021-09-20,2048,180.81,27.6,No_Festival,5,No,No
Ice Cream (500ml),West,2021-09-27,3014,180.79,29.8,Gandhi Jayanti,6,Yes,Yes
Ice Cream (500ml),West,2021-10-04,2886,179.85,30.2,No_Festival,7,No,No
Ice Cream (500ml),West,2021-10-11,2605,178.25,29.6,No_Festival,5,No,No
Ice Cream (500ml),West,2021-10-18,2154,181.45,30.4,No_Festival,5,No,No
Ice Cream (500ml),West,2021-10-25,3010,180.09,29.9,No_Festival,7,No,No
Ice Cream (500ml),West,2021-11-01,1987,179.64,25.9,Diwali,5,Yes,Yes
Ice Cream (500ml),West,2021-11-08,1984,179.16,26.7,No_Festival,5,No,No
Ice Cream (500ml),West,2021-11-15,3028,179.74,26.0,Guru Nanak Jayanti,6,Yes,Yes
Ice Cream (500ml),West,2021-11-22,1574,179.44,24.9,No_Festival,6,No,No
Ice Cream (500ml),West,2021-11-29,2187,179.56,22.2,No_Festival,7,No,No
Ice Cream (500ml),West,2021-12-06,1090,180.94,20.8,No_Festival,4,No,No
Ice Cream (500ml),West,2021-12-13,1398,180.19,21.9,No_Festival,5,No,No
Ice Cream (500ml),West,2021-12-20,1002,181.63,22.8,No_Festival,4,No,No
Ice Cream (500ml),West,2021-12-27,1143,184.06,22.2,No_Festival,5,No,No
Ice Cream (500ml),West,2022-01-03,1569,186.35,21.8,No_Festival,6,No,No
Ice Cream (500ml),West,2022-01-10,825,188.04,22.7,Makar Sankranti,4,Yes,Yes
Ice Cream (500ml),West,2022-01-17,1038,188.88,21.5,No_Festival,5,No,No
Ice Cream (500ml),West,2022-01-24,1009,191.69,22.5,No_Festival,5,No,No
Ice Cream (500ml),West,2022-01-31,797,187.02,24.2,No_Festival,4,No,No
Ice Cream (500ml),West,2022-02-07,592,189.77,24.3,No_Festival,3,No,No
Ice Cream (500ml),West,2022-02-14,1539,189.67,24.6,No_Festival,6,No,No
Ice Cream (500ml),West,2022-02-21,1149,191.64,25.0,No_Festival,5,No,No
Ice Cream (500ml),West,2022-02-28,3664,188.92,28.2,No_Festival,6,No,No
Ice Cream (500ml),West,2022-03-07,1577,190.57,28.5,No_Festival,3,No,No
Ice Cream (500ml),West,2022-03-14,3794,190.22,27.5,Holi,6,Yes,Yes
Ice Cream (500ml),West,2022-03-21,2376,191.1,28.5,No_Festival,4,No,No
Ice Cream (500ml),West,2022-03-28,3546,188.2,30.2,No_Festival,6,No,No
Ice Cream (500ml),West,2022-04-04,2231,187.83,32.5,No_Festival,3,No,No
Ice Cream (500ml),West,2022-04-11,3509,187.09,31.0,Baisakhi,6,Yes,Yes
Ice Cream (500ml),West,2022-04-18,2153,188.69,31.6,No_Festival,5,No,No
Ice Cream (500ml),West,2022-04-25,3894,191.48,31.7,No_Festival,5,No,No
Ice Cream (500ml),West,2022-05-02,2043,188.12,34.8,No_Festival,5,No,Yes
Ice Cream (500ml),West,2022-05-09,2520,189.09,37.0,No_Festival,4,No,No
Ice Cream (500ml),West,2022-05-16,1549,188.52,36.5,No_Festival,3,No,No
Ice Cream (500ml),West,2022-05-23,1587,188.88,34.6,No_Festival,4,No,No
Ice Cream (500ml),West,2022-05-30,2842,188.08,34.5,No_Festival,5,No,No
Ice Cream (500ml),West,2022-06-06,3325,189.73,31.8,No_Festival,6,No,No
Ice Cream (500ml),West,2022-06-13,2766,189.1,31.3,No_Festival,4,No,No
Ice Cream (500ml),West,2022-06-20,5051,189.35,32.0,No_Festival,7,No,No
Ice Cream (500ml),West,2022-06-27,3074,189.65,30.5,No_Festival,5,No,No
Ice Cream (500ml),West,2022-07-04,2402,187.91,27.8,No_Festival,6,No,Yes
Ice Cream (500ml),West,2022-07-11,1796,188.0,27.3,No_Festival,5,No,No
Ice Cream (500ml),West,2022-07-18,1806,188.86,29.0,No_Festival,6,No,No
Ice Cream (500ml),West,2022-07-25,2368,190.31,28.5,No_Festival,5,No,No
Ice Cream (500ml),West,2022-08-01,2926,187.45,28.0,No_Festival,7,No,No
Ice Cream (500ml),West,2022-08-08,2340,189.29,28.0,Raksha Bandhan,6,Yes,Yes
Ice Cream (500ml),West,2022-08-15,2233,187.35,26.7,Janmashtami,6,Yes,Yes
Ice Cream (500ml),West,2022-08-22,2833,187.64,27.7,No_Festival,6,No,No
Ice Cream (500ml),West,2022-08-29,1890,188.52,27.8,No_Festival,5,No,No
Ice Cream (500ml),West,2022-09-05,2325,187.51,28.0,No_Festival,5,No,No
Ice Cream (500ml),West,2022-09-12,2732,189.76,29.9,No_Festival,6,No,No
Ice Cream (500ml),West,2022-09-19,1517,191.4,30.5,No_Festival,4,No,No
Ice Cream (500ml),West,2022-09-26,2703,188.9,29.1,Gandhi Jayanti,7,Yes,Yes
Ice Cream (500ml),West,2022-10-03,2066,191.29,31.1,No_Festival,6,No,No
Ice Cream (500ml),West,2022-10-10,2709,188.21,31.2,No_Festival,6,No,No
Ice Cream (500ml),West,2022-10-17,2678,187.79,28.6,No_Festival,6,No,No
Ice Cream (500ml),West,2022-10-24,1894,187.82,29.9,Diwali,5,Yes,Yes
Ice Cream (500ml),West,2022-10-31,2295,187.33,28.1,No_Festival,5,No,No
Ice Cream (500ml),West,2022-11-07,2292,190.5,26.1,Guru Nanak Jayanti,5,Yes,Yes
Ice Cream (500ml),West,2022-11-14,2370,190.82,26.7,No_Festival,6,No,No
Ice Cream (500ml),West,2022-11-21,3368,190.73,26.7,No_Festival,7,No,No
Ice Cream (500ml),West,2022-11-28,2304,188.52,24.3,No_Festival,6,No,No
Ice Cream (500ml),West,2022-12-05,1451,187.99,22.6,No_Festival,6,No,No
Ice Cream (500ml),West,2022-12-12,942,188.63,20.4,No_Festival,5,No,No
Ice Cream (500ml),West,2022-12-19,1217,186.44,22.6,Christmas,4,Yes,Yes
Ice Cream (500ml),West,2022-12-26,1903,189.48,22.4,No_Festival,7,No,No
Ice Cream (500ml),West,2023-01-02,1333,199.13,22.7,No_Festival,7,No,No
Ice Cream (500ml),West,2023-01-09,1427,197.06,21.8,Makar Sankranti,6,Yes,Yes
Ice Cream (500ml),West,2023-01-16,943,197.11,22.6,No_Festival,4,No,No
Ice Cream (500ml),West,2023-01-23,1009,200.55,22.8,Republic Day,5,Yes,Yes
Ice Cream (500ml),West,2023-01-30,1227,196.98,23.7,No_Festival,6,No,No
Ice Cream (500ml),West,2023-02-06,1421,198.1,22.6,No_Festival,6,No,No
Ice Cream (500ml),West,2023-02-13,993,199.85,25.6,No_Festival,5,No,No
Ice Cream (500ml),West,2023-02-20,1383,197.69,25.5,No_Festival,6,No,No
Ice Cream (500ml),West,2023-02-27,3350,200.19,26.9,No_Festival,7,No,No
Ice Cream (500ml),West,2023-03-06,3144,199.04,29.0,Holi,6,Yes,Yes
Ice Cream (500ml),West,2023-03-13,3163,198.23,27.0,No_Festival,5,No,No
Ice Cream (500ml),West,2023-03-20,2956,198.64,27.4,No_Festival,6,No,No
Ice Cream (500ml),West,2023-03-27,2939,197.5,27.6,No_Festival,6,No,No
Ice Cream (500ml),West,2023-04-03,2363,197.04,32.9,No_Festival,4,No,No
Ice Cream (500ml),West,2023-04-10,1818,196.24,30.2,No_Festival,3,No,No
Ice Cream (500ml),West,2023-04-17,2633,199.36,32.0,No_Festival,6,No,Yes
Ice Cream (500ml),West,2023-04-24,3257,197.66,32.7,No_Festival,4,No,No
Ice Cream (500ml),West,2023-05-01,3131,198.76,35.9,No_Festival,5,No,No
Ice Cream (500ml),West,2023-05-08,3211,197.09,36.6,No_Festival,6,No,No
Ice Cream (500ml),West,2023-05-15,1628,197.54,36.0,No_Festival,4,No,No
Ice Cream (500ml),West,2023-05-22,3025,202.15,37.4,No_Festival,6,No,No
Ice Cream (500ml),West,2023-05-29,2152,196.58,32.1,No_Festival,4,No,No
Ice Cream (500ml),West,2023-06-05,2870,197.1,32.1,No_Festival,5,No,No
Ice Cream (500ml),West,2023-06-12,2842,198.4,33.2,No_Festival,5,No,No
Ice Cream (500ml),West,2023-06-19,4077,196.62,32.3,No_Festival,7,No,No
Ice Cream (500ml),West,2023-06-26,3228,196.38,30.8,No_Festival,6,No,Yes
Ice Cream (500ml),West,2023-07-03,1017,200.43,28.8,No_Festival,5,No,No
Ice Cream (500ml),West,2023-07-10,2590,198.97,28.0,No_Festival,5,No,No
Ice Cream (500ml),West,2023-07-17,1947,196.03,28.5,No_Festival,5,No,No
Ice Cream (500ml),West,2023-07-24,2281,196.43,28.2,No_Festival,5,No,No
Ice Cream (500ml),West,2023-07-31,1157,197.63,27.2,No_Festival,4,No,No
Ice Cream (500ml),West,2023-08-07,3156,197.91,29.9,No_Festival,7,No,No
Ice Cream (500ml),West,2023-08-14,2516,197.55,28.3,No_Festival,6,No,No
Ice Cream (500ml),West,2023-08-21,2066,196.5,28.5,No_Festival,6,No,No
Ice Cream (500ml),West,2023-08-28,1604,197.65,28.6,Raksha Bandhan,4,Yes,Yes
Ice Cream (500ml),West,2023-09-04,2432,196.09,28.4,Janmashtami,6,Yes,Yes
Ice Cream (500ml),West,2023-09-11,2143,198.4,28.9,No_Festival,6,No,No
Ice Cream (500ml),West,2023-09-18,644,198.04,29.0,No_Festival,2,No,No
Ice Cream (500ml),West,2023-09-25,2198,197.83,30.4,No_Festival,5,No,No
Ice Cream (500ml),West,2023-10-02,2556,197.44,31.2,Gandhi Jayanti,7,Yes,Yes
Ice Cream (500ml),West,2023-10-09,1741,196.6,31.1,No_Festival,6,No,No
Ice Cream (500ml),West,2023-10-16,2329,199.92,28.7,No_Festival,6,No,No
Ice Cream (500ml),West,2023-10-23,3383,196.67,31.3,No_Festival,7,No,No
Ice Cream (500ml),West,2023-10-30,2358,196.92,27.3,No_Festival,6,No,No
Ice Cream (500ml),West,2023-11-06,3370,199.05,26.4,Diwali,7,Yes,Yes
Ice Cream (500ml),West,2023-11-13,2943,197.68,26.4,No_Festival,7,No,No
Ice Cream (500ml),West,2023-11-20,2950,197.42,25.2,No_Festival,7,No,No
Ice Cream (500ml),West,2023-11-27,1737,197.03,23.9,Guru Nanak Jayanti,5,Yes,Yes
Ice Cream (500ml),West,2023-12-04,1091,196.15,22.9,No_Festival,5,No,No
Ice Cream (500ml),West,2023-12-11,1394,198.41,22.0,No_Festival,6,No,No
Ice Cream (500ml),West,2023-12-18,923,198.28,23.0,No_Festival,4,No,No
Ice Cream (500ml),West,2023-12-25,1240,196.38,22.2,No_Festival,4,No,No
Lassi (200ml),Central,2020-12-28,349,25.48,17.4,No_Festival,2,No,No
Lassi (200ml),Central,2021-01-04,1197,24.97,18.0,No_Festival,5,No,No
Lassi (200ml),Central,2021-01-11,1538,25.02,18.5,No_Festival,5,No,No
Lassi (200ml),Central,2021-01-18,1083,24.7,19.8,No_Festival,4,No,No
Lassi (200ml),Central,2021-01-25,1784,24.81,17.6,Republic Day,6,Yes,Yes
Lassi (200ml),Central,2021-02-01,1500,25.19,19.1,No_Festival,5,No,No
Lassi (200ml),Central,2021-02-08,1375,24.86,22.2,No_Festival,5,No,No
Lassi (200ml),Central,2021-02-15,2032,24.82,21.4,No_Festival,7,No,No
Lassi (200ml),Central,2021-02-22,1250,24.5,20.3,No_Festival,5,No,No
Lassi (200ml),Central,2021-03-01,2633,24.98,27.1,No_Festival,5,No,No
Lassi (200ml),Central,2021-03-08,3365,25.12,26.9,No_Festival,5,No,No
Lassi (200ml),Central,2021-03-15,1788,25.26,25.4,No_Festival,2,No,No
Lassi (200ml),Central,2021-03-22,7335,25.03,27.1,Holi,7,Yes,Yes
Lassi (200ml),Central,2021-03-29,3589,25.3,30.5,No_Festival,5,No,No
Lassi (200ml),Central,2021-04-05,3316,24.69,31.4,No_Festival,5,No,No
Lassi (200ml),Central,2021-04-12,4101,25.03,33.3,Baisakhi,5,Yes,Yes
Lassi (200ml),Central,2021-04-19,3648,24.95,33.9,No_Festival,5,No,No
Lassi (200ml),Central,2021-04-26,3681,25.19,34.6,No_Festival,6,No,No
Lassi (200ml),Central,2021-05-03,4782,25.06,37.9,No_Festival,6,No,No
Lassi (200ml),Central,2021-05-10,3368,25.4,38.4,No_Festival,4,No,Yes
Lassi (200ml),Central,2021-05-17,2699,24.87,38.8,No_Festival,4,No,No
Lassi (200ml),Central,2021-05-24,2275,25.23,36.9,No_Festival,4,No,No
Lassi (200ml),Central,2021-05-31,4357,24.79,36.0,No_Festival,5,No,No
Lassi (200ml),Central,2021-06-07,3236,24.84,36.5,No_Festival,5,No,No
Lassi (200ml),Central,2021-06-14,3325,24.82,36.6,No_Festival,5,No,No
Lassi (200ml),Central,2021-06-21,4566,24.9,36.9,No_Festival,5,No,No
Lassi (200ml),Central,2021-06-28,3325,24.77,34.3,No_Festival,5,No,No
Lassi (200ml),Central,2021-07-05,2942,25.13,30.4,No_Festival,7,No,No
Lassi (200ml),Central,2021-07-12,3005,24.86,31.0,No_Festival,6,No,No
Lassi (200ml),Central,2021-07-19,2006,24.94,30.8,No_Festival,4,No,No
Lassi (200ml),Central,2021-07-26,2161,25.14,30.6,No_Festival,6,No,No
Lassi (200ml),Central,2021-08-02,3593,25.2,29.5,No_Festival,7,No,No
Lassi (200ml),Central,2021-08-09,1876,25.23,30.0,No_Festival,4,No,No
Lassi (200ml),Central,2021-08-16,1592,25.0,28.6,Raksha Bandhan,4,Yes,Yes
Lassi (200ml),Central,2021-08-23,2758,24.98,30.6,No_Festival,6,No,No
Lassi (200ml),Central,2021-08-30,3735,24.88,28.2,Janmashtami,6,Yes,Yes
Lassi (200ml),Central,2021-09-06,1545,25.28,29.8,No_Festival,4,No,No
Lassi (200ml),Central,2021-09-13,2729,24.98,28.8,No_Festival,6,No,No
Lassi (200ml),Central,2021-09-20,2193,25.1,30.3,No_Festival,4,No,No
Lassi (200ml),Central,2021-09-27,2126,25.2,29.3,Gandhi Jayanti,4,Yes,Yes
Lassi (200ml),Central,2021-10-04,3641,25.05,28.0,No_Festival,7,No,No
Lassi (200ml),Central,2021-10-11,2515,25.24,28.2,No_Festival,6,No,No
Lassi (200ml),Central,2021-10-18,2067,25.41,27.6,No_Festival,4,No,No
Lassi (200ml),Central,2021-10-25,3113,24.95,27.3,No_Festival,6,No,No
Lassi (200ml),Central,2021-11-01,3310,25.23,23.2,Diwali,6,Yes,Yes
Lassi (200ml),Central,2021-11-08,2998,24.98,22.7,No_Festival,6,No,No
Lassi (200ml),Central,2021-11-15,3229,24.67,22.7,Guru Nanak Jayanti,6,Yes,Yes
Lassi (200ml),Central,2021-11-22,2146,24.84,24.3,No_Festival,4,No,No
Lassi (200ml),Central,2021-11-29,1285,25.06,18.5,No_Festival,4,No,No
Lassi (200ml),Central,2021-12-06,2034,25.11,20.3,No_Festival,6,No,No
Lassi (200ml),Central,2021-12-13,1534,24.55,17.8,No_Festival,6,No,No
Lassi (200ml),Central,2021-12-20,1325,24.77,16.7,Christmas,6,Yes,Yes
Lassi (200ml),Central,2021-12-27,1793,25.07,17.5,No_Festival,6,No,No
Lassi (200ml),Central,2022-01-03,1141,26.52,19.6,No_Festival,4,No,No
Lassi (200ml),Central,2022-01-10,1548,26.43,17.0,Makar Sankranti,5,Yes,Yes
Lassi (200ml),Central,2022-01-17,1698,26.39,17.2,No_Festival,5,No,No
Lassi (200ml),Central,2022-01-24,1355,26.26,17.3,Republic Day,6,Yes,Yes
Lassi (200ml),Central,2022-01-31,1692,26.19,19.1,No_Festival,7,No,No
Lassi (200ml),Central,2022-02-07,1796,25.96,22.4,No_Festival,6,No,No
Lassi (200ml),Central,2022-02-14,1766,26.33,22.0,No_Festival,7,No,No
Lassi (200ml),Central,2022-02-21,1350,26.38,21.3,No_Festival,6,No,No
Lassi (200ml),Central,2022-02-28,3442,26.23,25.1,No_Festival,5,No,No
Lassi (200ml),Central,2022-03-07,2287,26.1,27.3,No_Festival,3,No,No
Lassi (200ml),Central,2022-03-14,4416,26.07,27.4,No_Festival,6,No,No
Lassi (200ml),Central,2022-03-21,4385,26.44,27.6,No_Festival,6,No,No
Lassi (200ml),Central,2022-03-28,2218,26.37,28.1,No_Festival,4,No,No
Lassi (200ml),Central,2022-04-04,3377,26.43,34.8,No_Festival,6,No,No
Lassi (200ml),Central,2022-04-11,2903,26.32,32.2,Baisakhi,6,Yes,Yes
Lassi (200ml),Central,2022-04-18,3019,26.2,34.2,No_Festival,4,No,No
Lassi (200ml),Central,2022-04-25,3653,26.14,33.1,No_Festival,6,No,No
Lassi (200ml),Central,2022-05-02,4946,26.45,39.7,No_Festival,6,No,Yes
Lassi (200ml),Central,2022-05-09,5117,26.25,39.0,No_Festival,7,No,No
Lassi (200ml),Central,2022-05-16,2910,26.38,37.5,No_Festival,5,No,No
Lassi (200ml),Central,2022-05-23,3138,26.4,37.3,No_Festival,4,No,No
Lassi (200ml),Central,2022-05-30,2427,25.99,37.0,No_Festival,4,No,No
Lassi (200ml),Central,2022-06-06,3147,26.35,36.7,No_Festival,4,No,No
Lassi (200ml),Central,2022-06-13,5294,26.15,35.8,No_Festival,7,No,No
Lassi (200ml),Central,2022-06-20,3747,25.97,36.4,No_Festival,5,No,No
Lassi (200ml),Central,2022-06-27,2784,26.59,36.2,No_Festival,5,No,No
Lassi (200ml),Central,2022-07-04,3651,26.09,31.1,No_Festival,7,No,Yes
Lassi (200ml),Central,2022-07-11,1914,25.95,31.8,No_Festival,4,No,No
Lassi (200ml),Central,2022-07-18,3169,26.24,30.4,No_Festival,7,No,No
Lassi (200ml),Central,2022-07-25,3239,26.06,31.9,No_Festival,6,No,No
Lassi (200ml),Central,2022-08-01,2688,26.45,28.9,No_Festival,6,No,No
Lassi (200ml),Central,2022-08-08,2305,26.67,31.3,Raksha Bandhan,6,Yes,Yes
Lassi (200ml),Central,2022-08-15,3520,26.17,31.0,"Independence Day, Janmashtami",6,Yes,Yes
Lassi (200ml),Central,2022-08-22,1739,26.33,31.4,No_Festival,4,No,No
Lassi (200ml),Central,2022-08-29,3311,26.68,30.2,No_Festival,7,No,No
Lassi (200ml),Central,2022-09-05,2949,26.36,30.1,No_Festival,6,No,No
Lassi (200ml),Central,2022-09-12,3057,26.32,30.7,No_Festival,6,No,No
Lassi (200ml),Central,2022-09-19,2263,26.5,31.8,No_Festival,6,No,No
Lassi (200ml),Central,2022-09-26,2767,26.18,28.6,Gandhi Jayanti,5,Yes,Yes
Lassi (200ml),Central,2022-10-03,3076,26.18,29.2,No_Festival,6,No,No
Lassi (200ml),Central,2022-10-10,2081,26.25,27.8,No_Festival,6,No,No
Lassi (200ml),Central,2022-10-17,3375,26.2,26.7,No_Festival,7,No,No
Lassi (200ml),Central,2022-10-24,3035,25.97,28.3,Diwali,6,Yes,Yes
Lassi (200ml),Central,2022-10-31,3100,26.31,24.3,No_Festival,6,No,No
Lassi (200ml),Central,2022-11-07,2641,26.36,22.6,Guru Nanak Jayanti,5,Yes,Yes
Lassi (200ml),Central,2022-11-14,2812,26.31,22.5,No_Festival,5,No,No
Lassi (200ml),Central,2022-11-21,2202,26.21,22.4,No_Festival,4,No,No
Lassi (200ml),Central,2022-11-28,1793,26.19,19.7,No_Festival,6,No,No
Lassi (200ml),Central,2022-12-05,1204,26.14,19.3,No_Festival,5,No,No
Lassi (200ml),Central,2022-12-12,1753,26.3,18.3,No_Festival,6,No,No
Lassi (200ml),Central,2022-12-19,2278,26.04,17.0,Christmas,6,Yes,Yes
Lassi (200ml),Central,2022-12-26,1399,26.75,18.9,No_Festival,5,No,No
Lassi (200ml),Central,2023-01-02,1886,27.31,17.8,No_Festival,7,No,No
Lassi (200ml),Central,2023-01-09,1675,27.65,17.8,Makar Sankranti,6,Yes,Yes
Lassi (200ml),Central,2023-01-16,1187,27.5,17.6,No_Festival,6,No,No
Lassi (200ml),Central,2023-01-23,1320,27.11,17.0,Republic Day,4,Yes,Yes
Lassi (200ml),Central,2023-01-30,1326,27.51,20.1,No_Festival,5,No,No
Lassi (200ml),Central,2023-02-06,1806,27.5,22.0,No_Festival,6,No,No
Lassi (200ml),Central,2023-02-13,1481,27.52,21.9,No_Festival,5,No,No
Lassi (200ml),Central,2023-02-20,1345,27.4,20.0,No_Festival,6,No,No
Lassi (200ml),Central,2023-02-27,2672,27.59,25.8,No_Festival,7,No,No
Lassi (200ml),Central,2023-03-06,6023,27.57,27.4,Holi,7,Yes,Yes
Lassi (200ml),Central,2023-03-13,2914,27.46,27.2,No_Festival,4,No,No
Lassi (200ml),Central,2023-03-20,3714,27.32,28.0,No_Festival,6,No,No
Lassi (200ml),Central,2023-03-27,4367,27.44,28.1,No_Festival,7,No,No
Lassi (200ml),Central,2023-04-03,3601,27.4,32.3,No_Festival,6,No,No
Lassi (200ml),Central,2023-04-10,4894,27.62,32.8,Baisakhi,6,Yes,Yes
Lassi (200ml),Central,2023-04-17,4000,27.51,33.0,No_Festival,5,No,Yes
Lassi (200ml),Central,2023-04-24,2994,27.65,34.0,No_Festival,6,No,No
Lassi (200ml),Central,2023-05-01,3865,27.35,37.3,No_Festival,5,No,No
Lassi (200ml),Central,2023-05-08,3100,27.16,39.0,No_Festival,5,No,No
Lassi (200ml),Central,2023-05-15,1885,27.35,37.1,No_Festival,3,No,No
Lassi (200ml),Central,2023-05-22,3958,27.99,39.2,No_Festival,5,No,No
Lassi (200ml),Central,2023-05-29,3316,27.25,38.2,No_Festival,5,No,No
Lassi (200ml),Central,2023-06-05,5572,27.59,36.3,No_Festival,7,No,No
Lassi (200ml),Central,2023-06-12,3927,27.68,37.8,No_Festival,6,No,No
Lassi (200ml),Central,2023-06-19,4084,27.39,36.7,No_Festival,5,No,No
Lassi (200ml),Central,2023-06-26,3312,27.42,35.1,No_Festival,6,No,Yes
Lassi (200ml),Central,2023-07-03,3097,27.93,31.0,No_Festival,7,No,No
Lassi (200ml),Central,2023-07-10,2846,27.54,31.2,No_Festival,7,No,No
Lassi (200ml),Central,2023-07-17,2994,27.65,32.2,No_Festival,6,No,No
Lassi (200ml),Central,2023-07-24,2394,27.33,31.2,No_Festival,5,No,No
Lassi (200ml),Central,2023-07-31,2041,27.86,29.0,No_Festival,4,No,No
Lassi (200ml),Central,2023-08-07,2021,27.58,29.0,No_Festival,4,No,No
Lassi (200ml),Central,2023-08-14,2238,27.76,30.0,No_Festival,4,No,No
Lassi (200ml),Central,2023-08-21,3016,27.74,30.4,No_Festival,6,No,No
Lassi (200ml),Central,2023-08-28,3494,27.46,30.8,Raksha Bandhan,7,Yes,Yes
Lassi (200ml),Central,2023-09-04,3310,27.31,29.9,Janmashtami,7,Yes,Yes
Lassi (200ml),Central,2023-09-11,1735,27.22,28.0,No_Festival,4,No,No
Lassi (200ml),Central,2023-09-18,1350,27.71,31.5,No_Festival,3,No,No
Lassi (200ml),Central,2023-09-25,2106,27.39,30.4,No_Festival,5,No,No
Lassi (200ml),Central,2023-10-02,2295,27.46,27.6,Gandhi Jayanti,5,Yes,Yes
Lassi (200ml),Central,2023-10-09,2578,27.34,28.6,No_Festival,6,No,No
Lassi (200ml),Central,2023-10-16,3087,27.79,26.3,No_Festival,6,No,No
Lassi (200ml),Central,2023-10-23,2056,27.9,27.9,No_Festival,4,No,No
Lassi (200ml),Central,2023-10-30,3176,27.63,25.2,No_Festival,7,No,No
Lassi (200ml),Central,2023-11-06,2926,27.58,21.1,Diwali,5,Yes,Yes
Lassi (200ml),Central,2023-11-13,2957,27.46,22.9,No_Festival,7,No,No
Lassi (200ml),Central,2023-11-20,1994,27.37,22.0,No_Festival,4,No,No
Lassi (200ml),Central,2023-11-27,1554,27.78,23.8,No_Festival,4,No,No
Lassi (200ml),Central,2023-12-04,1243,27.53,18.0,No_Festival,5,No,No
Lassi (200ml),Central,2023-12-11,1781,27.88,20.0,No_Festival,6,No,No
Lassi (200ml),Central,2023-12-18,1505,27.27,18.1,No_Festival,6,No,No
Lassi (200ml),Central,2023-12-25,1300,27.9,18.5,Christmas,5,Yes,Yes
Lassi (200ml),East,2020-12-28,1059,24.94,17.6,No_Festival,3,No,No
Lassi (200ml),East,2021-01-04,1553,25.04,18.8,No_Festival,5,No,No
Lassi (200ml),East,2021-01-11,1474,25.03,18.9,Makar Sankranti,5,Yes,Yes
Lassi (200ml),East,2021-01-18,1446,24.84,18.7,No_Festival,5,No,No
Lassi (200ml),East,2021-01-25,747,25.14,19.7,No_Festival,3,No,No
Lassi (200ml),East,2021-02-01,1261,25.15,20.8,No_Festival,4,No,No
Lassi (200ml),East,2021-02-08,246,25.2,21.4,No_Festival,1,No,No
Lassi (200ml),East,2021-02-15,1757,25.06,22.7,No_Festival,6,No,No
Lassi (200ml),East,2021-02-22,1057,24.87,21.7,No_Festival,6,No,No
Lassi (200ml),East,2021-03-01,3640,24.85,26.6,No_Festival,6,No,No
Lassi (200ml),East,2021-03-08,4516,24.87,25.8,No_Festival,7,No,No
Lassi (200ml),East,2021-03-15,3782,25.06,27.8,No_Festival,5,No,No
Lassi (200ml),East,2021-03-22,4660,25.03,26.2,Holi,5,Yes,Yes
Lassi (200ml),East,2021-03-29,2811,24.95,31.4,No_Festival,5,No,No
Lassi (200ml),East,2021-04-05,2739,24.66,31.9,No_Festival,4,No,No
Lassi (200ml),East,2021-04-12,4031,24.95,31.4,Baisakhi,6,Yes,Yes
Lassi (200ml),East,2021-04-19,3723,24.91,31.4,No_Festival,4,No,No
Lassi (200ml),East,2021-04-26,3882,25.02,32.4,No_Festival,6,No,No
Lassi (200ml),East,2021-05-03,3777,25.02,33.7,No_Festival,5,No,No
Lassi (200ml),East,2021-05-10,2905,25.05,35.3,No_Festival,5,No,No
Lassi (200ml),East,2021-05-17,3503,25.28,35.1,No_Festival,5,No,No
Lassi (200ml),East,2021-05-24,3924,24.92,33.2,No_Festival,5,No,No
Lassi (200ml),East,2021-05-31,4011,24.77,32.4,No_Festival,5,No,No
Lassi (200ml),East,2021-06-07,5356,24.76,31.7,No_Festival,7,No,No
Lassi (200ml),East,2021-06-14,5515,25.15,32.7,No_Festival,6,No,No
Lassi (200ml),East,2021-06-21,3134,24.81,31.6,No_Festival,4,No,No
Lassi (200ml),East,2021-06-28,3913,25.26,31.7,No_Festival,5,No,No
Lassi (200ml),East,2021-07-05,2978,25.04,29.8,No_Festival,7,No,No
Lassi (200ml),East,2021-07-12,2796,25.09,29.7,No_Festival,7,No,No
Lassi (200ml),East,2021-07-19,3070,25.12,29.2,No_Festival,6,No,Yes
Lassi (200ml),East,2021-07-26,2119,25.14,29.0,No_Festival,4,No,No
Lassi (200ml),East,2021-08-02,1399,25.36,28.3,No_Festival,3,No,No
Lassi (200ml),East,2021-08-09,2355,24.77,30.3,Independence Day,5,Yes,Yes
Lassi (200ml),East,2021-08-16,2405,24.89,29.8,No_Festival,6,No,No
Lassi (200ml),East,2021-08-23,2526,25.11,31.4,No_Festival,6,No,No
Lassi (200ml),East,2021-08-30,1748,25.32,29.8,No_Festival,5,No,No
Lassi (200ml),East,2021-09-06,2428,24.93,30.6,No_Festival,5,No,No
Lassi (200ml),East,2021-09-13,3051,24.97,29.4,No_Festival,6,No,No
Lassi (200ml),East,2021-09-20,3490,24.92,29.3,No_Festival,7,No,No
Lassi (200ml),East,2021-09-27,2421,25.21,27.7,Gandhi Jayanti,5,Yes,Yes
Lassi (200ml),East,2021-10-04,2759,25.16,25.8,No_Festival,6,No,No
Lassi (200ml),East,2021-10-11,3548,25.14,28.0,Navratri,6,Yes,Yes
Lassi (200ml),East,2021-10-18,1628,25.02,27.3,No_Festival,4,No,No
Lassi (200ml),East,2021-10-25,2237,25.31,26.6,No_Festival,6,No,No
Lassi (200ml),East,2021-11-01,2591,24.81,23.0,Diwali,6,Yes,Yes
Lassi (200ml),East,2021-11-08,2081,25.27,22.8,No_Festival,5,No,No
Lassi (200ml),East,2021-11-15,3656,25.11,23.4,Guru Nanak Jayanti,7,Yes,Yes
Lassi (200ml),East,2021-11-22,3096,24.79,21.5,No_Festival,6,No,No
Lassi (200ml),East,2021-11-29,2094,25.04,19.2,No_Festival,6,No,No
Lassi (200ml),East,2021-12-06,848,24.94,16.4,No_Festival,3,No,No
Lassi (200ml),East,2021-12-13,1859,25.2,16.3,No_Festival,6,No,No
Lassi (200ml),East,2021-12-20,1859,25.08,17.0,Christmas,6,Yes,Yes
Lassi (200ml),East,2021-12-27,876,25.48,15.0,No_Festival,3,No,No
Lassi (200ml),East,2022-01-03,2087,26.37,18.9,No_Festival,7,No,No
Lassi (200ml),East,2022-01-10,1714,26.17,18.0,Makar Sankranti,6,Yes,Yes
Lassi (200ml),East,2022-01-17,1376,25.8,18.6,No_Festival,4,No,No
Lassi (200ml),East,2022-01-24,1188,26.13,18.1,Republic Day,5,Yes,Yes
Lassi (200ml),East,2022-01-31,1160,26.53,20.0,No_Festival,4,No,No
Lassi (200ml),East,2022-02-07,1710,26.11,22.1,No_Festival,6,No,No
Lassi (200ml),East,2022-02-14,1477,26.59,21.2,No_Festival,5,No,No
Lassi (200ml),East,2022-02-21,1094,26.46,21.4,No_Festival,4,No,No
Lassi (200ml),East,2022-02-28,2239,26.22,26.3,No_Festival,3,No,No
Lassi (200ml),East,2022-03-07,5534,26.22,28.6,No_Festival,7,No,No
Lassi (200ml),East,2022-03-14,4872,25.94,27.2,Holi,6,Yes,Yes
Lassi (200ml),East,2022-03-21,4068,26.45,25.6,No_Festival,5,No,No
Lassi (200ml),East,2022-03-28,4032,26.43,28.1,No_Festival,5,No,No
Lassi (200ml),East,2022-04-04,4358,26.05,32.1,No_Festival,5,No,No
Lassi (200ml),East,2022-04-11,5169,26.38,32.3,Baisakhi,6,Yes,Yes
Lassi (200ml),East,2022-04-18,4323,26.25,32.9,No_Festival,5,No,No
Lassi (200ml),East,2022-04-25,3299,26.32,31.5,No_Festival,5,No,No
Lassi (200ml),East,2022-05-02,4357,26.06,33.1,No_Festival,5,No,Yes
Lassi (200ml),East,2022-05-09,4147,26.21,34.5,No_Festival,7,No,No
Lassi (200ml),East,2022-05-16,3708,25.93,33.2,No_Festival,4,No,No
Lassi (200ml),East,2022-05-23,3068,26.35,35.4,No_Festival,6,No,No
Lassi (200ml),East,2022-05-30,4636,26.49,32.6,No_Festival,7,No,No
Lassi (200ml),East,2022-06-06,4256,26.35,31.8,No_Festival,5,No,No
Lassi (200ml),East,2022-06-13,2241,26.05,32.2,No_Festival,4,No,No
Lassi (200ml),East,2022-06-20,4302,26.24,32.4,No_Festival,6,No,No
Lassi (200ml),East,2022-06-27,3004,26.23,30.6,No_Festival,6,No,No
Lassi (200ml),East,2022-07-04,2988,25.99,30.3,No_Festival,7,No,Yes
Lassi (200ml),East,2022-07-11,2732,25.96,30.5,No_Festival,5,No,No
Lassi (200ml),East,2022-07-18,2169,26.57,30.3,No_Festival,5,No,No
Lassi (200ml),East,2022-07-25,1400,26.16,31.0,No_Festival,4,No,No
Lassi (200ml),East,2022-08-01,2799,25.99,31.1,No_Festival,5,No,No
Lassi (200ml),East,2022-08-08,1930,26.12,31.0,Raksha Bandhan,5,Yes,Yes
Lassi (200ml),East,2022-08-15,3166,26.15,30.9,"Independence Day, Janmashtami",6,Yes,Yes
Lassi (200ml),East,2022-08-22,3518,26.19,30.1,No_Festival,7,No,No
Lassi (200ml),East,2022-08-29,1661,26.2,30.8,No_Festival,4,No,No
Lassi (200ml),East,2022-09-05,1899,26.01,29.2,No_Festival,4,No,No
Lassi (200ml),East,2022-09-12,2540,26.58,28.2,No_Festival,5,No,No
Lassi (200ml),East,2022-09-19,2903,26.68,31.0,No_Festival,6,No,No
Lassi (200ml),East,2022-09-26,1910,26.08,27.3,Gandhi Jayanti,4,Yes,Yes
Lassi (200ml),East,2022-10-03,3241,26.06,27.0,No_Festival,7,No,No
Lassi (200ml),East,2022-10-10,3505,26.18,28.3,No_Festival,7,No,No
Lassi (200ml),East,2022-10-17,2298,26.21,25.3,No_Festival,5,No,No
Lassi (200ml),East,2022-10-24,2328,26.5,27.8,No_Festival,5,No,No
Lassi (200ml),East,2022-10-31,2645,26.14,22.3,No_Festival,5,No,No
Lassi (200ml),East,2022-11-07,2433,26.25,21.2,No_Festival,5,No,No
Lassi (200ml),East,2022-11-14,1887,26.17,22.0,No_Festival,4,No,No
Lassi (200ml),East,2022-11-21,3999,26.26,22.1,No_Festival,7,No,No
Lassi (200ml),East,2022-11-28,2027,25.84,19.3,No_Festival,6,No,No
Lassi (200ml),East,2022-12-05,1501,25.99,15.7,No_Festival,5,No,No
Lassi (200ml),East,2022-12-12,1104,26.0,17.0,No_Festival,5,No,No
Lassi (200ml),East,2022-12-19,1284,26.11,17.6,Christmas,4,Yes,Yes
Lassi (200ml),East,2022-12-26,2145,26.26,17.8,No_Festival,7,No,No
Lassi (200ml),East,2023-01-02,1301,27.67,19.7,No_Festival,5,No,No
Lassi (200ml),East,2023-01-09,1465,27.24,18.1,Makar Sankranti,5,Yes,Yes
Lassi (200ml),East,2023-01-16,1289,27.53,18.4,No_Festival,5,No,No
Lassi (200ml),East,2023-01-23,2772,27.1,18.7,Republic Day,7,Yes,Yes
Lassi (200ml),East,2023-01-30,1967,27.5,19.8,No_Festival,7,No,No
Lassi (200ml),East,2023-02-06,1683,27.79,21.3,No_Festival,6,No,No
Lassi (200ml),East,2023-02-13,1729,27.83,20.9,No_Festival,6,No,No
Lassi (200ml),East,2023-02-20,1931,27.59,19.9,No_Festival,7,No,No
Lassi (200ml),East,2023-02-27,3096,27.56,24.7,No_Festival,6,No,No
Lassi (200ml),East,2023-03-06,4524,27.1,28.4,Holi,6,Yes,Yes
Lassi (200ml),East,2023-03-13,3862,27.34,26.1,No_Festival,5,No,No
Lassi (200ml),East,2023-03-20,4579,27.46,27.6,No_Festival,6,No,No
Lassi (200ml),East,2023-03-27,3283,27.34,29.4,No_Festival,5,No,No
Lassi (200ml),East,2023-04-03,3074,27.31,32.5,No_Festival,6,No,No
Lassi (200ml),East,2023-04-10,2248,27.67,31.4,Baisakhi,4,Yes,Yes
Lassi (200ml),East,2023-04-17,3614,27.56,31.3,No_Festival,5,No,Yes
Lassi (200ml),East,2023-04-24,4534,27.76,32.0,No_Festival,6,No,No
Lassi (200ml),East,2023-05-01,4467,27.69,34.2,No_Festival,6,No,No
Lassi (200ml),East,2023-05-08,4249,27.24,33.6,No_Festival,5,No,No
Lassi (200ml),East,2023-05-15,1453,27.64,35.4,No_Festival,3,No,No
Lassi (200ml),East,2023-05-22,4912,27.64,34.2,No_Festival,6,No,No
Lassi (200ml),East,2023-05-29,3374,27.42,32.5,No_Festival,6,No,No
Lassi (200ml),East,2023-06-05,5519,27.61,30.3,No_Festival,6,No,No
Lassi (200ml),East,2023-06-12,4676,27.47,31.9,No_Festival,6,No,No
Lassi (200ml),East,2023-06-19,5086,27.33,32.8,No_Festival,6,No,No
Lassi (200ml),East,2023-06-26,3641,27.26,32.1,No_Festival,5,No,Yes
Lassi (200ml),East,2023-07-03,3382,27.3,29.4,No_Festival,7,No,No
Lassi (200ml),East,2023-07-10,1374,27.33,30.6,No_Festival,3,No,No
Lassi (200ml),East,2023-07-17,2321,27.64,29.2,No_Festival,5,No,No
Lassi (200ml),East,2023-07-24,2801,27.14,28.8,No_Festival,5,No,No
Lassi (200ml),East,2023-07-31,2592,27.15,29.1,No_Festival,5,No,No
Lassi (200ml),East,2023-08-07,1511,27.44,31.0,No_Festival,4,No,No
Lassi (200ml),East,2023-08-14,2682,27.53,30.4,Independence Day,6,Yes,Yes
Lassi (200ml),East,2023-08-21,1520,27.79,29.6,No_Festival,4,No,No
Lassi (200ml),East,2023-08-28,3248,27.78,30.2,Raksha Bandhan,5,Yes,Yes
Lassi (200ml),East,2023-09-04,3295,27.51,28.6,Janmashtami,7,Yes,Yes
Lassi (200ml),East,2023-09-11,3196,27.72,27.2,No_Festival,6,No,No
Lassi (200ml),East,2023-09-18,2197,27.17,29.7,No_Festival,5,No,No
Lassi (200ml),East,2023-09-25,3237,27.43,28.0,No_Festival,6,No,No
Lassi (200ml),East,2023-10-02,1942,27.45,25.6,No_Festival,5,No,No
Lassi (200ml),East,2023-10-09,3108,27.57,26.8,No_Festival,7,No,No
Lassi (200ml),East,2023-10-16,2616,27.72,27.3,No_Festival,7,No,No
Lassi (200ml),East,2023-10-23,2370,27.83,26.5,No_Festival,6,No,No
Lassi (200ml),East,2023-10-30,3782,27.64,23.3,No_Festival,7,No,No
Lassi (200ml),East,2023-11-06,2698,28.09,23.6,No_Festival,5,No,No
Lassi (200ml),East,2023-11-13,3136,27.42,22.3,No_Festival,6,No,No
Lassi (200ml),East,2023-11-20,3173,27.61,21.4,No_Festival,6,No,No
Lassi (200ml),East,2023-11-27,2993,27.28,18.6,Guru Nanak Jayanti,7,Yes,Yes
Lassi (200ml),East,2023-12-04,1527,27.54,16.7,No_Festival,5,No,No
Lassi (200ml),East,2023-12-11,782,27.36,16.8,No_Festival,3,No,No
Lassi (200ml),East,2023-12-18,1876,27.35,16.0,No_Festival,7,No,No
Lassi (200ml),East,2023-12-25,1191,27.59,17.7,No_Festival,4,No,No
Lassi (200ml),North,2020-12-28,339,25.33,14.6,No_Festival,2,No,No
Lassi (200ml),North,2021-01-04,1453,25.06,14.6,No_Festival,5,No,No
Lassi (200ml),North,2021-01-11,1386,25.07,14.7,No_Festival,4,No,No
Lassi (200ml),North,2021-01-18,1600,25.23,14.1,No_Festival,6,No,No
Lassi (200ml),North,2021-01-25,1774,25.16,15.1,Republic Day,5,Yes,Yes
Lassi (200ml),North,2021-02-01,1177,24.97,17.3,No_Festival,5,No,No
Lassi (200ml),North,2021-02-08,1722,24.98,15.7,No_Festival,6,No,No
Lassi (200ml),North,2021-02-15,2128,24.98,17.1,No_Festival,6,No,No
Lassi (200ml),North,2021-02-22,1644,24.81,16.1,No_Festival,6,No,No
Lassi (200ml),North,2021-03-01,3444,25.01,24.0,No_Festival,5,No,No
Lassi (200ml),North,2021-03-08,2913,25.13,24.7,No_Festival,4,No,No
Lassi (200ml),North,2021-03-15,2161,24.93,22.4,No_Festival,3,No,No
Lassi (200ml),North,2021-03-22,3672,24.86,24.1,No_Festival,5,No,No
Lassi (200ml),North,2021-03-29,3353,25.14,30.0,No_Festival,5,No,No
Lassi (200ml),North,2021-04-05,3442,24.89,33.6,No_Festival,5,No,No
Lassi (200ml),North,2021-04-12,5504,24.76,31.8,Baisakhi,7,Yes,Yes
Lassi (200ml),North,2021-04-19,3478,24.83,32.1,No_Festival,5,No,No
Lassi (200ml),North,2021-04-26,2816,25.07,34.7,No_Festival,5,No,No
Lassi (200ml),North,2021-05-03,4584,24.97,38.4,No_Festival,6,No,No
Lassi (200ml),North,2021-05-10,3072,25.24,37.8,No_Festival,4,No,No
Lassi (200ml),North,2021-05-17,3764,25.22,38.7,No_Festival,7,No,No
Lassi (200ml),North,2021-05-24,1878,25.26,38.7,No_Festival,4,No,No
Lassi (200ml),North,2021-05-31,1169,25.23,39.4,No_Festival,2,No,No
Lassi (200ml),North,2021-06-07,4152,24.98,40.0,No_Festival,7,No,No
Lassi (200ml),North,2021-06-14,2611,24.46,40.6,No_Festival,3,No,No
Lassi (200ml),North,2021-06-21,979,24.96,40.5,No_Festival,2,No,No
Lassi (200ml),North,2021-06-28,4246,25.11,35.7,No_Festival,7,No,No
Lassi (200ml),North,2021-07-05,2823,25.24,36.3,No_Festival,6,No,No
Lassi (200ml),North,2021-07-12,2739,24.74,35.3,No_Festival,5,No,No
Lassi (200ml),North,2021-07-19,2358,25.04,36.9,No_Festival,6,No,No
Lassi (200ml),North,2021-07-26,3729,24.97,37.1,No_Festival,6,No,No
Lassi (200ml),North,2021-08-02,1997,24.4,32.0,No_Festival,5,No,No
Lassi (200ml),North,2021-08-09,2386,24.57,32.5,Independence Day,5,Yes,Yes
Lassi (200ml),North,2021-08-16,3132,25.26,33.4,Raksha Bandhan,6,Yes,Yes
Lassi (200ml),North,2021-08-23,2051,25.36,33.0,No_Festival,4,No,No
Lassi (200ml),North,2021-08-30,3979,24.7,32.4,Janmashtami,7,Yes,Yes
Lassi (200ml),North,2021-09-06,2723,24.88,32.1,No_Festival,6,No,No
Lassi (200ml),North,2021-09-13,2320,24.97,33.2,No_Festival,5,No,No
Lassi (200ml),North,2021-09-20,2082,25.17,33.3,No_Festival,5,No,No
Lassi (200ml),North,2021-09-27,3631,25.04,29.9,Gandhi Jayanti,7,Yes,Yes
Lassi (200ml),North,2021-10-04,2404,24.9,26.6,No_Festival,6,No,No
Lassi (200ml),North,2021-10-11,1742,24.86,26.4,Navratri,5,Yes,Yes
Lassi (200ml),North,2021-10-18,2338,24.99,27.0,No_Festival,6,No,No
Lassi (200ml),North,2021-10-25,3471,25.17,25.4,No_Festival,7,No,No
Lassi (200ml),North,2021-11-01,3813,24.93,18.9,Diwali,7,Yes,Yes
Lassi (200ml),North,2021-11-08,1260,25.11,18.3,No_Festival,3,No,No
Lassi (200ml),North,2021-11-15,2637,24.94,19.0,Guru Nanak Jayanti,5,Yes,Yes
Lassi (200ml),North,2021-11-22,1028,24.99,18.1,No_Festival,3,No,No
Lassi (200ml),North,2021-11-29,1319,25.51,15.8,No_Festival,4,No,No
Lassi (200ml),North,2021-12-06,1159,24.93,13.7,No_Festival,4,No,No
Lassi (200ml),North,2021-12-13,893,25.3,15.4,No_Festival,4,No,No
Lassi (200ml),North,2021-12-20,2137,25.1,15.0,Christmas,6,Yes,Yes
Lassi (200ml),North,2021-12-27,1619,25.61,14.3,No_Festival,5,No,No
Lassi (200ml),North,2022-01-03,1213,26.13,15.4,No_Festival,5,No,No
Lassi (200ml),North,2022-01-10,1000,25.96,13.2,No_Festival,5,No,No
Lassi (200ml),North,2022-01-17,1113,26.48,15.3,No_Festival,3,No,No
Lassi (200ml),North,2022-01-24,1959,26.36,15.6,Republic Day,6,Yes,Yes
Lassi (200ml),North,2022-01-31,1684,26.02,16.0,No_Festival,6,No,No
Lassi (200ml),North,2022-02-07,910,26.71,16.7,No_Festival,4,No,No
Lassi (200ml),North,2022-02-14,2163,26.5,17.9,No_Festival,7,No,No
Lassi (200ml),North,2022-02-21,1235,26.05,16.6,No_Festival,5,No,No
Lassi (200ml),North,2022-02-28,3538,26.42,24.2,No_Festival,6,No,No
Lassi (200ml),North,2022-03-07,4045,26.29,22.7,No_Festival,6,No,No
Lassi (200ml),North,2022-03-14,3266,26.44,24.5,Holi,5,Yes,Yes
Lassi (200ml),North,2022-03-21,2575,26.33,26.0,No_Festival,5,No,No
Lassi (200ml),North,2022-03-28,3658,26.23,27.1,No_Festival,5,No,No
Lassi (200ml),North,2022-04-04,5389,26.46,32.8,No_Festival,7,No,No
Lassi (200ml),North,2022-04-11,2510,26.4,30.8,No_Festival,5,No,No
Lassi (200ml),North,2022-04-18,4132,26.19,31.8,No_Festival,5,No,No
Lassi (200ml),North,2022-04-25,2326,26.02,33.4,No_Festival,3,No,No
Lassi (200ml),North,2022-05-02,3843,26.18,38.6,No_Festival,5,No,No
Lassi (200ml),North,2022-05-09,4224,26.26,37.0,No_Festival,7,No,No
Lassi (200ml),North,2022-05-16,5778,26.37,38.7,No_Festival,7,No,No
Lassi (200ml),North,2022-05-23,4926,26.28,37.6,No_Festival,6,No,No
Lassi (200ml),North,2022-05-30,3287,26.2,39.8,No_Festival,5,No,No
Lassi (200ml),North,2022-06-06,4651,25.96,39.4,No_Festival,7,No,No
Lassi (200ml),North,2022-06-13,3778,26.14,40.4,No_Festival,6,No,No
Lassi (200ml),North,2022-06-20,2433,26.3,39.3,No_Festival,4,No,No
Lassi (200ml),North,2022-06-27,4259,26.08,38.1,No_Festival,6,No,No
Lassi (200ml),North,2022-07-04,2064,26.43,34.9,No_Festival,5,No,No
Lassi (200ml),North,2022-07-11,1900,26.07,34.8,No_Festival,3,No,No
Lassi (200ml),North,2022-07-18,2883,26.13,35.4,No_Festival,5,No,No
Lassi (200ml),North,2022-07-25,1618,25.96,35.9,No_Festival,4,No,No
Lassi (200ml),North,2022-08-01,3253,26.12,35.6,No_Festival,7,No,No
Lassi (200ml),North,2022-08-08,2474,26.34,34.9,Raksha Bandhan,6,Yes,Yes
Lassi (200ml),North,2022-08-15,3239,26.59,33.7,"Independence Day, Janmashtami",7,Yes,Yes
Lassi (200ml),North,2022-08-22,2240,26.47,34.2,No_Festival,6,No,No
Lassi (200ml),North,2022-08-29,565,26.4,33.2,No_Festival,2,No,No
Lassi (200ml),North,2022-09-05,2356,26.23,32.1,No_Festival,5,No,No
Lassi (200ml),North,2022-09-12,1290,26.04,32.1,No_Festival,4,No,No
Lassi (200ml),North,2022-09-19,2148,26.04,31.2,No_Festival,4,No,No
Lassi (200ml),North,2022-09-26,2425,26.6,31.1,No_Festival,6,No,No
Lassi (200ml),North,2022-10-03,2707,26.81,27.0,No_Festival,6,No,No
Lassi (200ml),North,2022-10-10,2596,26.03,26.3,No_Festival,6,No,No
Lassi (200ml),North,2022-10-17,2289,26.1,25.5,No_Festival,6,No,No
Lassi (200ml),North,2022-10-24,4270,26.5,26.2,Diwali,7,Yes,Yes
Lassi (200ml),North,2022-10-31,2323,26.57,20.3,No_Festival,5,No,No
Lassi (200ml),North,2022-11-07,2848,26.29,19.7,Guru Nanak Jayanti,6,Yes,Yes
Lassi (200ml),North,2022-11-14,2114,26.52,17.6,No_Festival,4,No,No
Lassi (200ml),North,2022-11-21,2604,25.94,19.4,No_Festival,6,No,No
Lassi (200ml),North,2022-11-28,2419,26.38,16.6,No_Festival,7,No,No
Lassi (200ml),North,2022-12-05,1521,26.34,15.8,No_Festival,5,No,No
Lassi (200ml),North,2022-12-12,1402,26.42,14.6,No_Festival,4,No,No
Lassi (200ml),North,2022-12-19,1422,26.26,13.7,Christmas,5,Yes,Yes
Lassi (200ml),North,2022-12-26,1424,26.3,13.4,No_Festival,6,No,No
Lassi (200ml),North,2023-01-02,2012,27.45,14.6,No_Festival,7,No,No
Lassi (200ml),North,2023-01-09,1867,27.18,14.5,Makar Sankranti,6,Yes,Yes
Lassi (200ml),North,2023-01-16,1296,27.7,13.0,No_Festival,6,No,No
Lassi (200ml),North,2023-01-23,2145,27.88,14.1,Republic Day,6,Yes,Yes
Lassi (200ml),North,2023-01-30,1192,27.39,17.1,No_Festival,5,No,No
Lassi (200ml),North,2023-02-06,1745,27.57,15.7,No_Festival,6,No,No
Lassi (200ml),North,2023-02-13,1827,27.33,17.3,No_Festival,6,No,No
Lassi (200ml),North,2023-02-20,2112,27.63,17.2,No_Festival,7,No,No
Lassi (200ml),North,2023-02-27,3750,27.83,22.4,No_Festival,7,No,No
Lassi (200ml),North,2023-03-06,4501,27.24,24.4,Holi,5,Yes,Yes
Lassi (200ml),North,2023-03-13,3127,27.82,24.7,No_Festival,4,No,No
Lassi (200ml),North,2023-03-20,2950,27.43,22.9,No_Festival,5,No,No
Lassi (200ml),North,2023-03-27,5349,27.79,27.1,No_Festival,7,No,No
Lassi (200ml),North,2023-04-03,5225,27.78,32.1,No_Festival,7,No,No
Lassi (200ml),North,2023-04-10,4494,27.41,32.4,Baisakhi,6,Yes,Yes
Lassi (200ml),North,2023-04-17,4558,27.55,32.1,No_Festival,6,No,Yes
Lassi (200ml),North,2023-04-24,3141,27.52,32.3,No_Festival,6,No,No
Lassi (200ml),North,2023-05-01,3201,27.23,39.9,No_Festival,5,No,No
Lassi (200ml),North,2023-05-08,4988,27.32,37.5,No_Festival,6,No,No
Lassi (200ml),North,2023-05-15,4208,27.71,36.8,No_Festival,6,No,No
Lassi (200ml),North,2023-05-22,3303,27.52,38.1,No_Festival,6,No,No
Lassi (200ml),North,2023-05-29,4310,27.68,38.9,No_Festival,6,No,No
Lassi (200ml),North,2023-06-05,3999,27.71,39.1,No_Festival,5,No,No
Lassi (200ml),North,2023-06-12,3623,27.41,38.6,No_Festival,5,No,No
Lassi (200ml),North,2023-06-19,4488,27.76,41.0,No_Festival,5,No,No
Lassi (200ml),North,2023-06-26,3385,27.23,38.9,No_Festival,5,No,Yes
Lassi (200ml),North,2023-07-03,1551,27.38,36.7,No_Festival,4,No,No
Lassi (200ml),North,2023-07-10,2027,27.61,36.1,No_Festival,5,No,No
Lassi (200ml),North,2023-07-17,3311,27.64,35.4,No_Festival,7,No,No
Lassi (200ml),North,2023-07-24,3948,27.55,36.8,No_Festival,7,No,No
Lassi (200ml),North,2023-07-31,1554,27.72,35.7,No_Festival,4,No,No
Lassi (200ml),North,2023-08-07,3877,27.31,34.8,No_Festival,7,No,No
Lassi (200ml),North,2023-08-14,2545,27.39,33.6,Independence Day,5,Yes,Yes
Lassi (200ml),North,2023-08-21,2544,27.62,33.6,No_Festival,6,No,No
Lassi (200ml),North,2023-08-28,2743,27.69,31.7,Raksha Bandhan,6,Yes,Yes
Lassi (200ml),North,2023-09-04,2586,27.79,31.2,Janmashtami,5,Yes,Yes
Lassi (200ml),North,2023-09-11,2243,27.67,30.8,No_Festival,5,No,No
Lassi (200ml),North,2023-09-18,3453,27.81,31.6,No_Festival,6,No,No
Lassi (200ml),North,2023-09-25,3239,27.31,31.9,No_Festival,6,No,No
Lassi (200ml),North,2023-10-02,2932,27.2,25.3,Gandhi Jayanti,7,Yes,Yes
Lassi (200ml),North,2023-10-09,1595,27.68,25.2,No_Festival,4,No,No
Lassi (200ml),North,2023-10-16,1861,27.17,25.2,No_Festival,3,No,No
Lassi (200ml),North,2023-10-23,2009,27.37,26.3,No_Festival,5,No,No
Lassi (200ml),North,2023-10-30,4024,27.56,20.0,No_Festival,7,No,No
Lassi (200ml),North,2023-11-06,2098,27.26,18.3,Diwali,5,Yes,Yes
Lassi (200ml),North,2023-11-13,3464,27.61,18.7,No_Festival,7,No,No
Lassi (200ml),North,2023-11-20,2047,27.57,19.8,No_Festival,5,No,No
Lassi (200ml),North,2023-11-27,1538,27.69,17.1,Guru Nanak Jayanti,5,Yes,Yes
Lassi (200ml),North,2023-12-04,1478,27.41,15.1,No_Festival,5,No,No
Lassi (200ml),North,2023-12-11,1656,27.22,13.8,No_Festival,6,No,No
Lassi (200ml),North,2023-12-18,1890,27.43,14.1,No_Festival,7,No,No
Lassi (200ml),North,2023-12-25,2042,27.41,12.8,Christmas,6,Yes,Yes
Lassi (200ml),South,2020-12-28,672,24.72,26.9,No_Festival,3,No,No
Lassi (200ml),South,2021-01-04,1776,25.31,25.8,No_Festival,5,No,No
Lassi (200ml),South,2021-01-11,1004,24.78,25.3,No_Festival,3,No,No
Lassi (200ml),South,2021-01-18,1720,25.24,26.9,No_Festival,6,No,No
Lassi (200ml),South,2021-01-25,1707,24.89,24.1,No_Festival,5,No,No
Lassi (200ml),South,2021-02-01,1564,25.04,25.6,No_Festival,6,No,No
Lassi (200ml),South,2021-02-08,1077,25.1,26.8,No_Festival,4,No,No
Lassi (200ml),South,2021-02-15,1407,24.68,27.7,No_Festival,4,No,No
Lassi (200ml),South,2021-02-22,986,25.0,28.0,No_Festival,4,No,No
Lassi (200ml),South,2021-03-01,5079,24.67,30.5,No_Festival,6,No,No
Lassi (200ml),South,2021-03-08,5598,24.86,28.9,No_Festival,7,No,No
Lassi (200ml),South,2021-03-15,4615,25.04,29.7,No_Festival,7,No,No
Lassi (200ml),South,2021-03-22,4640,25.22,29.4,Holi,7,Yes,Yes
Lassi (200ml),South,2021-03-29,1532,24.95,32.4,No_Festival,3,No,No
Lassi (200ml),South,2021-04-05,3160,24.78,31.5,No_Festival,5,No,No
Lassi (200ml),South,2021-04-12,3957,24.71,31.9,No_Festival,5,No,No
Lassi (200ml),South,2021-04-19,3132,25.16,31.8,No_Festival,5,No,No
Lassi (200ml),South,2021-04-26,3402,25.0,33.2,No_Festival,4,No,No
Lassi (200ml),South,2021-05-03,4038,25.15,36.2,No_Festival,6,No,No
Lassi (200ml),South,2021-05-10,3766,25.14,34.0,No_Festival,5,No,No
Lassi (200ml),South,2021-05-17,4257,25.22,32.9,No_Festival,5,No,No
Lassi (200ml),South,2021-05-24,3181,25.02,35.2,No_Festival,5,No,No
Lassi (200ml),South,2021-05-31,3081,24.84,30.2,No_Festival,5,No,No
Lassi (200ml),South,2021-06-07,5484,24.91,30.2,No_Festival,7,No,No
Lassi (200ml),South,2021-06-14,3413,24.76,29.4,No_Festival,6,No,No
Lassi (200ml),South,2021-06-21,3395,25.37,30.1,No_Festival,7,No,No
Lassi (200ml),South,2021-06-28,2679,24.82,28.8,No_Festival,5,No,No
Lassi (200ml),South,2021-07-05,2451,24.88,28.3,No_Festival,5,No,No
Lassi (200ml),South,2021-07-12,2807,24.95,27.9,No_Festival,6,No,No
Lassi (200ml),South,2021-07-19,2619,25.2,26.9,No_Festival,6,No,Yes
Lassi (200ml),South,2021-07-26,3391,25.1,28.8,No_Festival,6,No,No
Lassi (200ml),South,2021-08-02,3674,25.08,27.4,No_Festival,7,No,No
Lassi (200ml),South,2021-08-09,2484,24.93,28.5,Independence Day,6,Yes,Yes
Lassi (200ml),South,2021-08-16,2355,25.09,27.2,Raksha Bandhan,5,Yes,Yes
Lassi (200ml),South,2021-08-23,1850,25.16,28.8,No_Festival,4,No,No
Lassi (200ml),South,2021-08-30,2646,25.01,29.6,Janmashtami,4,Yes,Yes
Lassi (200ml),South,2021-09-06,2820,25.04,27.5,No_Festival,6,No,No
Lassi (200ml),South,2021-09-13,1760,25.02,27.8,No_Festival,4,No,No
Lassi (200ml),South,2021-09-20,2309,25.08,28.6,No_Festival,4,No,No
Lassi (200ml),South,2021-09-27,2677,25.31,27.6,No_Festival,5,No,No
Lassi (200ml),South,2021-10-04,2298,25.0,28.9,No_Festival,6,No,No
Lassi (200ml),South,2021-10-11,1874,25.21,28.1,Navratri,4,Yes,Yes
Lassi (200ml),South,2021-10-18,2294,25.21,28.6,No_Festival,6,No,No
Lassi (200ml),South,2021-10-25,2005,24.75,28.0,No_Festival,4,No,No
Lassi (200ml),South,2021-11-01,3825,24.85,25.1,Diwali,6,Yes,Yes
Lassi (200ml),South,2021-11-08,2686,25.03,26.5,No_Festival,5,No,No
Lassi (200ml),South,2021-11-15,2279,24.95,25.7,Guru Nanak Jayanti,5,Yes,Yes
Lassi (200ml),South,2021-11-22,3446,24.97,24.7,No_Festival,7,No,No
Lassi (200ml),South,2021-11-29,1261,24.85,25.0,No_Festival,5,No,No
Lassi (200ml),South,2021-12-06,1244,25.07,23.8,No_Festival,4,No,No
Lassi (200ml),South,2021-12-13,1865,24.86,24.9,No_Festival,6,No,No
Lassi (200ml),South,2021-12-20,1536,25.1,24.8,Christmas,5,Yes,Yes
Lassi (200ml),South,2021-12-27,2299,25.14,25.6,No_Festival,7,No,No
Lassi (200ml),South,2022-01-03,551,26.61,26.2,No_Festival,3,No,No
Lassi (200ml),South,2022-01-10,1787,26.16,26.3,Makar Sankranti,7,Yes,Yes
Lassi (200ml),South,2022-01-17,1460,26.23,24.4,No_Festival,6,No,No
Lassi (200ml),South,2022-01-24,1064,26.3,26.5,No_Festival,5,No,No
Lassi (200ml),South,2022-01-31,1446,26.44,28.1,No_Festival,6,No,No
Lassi (200ml),South,2022-02-07,1644,26.48,25.6,No_Festival,6,No,No
Lassi (200ml),South,2022-02-14,1991,26.57,27.6,No_Festival,7,No,No
Lassi (200ml),South,2022-02-21,1156,26.2,26.8,No_Festival,4,No,No
Lassi (200ml),South,2022-02-28,4288,26.72,27.9,No_Festival,6,No,No
Lassi (200ml),South,2022-03-07,2259,26.28,30.2,No_Festival,3,No,No
Lassi (200ml),South,2022-03-14,4169,26.41,28.4,Holi,6,Yes,Yes
Lassi (200ml),South,2022-03-21,4229,25.91,28.4,No_Festival,6,No,No
Lassi (200ml),South,2022-03-28,3179,26.4,31.8,No_Festival,5,No,No
Lassi (200ml),South,2022-04-04,3349,26.76,31.4,No_Festival,5,No,No
Lassi (200ml),South,2022-04-11,4153,25.96,33.0,No_Festival,5,No,No
Lassi (200ml),South,2022-04-18,3170,25.89,33.7,No_Festival,5,No,No
Lassi (200ml),South,2022-04-25,1425,25.82,31.1,No_Festival,3,No,No
Lassi (200ml),South,2022-05-02,3939,25.77,35.8,No_Festival,5,No,Yes
Lassi (200ml),South,2022-05-09,4635,26.24,34.6,No_Festival,6,No,No
Lassi (200ml),South,2022-05-16,4938,26.09,33.7,No_Festival,7,No,No
Lassi (200ml),South,2022-05-23,4742,26.23,34.7,No_Festival,6,No,No
Lassi (200ml),South,2022-05-30,2135,26.06,30.0,No_Festival,3,No,No
Lassi (200ml),South,2022-06-06,3262,25.68,29.3,No_Festival,5,No,No
Lassi (200ml),South,2022-06-13,3199,26.16,29.5,No_Festival,5,No,No
Lassi (200ml),South,2022-06-20,2072,26.54,29.6,No_Festival,4,No,No
Lassi (200ml),South,2022-06-27,2645,26.43,30.4,No_Festival,4,No,No
Lassi (200ml),South,2022-07-04,2390,26.28,27.1,No_Festival,5,No,Yes
Lassi (200ml),South,2022-07-11,3366,26.08,29.9,No_Festival,6,No,No
Lassi (200ml),South,2022-07-18,959,25.88,27.7,No_Festival,3,No,No
Lassi (200ml),South,2022-07-25,2352,26.36,28.8,No_Festival,6,No,No
Lassi (200ml),South,2022-08-01,3433,25.98,27.8,No_Festival,6,No,No
Lassi (200ml),South,2022-08-08,2417,26.37,28.0,Raksha Bandhan,6,Yes,Yes
Lassi (200ml),South,2022-08-15,2850,25.71,27.5,No_Festival,5,No,No
Lassi (200ml),South,2022-08-22,2774,25.88,27.9,No_Festival,5,No,No
Lassi (200ml),South,2022-08-29,2551,26.19,28.4,No_Festival,5,No,No
Lassi (200ml),South,2022-09-05,2128,26.33,29.2,No_Festival,4,No,No
Lassi (200ml),South,2022-09-12,2807,26.25,27.6,No_Festival,6,No,No
Lassi (200ml),South,2022-09-19,1373,26.76,27.0,No_Festival,3,No,No
Lassi (200ml),South,2022-09-26,1514,26.02,27.9,Gandhi Jayanti,3,Yes,Yes
Lassi (200ml),South,2022-10-03,2884,26.42,29.9,No_Festival,5,No,No
Lassi (200ml),South,2022-10-10,1750,26.15,29.4,No_Festival,4,No,No
Lassi (200ml),South,2022-10-17,1366,26.11,26.6,No_Festival,4,No,No
Lassi (200ml),South,2022-10-24,2497,26.02,27.7,Diwali,5,Yes,Yes
Lassi (200ml),South,2022-10-31,2567,26.26,26.0,No_Festival,5,No,No
Lassi (200ml),South,2022-11-07,2774,26.55,25.9,Guru Nanak Jayanti,5,Yes,Yes
Lassi (200ml),South,2022-11-14,3705,26.23,25.1,No_Festival,7,No,No
Lassi (200ml),South,2022-11-21,2843,26.54,24.4,No_Festival,7,No,No
Lassi (200ml),South,2022-11-28,996,26.19,25.8,No_Festival,4,No,No
Lassi (200ml),South,2022-12-05,1990,26.66,24.5,No_Festival,6,No,No
Lassi (200ml),South,2022-12-12,1434,26.13,25.8,No_Festival,5,No,No
Lassi (200ml),South,2022-12-19,1353,26.59,25.5,Christmas,5,Yes,Yes
Lassi (200ml),South,2022-12-26,1580,26.51,25.6,No_Festival,6,No,No
Lassi (200ml),South,2023-01-02,719,28.09,27.3,No_Festival,3,No,No
Lassi (200ml),South,2023-01-09,1606,27.33,26.1,Makar Sankranti,5,Yes,Yes
Lassi (200ml),South,2023-01-16,1515,27.47,25.3,No_Festival,7,No,No
Lassi (200ml),South,2023-01-23,1756,27.36,25.8,Republic Day,5,Yes,Yes
Lassi (200ml),South,2023-01-30,968,27.76,25.8,No_Festival,3,No,No
Lassi (200ml),South,2023-02-06,684,27.27,26.4,No_Festival,3,No,No
Lassi (200ml),South,2023-02-13,2502,27.4,27.6,No_Festival,7,No,No
Lassi (200ml),South,2023-02-20,1804,27.77,26.9,No_Festival,5,No,No
Lassi (200ml),South,2023-02-27,3308,27.44,26.9,No_Festival,5,No,No
Lassi (200ml),South,2023-03-06,4387,27.13,29.6,No_Festival,6,No,No
Lassi (200ml),South,2023-03-13,3984,27.5,29.4,No_Festival,6,No,No
Lassi (200ml),South,2023-03-20,4812,27.38,28.9,No_Festival,7,No,No
Lassi (200ml),South,2023-03-27,4742,27.71,30.6,No_Festival,6,No,No
Lassi (200ml),South,2023-04-03,3879,27.51,32.3,No_Festival,5,No,No
Lassi (200ml),South,2023-04-10,2275,27.1,33.3,No_Festival,3,No,No
Lassi (200ml),South,2023-04-17,5525,27.22,32.8,No_Festival,6,No,Yes
Lassi (200ml),South,2023-04-24,3612,27.58,29.6,No_Festival,4,No,No
Lassi (200ml),South,2023-05-01,5519,27.7,34.1,No_Festival,6,No,No
Lassi (200ml),South,2023-05-08,3618,27.38,34.2,No_Festival,6,No,No
Lassi (200ml),South,2023-05-15,4322,27.32,34.6,No_Festival,6,No,No
Lassi (200ml),South,2023-05-22,4139,27.35,34.6,No_Festival,5,No,No
Lassi (200ml),South,2023-05-29,4627,27.89,32.0,No_Festival,5,No,No
Lassi (200ml),South,2023-06-05,4133,27.59,29.5,No_Festival,7,No,No
Lassi (200ml),South,2023-06-12,4165,27.32,30.5,No_Festival,6,No,No
Lassi (200ml),South,2023-06-19,3213,27.66,30.2,No_Festival,5,No,No
Lassi (200ml),South,2023-06-26,4214,27.42,29.4,No_Festival,6,No,Yes
Lassi (200ml),South,2023-07-03,1808,27.76,26.5,No_Festival,3,No,No
Lassi (200ml),South,2023-07-10,2020,27.76,26.8,No_Festival,5,No,No
Lassi (200ml),South,2023-07-17,3102,27.33,27.7,No_Festival,6,No,No
Lassi (200ml),South,2023-07-24,2997,27.76,27.2,No_Festival,6,No,No
Lassi (200ml),South,2023-07-31,2344,27.8,27.8,No_Festival,5,No,No
Lassi (200ml),South,2023-08-07,2243,27.7,28.3,No_Festival,5,No,No
Lassi (200ml),South,2023-08-14,2791,27.48,28.4,Independence Day,5,Yes,Yes
Lassi (200ml),South,2023-08-21,1620,27.42,28.8,No_Festival,3,No,No
Lassi (200ml),South,2023-08-28,1979,27.46,27.2,No_Festival,4,No,No
Lassi (200ml),South,2023-09-04,3537,27.3,28.5,Janmashtami,7,Yes,Yes
Lassi (200ml),South,2023-09-11,1902,27.41,28.8,No_Festival,4,No,No
Lassi (200ml),South,2023-09-18,2307,27.56,30.2,No_Festival,4,No,No
Lassi (200ml),South,2023-09-25,1468,27.31,28.9,No_Festival,3,No,No
Lassi (200ml),South,2023-10-02,1869,27.73,29.1,Gandhi Jayanti,3,Yes,Yes
Lassi (200ml),South,2023-10-09,2777,27.42,27.7,No_Festival,6,No,No
Lassi (200ml),South,2023-10-16,1697,27.47,28.6,No_Festival,5,No,No
Lassi (200ml),South,2023-10-23,3221,27.2,27.2,No_Festival,7,No,No
Lassi (200ml),South,2023-10-30,2671,27.53,27.6,No_Festival,6,No,No
Lassi (200ml),South,2023-11-06,2116,27.5,25.7,No_Festival,5,No,No
Lassi (200ml),South,2023-11-13,2162,27.46,27.4,No_Festival,6,No,No
Lassi (200ml),South,2023-11-20,2287,27.42,27.5,No_Festival,5,No,No
Lassi (200ml),South,2023-11-27,3453,27.29,24.6,Guru Nanak Jayanti,7,Yes,Yes
Lassi (200ml),South,2023-12-04,1730,27.51,26.3,No_Festival,6,No,No
Lassi (200ml),South,2023-12-11,1389,27.22,26.5,No_Festival,4,No,No
Lassi (200ml),South,2023-12-18,1369,27.24,26.0,No_Festival,5,No,No
Lassi (200ml),South,2023-12-25,2076,27.72,24.2,Christmas,6,Yes,Yes
Lassi (200ml),West,2020-12-28,322,24.9,22.5,No_Festival,2,No,No
Lassi (200ml),West,2021-01-04,1853,24.65,21.4,No_Festival,6,No,No
Lassi (200ml),West,2021-01-11,2447,24.94,23.0,Makar Sankranti,7,Yes,Yes
Lassi (200ml),West,2021-01-18,1592,25.15,22.4,No_Festival,6,No,No
Lassi (200ml),West,2021-01-25,2082,24.76,22.0,Republic Day,6,Yes,Yes
Lassi (200ml),West,2021-02-01,898,24.72,25.4,No_Festival,4,No,No
Lassi (200ml),West,2021-02-08,916,24.93,22.5,No_Festival,4,No,No
Lassi (200ml),West,2021-02-15,1826,25.07,23.8,No_Festival,6,No,No
Lassi (200ml),West,2021-02-22,1886,24.9,22.3,No_Festival,6,No,No
Lassi (200ml),West,2021-03-01,2459,24.78,27.8,No_Festival,4,No,No
Lassi (200ml),West,2021-03-08,5095,25.01,28.8,No_Festival,7,No,No
Lassi (200ml),West,2021-03-15,2599,24.71,27.2,No_Festival,4,No,No
Lassi (200ml),West,2021-03-22,5596,25.18,26.5,Holi,7,Yes,Yes
Lassi (200ml),West,2021-03-29,4619,24.84,29.8,No_Festival,6,No,No
Lassi (200ml),West,2021-04-05,4215,25.23,32.8,No_Festival,7,No,No
Lassi (200ml),West,2021-04-12,3647,24.88,29.2,No_Festival,5,No,No
Lassi (200ml),West,2021-04-19,2544,24.62,31.6,No_Festival,4,No,No
Lassi (200ml),West,2021-04-26,4740,25.14,33.7,No_Festival,6,No,No
Lassi (200ml),West,2021-05-03,3059,25.07,35.7,No_Festival,5,No,No
Lassi (200ml),West,2021-05-10,3383,25.14,35.3,No_Festival,4,No,Yes
Lassi (200ml),West,2021-05-17,3938,25.13,34.9,No_Festival,5,No,No
Lassi (200ml),West,2021-05-24,4085,24.63,36.2,No_Festival,5,No,No
Lassi (200ml),West,2021-05-31,3822,25.14,32.5,No_Festival,5,No,No
Lassi (200ml),West,2021-06-07,2416,25.02,30.6,No_Festival,4,No,No
Lassi (200ml),West,2021-06-14,4031,25.13,31.4,No_Festival,6,No,No
Lassi (200ml),West,2021-06-21,3450,25.2,31.3,No_Festival,6,No,No
Lassi (200ml),West,2021-06-28,2213,25.35,30.9,No_Festival,5,No,No
Lassi (200ml),West,2021-07-05,2587,24.99,28.8,No_Festival,6,No,No
Lassi (200ml),West,2021-07-12,1965,25.4,28.2,No_Festival,4,No,No
Lassi (200ml),West,2021-07-19,2726,25.0,28.6,No_Festival,6,No,Yes
Lassi (200ml),West,2021-07-26,2925,24.87,29.7,No_Festival,6,No,No
Lassi (200ml),West,2021-08-02,2977,24.81,28.5,No_Festival,7,No,No
Lassi (200ml),West,2021-08-09,2080,24.89,27.4,Independence Day,5,Yes,Yes
Lassi (200ml),West,2021-08-16,2290,24.7,28.6,Raksha Bandhan,5,Yes,Yes
Lassi (200ml),West,2021-08-23,2997,25.12,28.3,No_Festival,7,No,No
Lassi (200ml),West,2021-08-30,1599,25.09,28.9,No_Festival,5,No,No
Lassi (200ml),West,2021-09-06,1714,24.85,29.0,No_Festival,4,No,No
Lassi (200ml),West,2021-09-13,1859,25.03,29.4,No_Festival,5,No,No
Lassi (200ml),West,2021-09-20,2393,24.96,27.8,No_Festival,6,No,No
Lassi (200ml),West,2021-09-27,3175,24.69,29.6,Gandhi Jayanti,6,Yes,Yes
Lassi (200ml),West,2021-10-04,2295,24.85,29.0,No_Festival,5,No,No
Lassi (200ml),West,2021-10-11,1716,24.64,30.0,No_Festival,4,No,No
Lassi (200ml),West,2021-10-18,3060,24.74,31.9,No_Festival,6,No,No
Lassi (200ml),West,2021-10-25,2776,25.11,30.0,No_Festival,6,No,No
Lassi (200ml),West,2021-11-01,2870,25.21,25.8,Diwali,6,Yes,Yes
Lassi (200ml),West,2021-11-08,2818,24.91,26.6,No_Festival,6,No,No
Lassi (200ml),West,2021-11-15,1668,25.67,24.7,No_Festival,3,No,No
Lassi (200ml),West,2021-11-22,2632,25.13,25.0,No_Festival,7,No,No
Lassi (200ml),West,2021-11-29,990,25.11,22.4,No_Festival,4,No,No
Lassi (200ml),West,2021-12-06,2212,24.95,21.7,No_Festival,7,No,No
Lassi (200ml),West,2021-12-13,1128,24.79,21.1,No_Festival,4,No,No
Lassi (200ml),West,2021-12-20,1612,25.14,22.6,Christmas,6,Yes,Yes
Lassi (200ml),West,2021-12-27,1736,25.33,22.1,No_Festival,6,No,No
Lassi (200ml),West,2022-01-03,1624,26.26,21.0,No_Festival,5,No,No
Lassi (200ml),West,2022-01-10,1650,26.51,23.0,Makar Sankranti,6,Yes,Yes
Lassi (200ml),West,2022-01-17,1375,26.22,22.7,No_Festival,5,No,No
Lassi (200ml),West,2022-01-24,1742,26.27,22.7,Republic Day,5,Yes,Yes
Lassi (200ml),West,2022-01-31,1167,26.28,23.9,No_Festival,5,No,No
Lassi (200ml),West,2022-02-07,1904,26.42,24.6,No_Festival,7,No,No
Lassi (200ml),West,2022-02-14,1501,26.23,23.3,No_Festival,6,No,No
Lassi (200ml),West,2022-02-21,1141,26.6,25.3,No_Festival,4,No,No
Lassi (200ml),West,2022-02-28,3773,26.07,27.1,No_Festival,6,No,No
Lassi (200ml),West,2022-03-07,3705,26.37,27.8,No_Festival,5,No,No
Lassi (200ml),West,2022-03-14,4435,26.11,27.6,Holi,6,Yes,Yes
Lassi (200ml),West,2022-03-21,3030,26.39,27.2,No_Festival,6,No,No
Lassi (200ml),West,2022-03-28,3038,26.0,30.4,No_Festival,5,No,No
Lassi (200ml),West,2022-04-04,2725,26.1,32.9,No_Festival,4,No,No
Lassi (200ml),West,2022-04-11,4740,26.27,31.1,Baisakhi,7,Yes,Yes
Lassi (200ml),West,2022-04-18,3049,26.35,32.3,No_Festival,5,No,No
Lassi (200ml),West,2022-04-25,3561,26.45,32.0,No_Festival,5,No,No
Lassi (200ml),West,2022-05-02,1888,26.34,35.2,No_Festival,3,No,No
Lassi (200ml),West,2022-05-09,3974,26.19,37.5,No_Festival,6,No,No
Lassi (200ml),West,2022-05-16,3664,26.22,37.2,No_Festival,6,No,No
Lassi (200ml),West,2022-05-23,3731,26.4,35.4,No_Festival,5,No,No
Lassi (200ml),West,2022-05-30,5854,26.24,33.1,No_Festival,7,No,No
Lassi (200ml),West,2022-06-06,4485,26.22,32.3,No_Festival,6,No,No
Lassi (200ml),West,2022-06-13,3317,26.03,32.2,No_Festival,5,No,No
Lassi (200ml),West,2022-06-20,2444,26.29,32.0,No_Festival,3,No,No
Lassi (200ml),West,2022-06-27,3304,26.28,30.1,No_Festival,6,No,No
Lassi (200ml),West,2022-07-04,2606,26.23,28.4,No_Festival,6,No,Yes
Lassi (200ml),West,2022-07-11,2175,26.33,27.3,No_Festival,5,No,No
Lassi (200ml),West,2022-07-18,2840,26.4,29.0,No_Festival,7,No,No
Lassi (200ml),West,2022-07-25,3793,26.14,28.4,No_Festival,7,No,No
Lassi (200ml),West,2022-08-01,2506,26.31,28.4,No_Festival,5,No,No
Lassi (200ml),West,2022-08-08,3711,26.05,28.0,Raksha Bandhan,6,Yes,Yes
Lassi (200ml),West,2022-08-15,2056,25.86,26.6,Janmashtami,4,Yes,Yes
Lassi (200ml),West,2022-08-22,1973,26.26,27.0,No_Festival,4,No,No
Lassi (200ml),West,2022-08-29,1389,26.56,28.7,No_Festival,3,No,No
Lassi (200ml),West,2022-09-05,2087,26.29,27.9,No_Festival,5,No,No
Lassi (200ml),West,2022-09-12,3519,26.13,29.4,No_Festival,7,No,No
Lassi (200ml),West,2022-09-19,3102,26.09,29.7,No_Festival,6,No,No
Lassi (200ml),West,2022-09-26,1440,26.0,28.8,No_Festival,4,No,No
Lassi (200ml),West,2022-10-03,2972,26.49,30.8,No_Festival,5,No,No
Lassi (200ml),West,2022-10-10,3558,26.23,31.1,No_Festival,7,No,No
Lassi (200ml),West,2022-10-17,1277,25.85,29.0,No_Festival,5,No,No
Lassi (200ml),West,2022-10-24,2824,26.45,30.2,Diwali,6,Yes,Yes
Lassi (200ml),West,2022-10-31,1605,26.27,28.2,No_Festival,4,No,No
Lassi (200ml),West,2022-11-07,1852,25.92,25.7,No_Festival,5,No,No
Lassi (200ml),West,2022-11-14,2723,26.61,27.1,No_Festival,5,No,No
Lassi (200ml),West,2022-11-21,2412,25.98,26.1,No_Festival,5,No,No
Lassi (200ml),West,2022-11-28,1249,26.03,24.3,No_Festival,4,No,No
Lassi (200ml),West,2022-12-05,2276,26.17,22.8,No_Festival,7,No,No
Lassi (200ml),West,2022-12-12,1834,26.06,20.4,No_Festival,6,No,No
Lassi (200ml),West,2022-12-19,730,26.25,24.4,No_Festival,2,No,No
Lassi (200ml),West,2022-12-26,1077,26.6,22.6,No_Festival,4,No,No
Lassi (200ml),West,2023-01-02,1683,27.33,22.6,No_Festival,6,No,No
Lassi (200ml),West,2023-01-09,1182,27.6,23.2,No_Festival,4,No,No
Lassi (200ml),West,2023-01-16,1561,27.29,22.7,No_Festival,6,No,No
Lassi (200ml),West,2023-01-23,1691,27.75,22.7,Republic Day,5,Yes,Yes
Lassi (200ml),West,2023-01-30,1554,27.52,23.3,No_Festival,5,No,No
Lassi (200ml),West,2023-02-06,1964,27.6,22.8,No_Festival,7,No,No
Lassi (200ml),West,2023-02-13,1782,27.37,25.5,No_Festival,7,No,No
Lassi (200ml),West,2023-02-20,2019,27.19,25.1,No_Festival,6,No,No
Lassi (200ml),West,2023-02-27,4287,27.62,26.9,No_Festival,7,No,No
Lassi (200ml),West,2023-03-06,4627,27.58,28.7,Holi,6,Yes,Yes
Lassi (200ml),West,2023-03-13,2981,27.5,27.4,No_Festival,5,No,No
Lassi (200ml),West,2023-03-20,3240,27.18,27.9,No_Festival,6,No,No
Lassi (200ml),West,2023-03-27,3549,27.52,27.6,No_Festival,6,No,No
Lassi (200ml),West,2023-04-03,3376,27.57,33.1,No_Festival,5,No,No
Lassi (200ml),West,2023-04-10,5055,27.61,31.1,Baisakhi,7,Yes,Yes
Lassi (200ml),West,2023-04-17,3943,27.16,32.1,No_Festival,6,No,Yes
Lassi (200ml),West,2023-04-24,3632,27.22,32.9,No_Festival,5,No,No
Lassi (200ml),West,2023-05-01,5435,27.64,35.7,No_Festival,7,No,No
Lassi (200ml),West,2023-05-08,4460,27.53,36.2,No_Festival,7,No,No
Lassi (200ml),West,2023-05-15,1511,27.37,36.7,No_Festival,3,No,No
Lassi (200ml),West,2023-05-22,3040,27.21,37.3,No_Festival,5,No,No
Lassi (200ml),West,2023-05-29,3619,27.25,32.2,No_Festival,6,No,No
Lassi (200ml),West,2023-06-05,5275,27.25,31.5,No_Festival,7,No,No
Lassi (200ml),West,2023-06-12,2916,27.18,31.9,No_Festival,4,No,No
Lassi (200ml),West,2023-06-19,5166,27.53,32.9,No_Festival,6,No,No
Lassi (200ml),West,2023-06-26,4052,27.85,31.9,No_Festival,6,No,Yes
Lassi (200ml),West,2023-07-03,862,27.27,31.4,No_Festival,2,No,No
Lassi (200ml),West,2023-07-10,3199,27.38,28.2,No_Festival,6,No,No
Lassi (200ml),West,2023-07-17,2145,27.4,29.3,No_Festival,5,No,No
Lassi (200ml),West,2023-07-24,3365,27.34,28.8,No_Festival,7,No,No
Lassi (200ml),West,2023-07-31,1483,27.33,27.8,No_Festival,4,No,No
Lassi (200ml),West,2023-08-07,2692,27.49,30.0,No_Festival,6,No,No
Lassi (200ml),West,2023-08-14,2528,27.42,28.8,Independence Day,4,Yes,Yes
Lassi (200ml),West,2023-08-21,2498,27.39,28.0,No_Festival,5,No,No
Lassi (200ml),West,2023-08-28,2757,27.4,29.1,Raksha Bandhan,5,Yes,Yes
Lassi (200ml),West,2023-09-04,2982,27.33,27.8,No_Festival,6,No,No
Lassi (200ml),West,2023-09-11,3117,27.64,27.9,No_Festival,6,No,No
Lassi (200ml),West,2023-09-18,1860,27.52,27.9,No_Festival,5,No,No
Lassi (200ml),West,2023-09-25,2954,27.15,29.9,No_Festival,7,No,No
Lassi (200ml),West,2023-10-02,2843,27.51,31.4,Gandhi Jayanti,5,Yes,Yes
Lassi (200ml),West,2023-10-09,830,27.17,32.2,No_Festival,2,No,No
Lassi (200ml),West,2023-10-16,2555,27.39,28.9,No_Festival,5,No,No
Lassi (200ml),West,2023-10-23,2296,27.22,32.4,No_Festival,5,No,No
Lassi (200ml),West,2023-10-30,3042,27.43,26.9,No_Festival,6,No,No
Lassi (200ml),West,2023-11-06,1447,27.48,26.4,No_Festival,4,No,No
Lassi (200ml),West,2023-11-13,2691,27.75,26.3,No_Festival,6,No,No
Lassi (200ml),West,2023-11-20,1844,27.42,24.9,No_Festival,5,No,No
Lassi (200ml),West,2023-11-27,2610,27.32,24.6,Guru Nanak Jayanti,5,Yes,Yes
Lassi (200ml),West,2023-12-04,1673,27.62,21.7,No_Festival,6,No,No
Lassi (200ml),West,2023-12-11,1153,27.28,22.4,No_Festival,4,No,No
Lassi (200ml),West,2023-12-18,1059,27.43,22.3,No_Festival,5,No,No
Lassi (200ml),West,2023-12-25,1776,27.82,21.7,Christmas,6,Yes,Yes
Paneer (200g),Central,2020-12-28,1254,88.82,17.4,No_Festival,2,No,No
Paneer (200g),Central,2021-01-04,2817,89.69,17.7,No_Festival,6,No,No
Paneer (200g),Central,2021-01-11,2922,90.75,18.6,Makar Sankranti,7,Yes,Yes
Paneer (200g),Central,2021-01-18,1731,89.7,18.8,No_Festival,5,No,No
Paneer (200g),Central,2021-01-25,2435,90.24,16.6,No_Festival,6,No,No
Paneer (200g),Central,2021-02-01,2085,89.49,19.8,No_Festival,5,No,No
Paneer (200g),Central,2021-02-08,2009,90.1,22.3,No_Festival,6,No,No
Paneer (200g),Central,2021-02-15,2097,88.5,22.2,No_Festival,4,No,No
Paneer (200g),Central,2021-02-22,1787,90.02,19.3,No_Festival,5,No,No
Paneer (200g),Central,2021-03-01,1924,89.3,26.6,No_Festival,5,No,No
Paneer (200g),Central,2021-03-08,1535,89.03,26.5,No_Festival,4,No,No
Paneer (200g),Central,2021-03-15,514,90.37,29.2,No_Festival,2,No,No
Paneer (200g),Central,2021-03-22,2877,89.16,26.9,Holi,6,Yes,Yes
Paneer (200g),Central,2021-03-29,2026,90.1,29.5,No_Festival,5,No,No
Paneer (200g),Central,2021-04-05,2165,88.71,31.6,No_Festival,7,No,No
Paneer (200g),Central,2021-04-12,1531,89.22,33.9,No_Festival,3,No,No
Paneer (200g),Central,2021-04-19,2478,90.53,33.4,No_Festival,5,No,No
Paneer (200g),Central,2021-04-26,1678,89.89,34.1,No_Festival,6,No,No
Paneer (200g),Central,2021-05-03,1749,90.49,38.2,No_Festival,5,No,No
Paneer (200g),Central,2021-05-10,2644,89.03,37.5,No_Festival,5,No,No
Paneer (200g),Central,2021-05-17,1808,89.31,39.0,No_Festival,5,No,No
Paneer (200g),Central,2021-05-24,2023,88.75,37.5,No_Festival,5,No,No
Paneer (200g),Central,2021-05-31,1616,90.82,35.6,No_Festival,4,No,No
Paneer (200g),Central,2021-06-07,3170,90.36,36.3,No_Festival,6,No,No
Paneer (200g),Central,2021-06-14,2128,90.22,36.3,No_Festival,5,No,No
Paneer (200g),Central,2021-06-21,2896,90.31,36.8,No_Festival,7,No,No
Paneer (200g),Central,2021-06-28,3377,91.04,32.9,No_Festival,7,No,No
Paneer (200g),Central,2021-07-05,1590,88.74,30.3,No_Festival,5,No,No
Paneer (200g),Central,2021-07-12,1701,89.34,31.0,No_Festival,5,No,No
Paneer (200g),Central,2021-07-19,1867,89.98,31.0,No_Festival,5,No,Yes
Paneer (200g),Central,2021-07-26,1109,91.48,32.1,No_Festival,4,No,No
Paneer (200g),Central,2021-08-02,3220,88.86,29.5,No_Festival,7,No,No
Paneer (200g),Central,2021-08-09,2352,90.08,28.9,Independence Day,5,Yes,Yes
Paneer (200g),Central,2021-08-16,1196,89.49,30.3,No_Festival,3,No,No
Paneer (200g),Central,2021-08-23,1822,88.96,30.6,No_Festival,5,No,No
Paneer (200g),Central,2021-08-30,2048,89.62,29.1,No_Festival,5,No,No
Paneer (200g),Central,2021-09-06,2843,90.71,30.2,No_Festival,6,No,No
Paneer (200g),Central,2021-09-13,1880,89.81,29.9,No_Festival,4,No,No
Paneer (200g),Central,2021-09-20,2536,89.26,29.9,No_Festival,6,No,No
Paneer (200g),Central,2021-09-27,2358,89.83,29.2,No_Festival,4,No,No
Paneer (200g),Central,2021-10-04,3599,89.78,28.0,No_Festival,6,No,No
Paneer (200g),Central,2021-10-11,3887,89.32,28.4,Navratri,6,Yes,Yes
Paneer (200g),Central,2021-10-18,3401,90.26,28.0,No_Festival,6,No,No
Paneer (200g),Central,2021-10-25,2315,90.73,26.2,No_Festival,4,No,No
Paneer (200g),Central,2021-11-01,4452,90.09,23.0,Diwali,6,Yes,Yes
Paneer (200g),Central,2021-11-08,828,90.65,23.6,No_Festival,2,No,No
Paneer (200g),Central,2021-11-15,3483,89.28,22.5,Guru Nanak Jayanti,5,Yes,Yes
Paneer (200g),Central,2021-11-22,2779,91.42,23.0,No_Festival,4,No,No
Paneer (200g),Central,2021-11-29,4237,90.24,17.4,No_Festival,5,No,No
Paneer (200g),Central,2021-12-06,3716,89.01,19.7,No_Festival,7,No,No
Paneer (200g),Central,2021-12-13,2960,89.74,18.7,No_Festival,5,No,No
Paneer (200g),Central,2021-12-20,3343,89.84,17.4,Christmas,5,Yes,Yes
Paneer (200g),Central,2021-12-27,3337,91.28,17.4,No_Festival,5,No,No
Paneer (200g),Central,2022-01-03,1462,94.17,19.3,No_Festival,5,No,No
Paneer (200g),Central,2022-01-10,933,94.43,16.6,No_Festival,2,No,No
Paneer (200g),Central,2022-01-17,1996,95.36,17.1,No_Festival,5,No,No
Paneer (200g),Central,2022-01-24,3121,94.84,17.3,Republic Day,6,Yes,Yes
Paneer (200g),Central,2022-01-31,2704,95.67,18.7,No_Festival,5,No,No
Paneer (200g),Central,2022-02-07,3485,95.3,22.8,No_Festival,6,No,No
Paneer (200g),Central,2022-02-14,2373,94.2,21.2,No_Festival,5,No,No
Paneer (200g),Central,2022-02-21,2058,93.99,20.7,No_Festival,6,No,No
Paneer (200g),Central,2022-02-28,365,94.85,26.4,No_Festival,1,No,No
Paneer (200g),Central,2022-03-07,1754,95.31,27.1,No_Festival,4,No,No
Paneer (200g),Central,2022-03-14,2669,93.8,27.2,Holi,6,Yes,Yes
Paneer (200g),Central,2022-03-21,1719,93.52,28.4,No_Festival,4,No,No
Paneer (200g),Central,2022-03-28,2442,93.73,29.5,No_Festival,7,No,No
Paneer (200g),Central,2022-04-04,2196,94.19,34.5,No_Festival,7,No,No
Paneer (200g),Central,2022-04-11,913,93.9,30.4,Baisakhi,3,Yes,Yes
Paneer (200g),Central,2022-04-18,1485,93.99,30.4,No_Festival,4,No,No
Paneer (200g),Central,2022-04-25,2737,95.59,33.3,No_Festival,7,No,No
Paneer (200g),Central,2022-05-02,1548,94.82,40.2,No_Festival,5,No,Yes
Paneer (200g),Central,2022-05-09,1850,94.79,39.0,No_Festival,5,No,No
Paneer (200g),Central,2022-05-16,2044,96.09,37.6,No_Festival,5,No,No
Paneer (200g),Central,2022-05-23,572,95.98,38.3,No_Festival,2,No,No
Paneer (200g),Central,2022-05-30,1886,94.17,36.5,No_Festival,5,No,No
Paneer (200g),Central,2022-06-06,1656,94.18,35.3,No_Festival,5,No,No
Paneer (200g),Central,2022-06-13,2093,93.88,35.9,No_Festival,6,No,No
Paneer (200g),Central,2022-06-20,1897,94.29,35.4,No_Festival,6,No,No
Paneer (200g),Central,2022-06-27,2960,93.62,35.6,No_Festival,7,No,No
Paneer (200g),Central,2022-07-04,1739,95.78,31.1,No_Festival,3,No,No
Paneer (200g),Central,2022-07-11,1990,95.68,30.6,No_Festival,5,No,No
Paneer (200g),Central,2022-07-18,2854,94.85,30.3,No_Festival,6,No,No
Paneer (200g),Central,2022-07-25,2144,94.48,31.4,No_Festival,6,No,No
Paneer (200g),Central,2022-08-01,1311,93.47,28.8,No_Festival,4,No,No
Paneer (200g),Central,2022-08-08,2922,93.77,31.1,Raksha Bandhan,7,Yes,Yes
Paneer (200g),Central,2022-08-15,2350,95.05,31.3,"Independence Day, Janmashtami",5,Yes,Yes
Paneer (200g),Central,2022-08-22,2261,94.7,31.0,No_Festival,5,No,No
Paneer (200g),Central,2022-08-29,1911,93.87,30.6,No_Festival,6,No,No
Paneer (200g),Central,2022-09-05,1639,94.02,30.1,No_Festival,4,No,No
Paneer (200g),Central,2022-09-12,1450,96.22,31.3,No_Festival,4,No,No
Paneer (200g),Central,2022-09-19,2893,94.29,31.1,No_Festival,7,No,No
Paneer (200g),Central,2022-09-26,2364,94.27,27.5,Gandhi Jayanti,4,Yes,Yes
Paneer (200g),Central,2022-10-03,3092,94.1,29.8,No_Festival,5,No,No
Paneer (200g),Central,2022-10-10,1787,95.12,30.1,No_Festival,3,No,No
Paneer (200g),Central,2022-10-17,2576,94.6,25.8,No_Festival,5,No,No
Paneer (200g),Central,2022-10-24,3266,95.06,28.8,Diwali,4,Yes,Yes
Paneer (200g),Central,2022-10-31,3190,93.95,23.8,No_Festival,6,No,No
Paneer (200g),Central,2022-11-07,2386,94.62,22.0,No_Festival,4,No,No
Paneer (200g),Central,2022-11-14,3862,95.25,21.8,No_Festival,7,No,No
Paneer (200g),Central,2022-11-21,2785,95.29,22.9,No_Festival,6,No,No
Paneer (200g),Central,2022-11-28,2942,93.57,20.7,No_Festival,5,No,No
Paneer (200g),Central,2022-12-05,1400,94.6,18.8,No_Festival,3,No,No
Paneer (200g),Central,2022-12-12,2439,94.47,18.8,No_Festival,4,No,No
Paneer (200g),Central,2022-12-19,4268,94.32,17.3,Christmas,6,Yes,Yes
Paneer (200g),Central,2022-12-26,3336,95.54,18.6,No_Festival,6,No,No
Paneer (200g),Central,2023-01-02,2855,100.0,17.8,No_Festival,7,No,No
Paneer (200g),Central,2023-01-09,2135,98.71,18.8,Makar Sankranti,4,Yes,Yes
Paneer (200g),Central,2023-01-16,1859,97.92,19.0,No_Festival,5,No,No
Paneer (200g),Central,2023-01-23,2263,99.94,17.3,No_Festival,6,No,No
Paneer (200g),Central,2023-01-30,1817,98.74,20.9,No_Festival,4,No,No
Paneer (200g),Central,2023-02-06,2516,99.4,22.6,No_Festival,6,No,No
Paneer (200g),Central,2023-02-13,2558,98.28,22.3,No_Festival,7,No,No
Paneer (200g),Central,2023-02-20,2019,98.67,19.9,No_Festival,5,No,No
Paneer (200g),Central,2023-02-27,2789,98.62,25.8,No_Festival,6,No,No
Paneer (200g),Central,2023-03-06,2485,98.04,27.6,Holi,6,Yes,Yes
Paneer (200g),Central,2023-03-13,1866,99.84,26.2,No_Festival,5,No,No
Paneer (200g),Central,2023-03-20,1468,98.63,29.1,No_Festival,3,No,No
Paneer (200g),Central,2023-03-27,1943,99.68,28.9,No_Festival,5,No,No
Paneer (200g),Central,2023-04-03,2436,99.81,32.3,No_Festival,6,No,No
Paneer (200g),Central,2023-04-10,2221,98.06,32.7,Baisakhi,7,Yes,Yes
Paneer (200g),Central,2023-04-17,2289,99.48,34.3,No_Festival,5,No,Yes
Paneer (200g),Central,2023-04-24,2597,99.5,34.0,No_Festival,6,No,No
Paneer (200g),Central,2023-05-01,3252,99.6,37.6,No_Festival,6,No,No
Paneer (200g),Central,2023-05-08,1651,99.52,39.0,No_Festival,5,No,No
Paneer (200g),Central,2023-05-15,2994,98.56,37.5,No_Festival,6,No,No
Paneer (200g),Central,2023-05-22,319,99.8,39.8,No_Festival,1,No,No
Paneer (200g),Central,2023-05-29,2319,99.87,36.4,No_Festival,6,No,No
Paneer (200g),Central,2023-06-05,2535,99.23,36.0,No_Festival,5,No,No
Paneer (200g),Central,2023-06-12,2365,100.04,37.6,No_Festival,6,No,No
Paneer (200g),Central,2023-06-19,2742,99.0,36.8,No_Festival,7,No,No
Paneer (200g),Central,2023-06-26,2892,99.29,35.1,No_Festival,6,No,Yes
Paneer (200g),Central,2023-07-03,2425,99.85,30.5,No_Festival,5,No,No
Paneer (200g),Central,2023-07-10,2005,98.72,31.9,No_Festival,5,No,No
Paneer (200g),Central,2023-07-17,1767,99.07,31.8,No_Festival,4,No,No
Paneer (200g),Central,2023-07-24,1921,99.02,30.9,No_Festival,5,No,No
Paneer (200g),Central,2023-07-31,2697,99.37,29.8,No_Festival,7,No,No
Paneer (200g),Central,2023-08-07,2788,97.85,29.3,No_Festival,7,No,No
Paneer (200g),Central,2023-08-14,1934,98.52,30.0,Independence Day,4,Yes,Yes
Paneer (200g),Central,2023-08-21,2746,99.67,30.0,No_Festival,7,No,No
Paneer (200g),Central,2023-08-28,3008,98.59,30.8,Raksha Bandhan,7,Yes,Yes
Paneer (200g),Central,2023-09-04,2284,98.32,29.8,Janmashtami,5,Yes,Yes
Paneer (200g),Central,2023-09-11,656,97.93,30.3,No_Festival,3,No,No
Paneer (200g),Central,2023-09-18,3051,99.48,30.6,No_Festival,7,No,No
Paneer (200g),Central,2023-09-25,2408,98.83,30.7,No_Festival,6,No,No
Paneer (200g),Central,2023-10-02,2007,99.23,27.8,No_Festival,5,No,No
Paneer (200g),Central,2023-10-09,3123,98.73,28.2,No_Festival,5,No,No
Paneer (200g),Central,2023-10-16,2292,98.03,27.7,No_Festival,5,No,No
Paneer (200g),Central,2023-10-23,3493,99.33,27.2,No_Festival,6,No,No
Paneer (200g),Central,2023-10-30,861,100.73,25.5,No_Festival,1,No,No
Paneer (200g),Central,2023-11-06,2210,99.13,21.0,No_Festival,4,No,No
Paneer (200g),Central,2023-11-13,3676,97.22,23.3,No_Festival,6,No,No
Paneer (200g),Central,2023-11-20,1778,99.38,21.4,No_Festival,4,No,No
Paneer (200g),Central,2023-11-27,4288,99.13,20.3,Guru Nanak Jayanti,6,Yes,Yes
Paneer (200g),Central,2023-12-04,1575,99.74,17.5,No_Festival,4,No,No
Paneer (200g),Central,2023-12-11,3395,97.98,19.3,No_Festival,6,No,No
Paneer (200g),Central,2023-12-18,2981,98.93,19.1,No_Festival,5,No,No
Paneer (200g),Central,2023-12-25,3787,99.71,18.8,Christmas,6,Yes,Yes
Paneer (200g),East,2020-12-28,1140,89.63,17.6,No_Festival,3,No,No
Paneer (200g),East,2021-01-04,2110,90.78,18.4,No_Festival,5,No,No
Paneer (200g),East,2021-01-11,2360,91.07,19.0,Makar Sankranti,6,Yes,Yes
Paneer (200g),East,2021-01-18,1929,89.57,17.6,No_Festival,5,No,No
Paneer (200g),East,2021-01-25,2386,89.4,18.8,Republic Day,6,Yes,Yes
Paneer (200g),East,2021-02-01,2483,90.93,20.0,No_Festival,6,No,No
Paneer (200g),East,2021-02-08,1884,88.08,20.9,No_Festival,5,No,No
Paneer (200g),East,2021-02-15,2642,88.65,22.8,No_Festival,6,No,No
Paneer (200g),East,2021-02-22,2250,89.67,21.6,No_Festival,5,No,No
Paneer (200g),East,2021-03-01,1563,88.8,25.7,No_Festival,4,No,No
Paneer (200g),East,2021-03-08,3189,90.68,25.7,No_Festival,6,No,No
Paneer (200g),East,2021-03-15,2561,89.85,27.8,No_Festival,7,No,No
Paneer (200g),East,2021-03-22,1246,91.18,25.6,Holi,2,Yes,Yes
Paneer (200g),East,2021-03-29,1521,89.7,32.1,No_Festival,4,No,No
Paneer (200g),East,2021-04-05,3368,89.25,31.9,No_Festival,7,No,No
Paneer (200g),East,2021-04-12,1791,90.42,32.9,Baisakhi,5,Yes,Yes
Paneer (200g),East,2021-04-19,3336,90.56,31.2,No_Festival,7,No,No
Paneer (200g),East,2021-04-26,2190,89.93,32.3,No_Festival,5,No,No
Paneer (200g),East,2021-05-03,2272,88.65,34.4,No_Festival,5,No,No
Paneer (200g),East,2021-05-10,2431,89.62,35.7,No_Festival,5,No,Yes
Paneer (200g),East,2021-05-17,1335,91.34,35.4,No_Festival,3,No,No
Paneer (200g),East,2021-05-24,2250,89.98,33.4,No_Festival,6,No,No
Paneer (200g),East,2021-05-31,2682,89.78,32.8,No_Festival,6,No,No
Paneer (200g),East,2021-06-07,2913,90.51,31.7,No_Festival,6,No,No
Paneer (200g),East,2021-06-14,1947,87.71,32.8,No_Festival,4,No,No
Paneer (200g),East,2021-06-21,2761,90.8,31.1,No_Festival,6,No,No
Paneer (200g),East,2021-06-28,2155,89.61,31.2,No_Festival,6,No,No
Paneer (200g),East,2021-07-05,2606,90.08,29.8,No_Festival,7,No,No
Paneer (200g),East,2021-07-12,2349,90.18,29.6,No_Festival,6,No,No
Paneer (200g),East,2021-07-19,2483,90.82,29.5,No_Festival,5,No,No
Paneer (200g),East,2021-07-26,2841,90.5,29.8,No_Festival,7,No,No
Paneer (200g),East,2021-08-02,1424,88.45,27.6,No_Festival,3,No,No
Paneer (200g),East,2021-08-09,2637,89.43,30.4,Independence Day,4,Yes,Yes
Paneer (200g),East,2021-08-16,1988,90.49,30.8,Raksha Bandhan,4,Yes,Yes
Paneer (200g),East,2021-08-23,2947,90.31,31.4,No_Festival,6,No,No
Paneer (200g),East,2021-08-30,2725,90.8,29.8,Janmashtami,6,Yes,Yes
Paneer (200g),East,2021-09-06,3361,89.77,29.9,No_Festival,7,No,No
Paneer (200g),East,2021-09-13,1145,89.16,29.5,No_Festival,3,No,No
Paneer (200g),East,2021-09-20,2294,89.91,28.7,No_Festival,5,No,No
Paneer (200g),East,2021-09-27,3204,91.32,28.3,Gandhi Jayanti,5,Yes,Yes
Paneer (200g),East,2021-10-04,3704,89.38,26.8,No_Festival,6,No,No
Paneer (200g),East,2021-10-11,2798,89.01,28.6,Navratri,5,Yes,Yes
Paneer (200g),East,2021-10-18,2840,88.86,27.3,No_Festival,5,No,No
Paneer (200g),East,2021-10-25,3812,90.1,27.0,No_Festival,6,No,No
Paneer (200g),East,2021-11-01,4426,91.29,23.3,Diwali,7,Yes,Yes
Paneer (200g),East,2021-11-08,2763,89.45,22.7,No_Festival,5,No,No
Paneer (200g),East,2021-11-15,3151,90.64,23.0,Guru Nanak Jayanti,6,Yes,Yes
Paneer (200g),East,2021-11-22,3665,89.65,21.0,No_Festival,7,No,No
Paneer (200g),East,2021-11-29,1350,89.23,20.6,No_Festival,3,No,No
Paneer (200g),East,2021-12-06,3271,90.6,16.4,No_Festival,6,No,No
Paneer (200g),East,2021-12-13,4018,89.56,16.7,No_Festival,7,No,No
Paneer (200g),East,2021-12-20,3060,89.5,17.4,Christmas,4,Yes,Yes
Paneer (200g),East,2021-12-27,2770,90.73,16.6,No_Festival,5,No,No
Paneer (200g),East,2022-01-03,2788,95.13,18.9,No_Festival,7,No,No
Paneer (200g),East,2022-01-10,2825,94.86,17.9,Makar Sankranti,7,Yes,Yes
Paneer (200g),East,2022-01-17,2164,94.43,20.5,No_Festival,5,No,No
Paneer (200g),East,2022-01-24,3160,93.92,17.7,Republic Day,7,Yes,Yes
Paneer (200g),East,2022-01-31,1788,94.57,20.5,No_Festival,5,No,No
Paneer (200g),East,2022-02-07,1949,93.86,21.4,No_Festival,5,No,No
Paneer (200g),East,2022-02-14,2061,94.32,21.7,No_Festival,6,No,No
Paneer (200g),East,2022-02-21,1813,94.31,21.9,No_Festival,5,No,No
Paneer (200g),East,2022-02-28,2520,94.5,25.6,No_Festival,6,No,No
Paneer (200g),East,2022-03-07,2729,94.87,28.6,No_Festival,7,No,No
Paneer (200g),East,2022-03-14,2622,95.48,27.2,Holi,7,Yes,Yes
Paneer (200g),East,2022-03-21,1967,94.77,26.3,No_Festival,5,No,No
Paneer (200g),East,2022-03-28,1954,93.53,28.9,No_Festival,6,No,No
Paneer (200g),East,2022-04-04,1808,94.01,34.2,No_Festival,4,No,No
Paneer (200g),East,2022-04-11,2228,94.12,32.3,Baisakhi,5,Yes,Yes
Paneer (200g),East,2022-04-18,1960,94.23,32.0,No_Festival,4,No,No
Paneer (200g),East,2022-04-25,2771,94.04,31.8,No_Festival,6,No,No
Paneer (200g),East,2022-05-02,2302,94.18,34.4,No_Festival,6,No,Yes
Paneer (200g),East,2022-05-09,3387,95.54,34.5,No_Festival,7,No,No
Paneer (200g),East,2022-05-16,2293,93.37,33.8,No_Festival,5,No,No
Paneer (200g),East,2022-05-23,1731,95.38,35.5,No_Festival,5,No,No
Paneer (200g),East,2022-05-30,2060,94.89,32.7,No_Festival,5,No,No
Paneer (200g),East,2022-06-06,1509,95.33,31.6,No_Festival,4,No,No
Paneer (200g),East,2022-06-13,2003,94.9,32.7,No_Festival,4,No,No
Paneer (200g),East,2022-06-20,1393,94.08,31.7,No_Festival,4,No,No
Paneer (200g),East,2022-06-27,3454,94.0,31.4,No_Festival,7,No,No
Paneer (200g),East,2022-07-04,3493,93.67,30.3,No_Festival,7,No,Yes
Paneer (200g),East,2022-07-11,2236,93.24,30.5,No_Festival,6,No,No
Paneer (200g),East,2022-07-18,2310,93.87,29.0,No_Festival,6,No,No
Paneer (200g),East,2022-07-25,1628,93.98,32.1,No_Festival,5,No,No
Paneer (200g),East,2022-08-01,1530,93.78,31.0,No_Festival,4,No,No
Paneer (200g),East,2022-08-08,740,95.55,32.0,No_Festival,2,No,No
Paneer (200g),East,2022-08-15,3711,94.77,30.7,"Independence Day, Janmashtami",6,Yes,Yes
Paneer (200g),East,2022-08-22,1716,95.46,30.2,No_Festival,4,No,No
Paneer (200g),East,2022-08-29,3142,93.6,29.7,No_Festival,7,No,No
Paneer (200g),East,2022-09-05,2838,94.82,29.6,No_Festival,7,No,No
Paneer (200g),East,2022-09-12,2722,94.56,28.3,No_Festival,6,No,No
Paneer (200g),East,2022-09-19,1291,92.82,31.3,No_Festival,4,No,No
Paneer (200g),East,2022-09-26,2318,96.1,27.7,No_Festival,5,No,No
Paneer (200g),East,2022-10-03,2208,93.69,26.3,No_Festival,3,No,No
Paneer (200g),East,2022-10-10,2711,94.43,28.8,No_Festival,5,No,No
Paneer (200g),East,2022-10-17,3289,95.48,25.7,No_Festival,5,No,No
Paneer (200g),East,2022-10-24,2289,95.48,28.7,No_Festival,4,No,No
Paneer (200g),East,2022-10-31,2429,93.73,23.6,No_Festival,5,No,No
Paneer (200g),East,2022-11-07,4629,94.39,21.8,Guru Nanak Jayanti,7,Yes,Yes
Paneer (200g),East,2022-11-14,2042,94.76,22.4,No_Festival,4,No,No
Paneer (200g),East,2022-11-21,3888,95.37,22.2,No_Festival,6,No,No
Paneer (200g),East,2022-11-28,2233,93.58,18.7,No_Festival,4,No,No
Paneer (200g),East,2022-12-05,2216,94.22,14.8,No_Festival,3,No,No
Paneer (200g),East,2022-12-12,3135,94.25,17.1,No_Festival,6,No,No
Paneer (200g),East,2022-12-19,2652,94.32,16.8,No_Festival,6,No,No
Paneer (200g),East,2022-12-26,3178,94.73,18.0,No_Festival,5,No,No
Paneer (200g),East,2023-01-02,1831,99.06,19.0,No_Festival,5,No,No
Paneer (200g),East,2023-01-09,2542,98.6,19.5,Makar Sankranti,5,Yes,Yes
Paneer (200g),East,2023-01-16,2944,97.35,18.5,No_Festival,7,No,No
Paneer (200g),East,2023-01-23,3176,99.11,18.7,Republic Day,7,Yes,Yes
Paneer (200g),East,2023-01-30,940,98.47,16.5,No_Festival,3,No,No
Paneer (200g),East,2023-02-06,1121,100.82,22.8,No_Festival,3,No,No
Paneer (200g),East,2023-02-13,2110,99.19,20.4,No_Festival,5,No,No
Paneer (200g),East,2023-02-20,3169,98.88,19.9,No_Festival,7,No,No
Paneer (200g),East,2023-02-27,1743,99.47,25.7,No_Festival,4,No,No
Paneer (200g),East,2023-03-06,2487,98.53,27.9,Holi,7,Yes,Yes
Paneer (200g),East,2023-03-13,3234,99.18,26.5,No_Festival,6,No,No
Paneer (200g),East,2023-03-20,2522,98.18,27.5,No_Festival,5,No,No
Paneer (200g),East,2023-03-27,2000,99.08,29.7,No_Festival,6,No,No
Paneer (200g),East,2023-04-03,1417,99.29,33.0,No_Festival,4,No,No
Paneer (200g),East,2023-04-10,2703,99.16,32.1,Baisakhi,6,Yes,Yes
Paneer (200g),East,2023-04-17,2030,98.24,31.2,No_Festival,5,No,Yes
Paneer (200g),East,2023-04-24,2719,98.2,32.4,No_Festival,7,No,No
Paneer (200g),East,2023-05-01,2224,98.3,34.2,No_Festival,5,No,No
Paneer (200g),East,2023-05-08,2342,99.86,33.9,No_Festival,5,No,No
Paneer (200g),East,2023-05-15,2543,98.79,34.0,No_Festival,6,No,No
Paneer (200g),East,2023-05-22,2694,98.38,34.3,No_Festival,6,No,No
Paneer (200g),East,2023-05-29,2651,98.93,33.4,No_Festival,6,No,No
Paneer (200g),East,2023-06-05,1879,98.58,31.0,No_Festival,5,No,No
Paneer (200g),East,2023-06-12,2507,99.45,31.3,No_Festival,7,No,No
Paneer (200g),East,2023-06-19,907,97.52,34.6,No_Festival,2,No,No
Paneer (200g),East,2023-06-26,2077,98.41,31.3,No_Festival,5,No,No
Paneer (200g),East,2023-07-03,2291,98.94,29.4,No_Festival,7,No,No
Paneer (200g),East,2023-07-10,2308,100.01,30.9,No_Festival,7,No,No
Paneer (200g),East,2023-07-17,2418,99.86,29.1,No_Festival,6,No,No
Paneer (200g),East,2023-07-24,2138,99.5,29.2,No_Festival,6,No,No
Paneer (200g),East,2023-07-31,2421,100.28,28.7,No_Festival,6,No,No
Paneer (200g),East,2023-08-07,1218,97.07,29.8,No_Festival,4,No,No
Paneer (200g),East,2023-08-14,3277,99.28,29.9,Independence Day,7,Yes,Yes
Paneer (200g),East,2023-08-21,1315,99.71,29.1,No_Festival,4,No,No
Paneer (200g),East,2023-08-28,2748,99.88,30.0,No_Festival,6,No,No
Paneer (200g),East,2023-09-04,2294,99.47,28.5,Janmashtami,6,Yes,Yes
Paneer (200g),East,2023-09-11,3000,98.78,27.8,No_Festival,7,No,No
Paneer (200g),East,2023-09-18,2285,99.6,30.2,No_Festival,5,No,No
Paneer (200g),East,2023-09-25,1738,100.8,27.8,No_Festival,3,No,No
Paneer (200g),East,2023-10-02,4775,99.1,26.5,Gandhi Jayanti,7,Yes,Yes
Paneer (200g),East,2023-10-09,3484,99.3,26.0,No_Festival,5,No,No
Paneer (200g),East,2023-10-16,2657,100.02,28.0,No_Festival,4,No,No
Paneer (200g),East,2023-10-23,4031,99.27,26.7,No_Festival,7,No,No
Paneer (200g),East,2023-10-30,2272,98.23,23.8,No_Festival,5,No,No
Paneer (200g),East,2023-11-06,4242,99.18,22.5,Diwali,6,Yes,Yes
Paneer (200g),East,2023-11-13,3323,99.81,22.6,No_Festival,7,No,No
Paneer (200g),East,2023-11-20,3436,97.92,21.7,No_Festival,6,No,No
Paneer (200g),East,2023-11-27,3644,98.46,17.7,Guru Nanak Jayanti,5,Yes,Yes
Paneer (200g),East,2023-12-04,3239,99.04,17.0,No_Festival,5,No,No
Paneer (200g),East,2023-12-11,3690,98.77,16.5,No_Festival,7,No,No
Paneer (200g),East,2023-12-18,2938,97.37,15.8,No_Festival,6,No,No
Paneer (200g),East,2023-12-25,3399,99.39,17.4,Christmas,5,Yes,Yes
Paneer (200g),North,2020-12-28,1220,91.17,14.7,No_Festival,3,No,No
Paneer (200g),North,2021-01-04,2445,91.24,13.6,No_Festival,6,No,No
Paneer (200g),North,2021-01-11,3449,89.29,14.6,Makar Sankranti,7,Yes,Yes
Paneer (200g),North,2021-01-18,2437,90.46,14.3,No_Festival,7,No,No
Paneer (200g),North,2021-01-25,3397,90.09,13.8,Republic Day,7,Yes,Yes
Paneer (200g),North,2021-02-01,2015,90.63,17.3,No_Festival,6,No,No
Paneer (200g),North,2021-02-08,1138,89.75,16.3,No_Festival,4,No,No
Paneer (200g),North,2021-02-15,2265,90.15,17.1,No_Festival,5,No,No
Paneer (200g),North,2021-02-22,2502,90.05,15.8,No_Festival,6,No,No
Paneer (200g),North,2021-03-01,2159,91.18,24.3,No_Festival,5,No,No
Paneer (200g),North,2021-03-08,1583,90.63,23.3,No_Festival,4,No,No
Paneer (200g),North,2021-03-15,2529,89.85,23.9,No_Festival,6,No,No
Paneer (200g),North,2021-03-22,2305,89.08,23.1,Holi,5,Yes,Yes
Paneer (200g),North,2021-03-29,1582,88.95,27.7,No_Festival,4,No,No
Paneer (200g),North,2021-04-05,2113,89.95,32.8,No_Festival,6,No,No
Paneer (200g),North,2021-04-12,2839,89.85,32.1,Baisakhi,6,Yes,Yes
Paneer (200g),North,2021-04-19,2280,90.48,31.9,No_Festival,5,No,No
Paneer (200g),North,2021-04-26,1723,89.72,33.6,No_Festival,4,No,No
Paneer (200g),North,2021-05-03,3340,90.83,38.7,No_Festival,7,No,No
Paneer (200g),North,2021-05-10,2402,89.56,39.0,No_Festival,7,No,Yes
Paneer (200g),North,2021-05-17,2875,90.87,38.7,No_Festival,7,No,No
Paneer (200g),North,2021-05-24,3298,89.54,37.7,No_Festival,7,No,No
Paneer (200g),North,2021-05-31,1973,91.11,40.0,No_Festival,5,No,No
Paneer (200g),North,2021-06-07,1977,88.92,39.9,No_Festival,4,No,No
Paneer (200g),North,2021-06-14,1982,90.82,39.5,No_Festival,4,No,No
Paneer (200g),North,2021-06-21,1993,89.99,40.1,No_Festival,6,No,No
Paneer (200g),North,2021-06-28,2266,90.16,35.4,No_Festival,5,No,No
Paneer (200g),North,2021-07-05,2769,89.24,35.5,No_Festival,6,No,No
Paneer (200g),North,2021-07-12,1807,90.16,35.2,No_Festival,4,No,No
Paneer (200g),North,2021-07-19,1983,90.02,36.6,No_Festival,4,No,Yes
Paneer (200g),North,2021-07-26,1691,89.19,36.6,No_Festival,5,No,No
Paneer (200g),North,2021-08-02,2503,90.65,33.1,No_Festival,6,No,No
Paneer (200g),North,2021-08-09,1181,89.15,32.7,No_Festival,4,No,No
Paneer (200g),North,2021-08-16,2441,91.45,33.5,Raksha Bandhan,6,Yes,Yes
Paneer (200g),North,2021-08-23,2539,89.07,33.0,No_Festival,6,No,No
Paneer (200g),North,2021-08-30,2905,89.98,32.5,Janmashtami,6,Yes,Yes
Paneer (200g),North,2021-09-06,1756,91.58,32.2,No_Festival,4,No,No
Paneer (200g),North,2021-09-13,2237,89.46,32.8,No_Festival,6,No,No
Paneer (200g),North,2021-09-20,2445,91.29,33.4,No_Festival,6,No,No
Paneer (200g),North,2021-09-27,2886,89.95,29.9,Gandhi Jayanti,7,Yes,Yes
Paneer (200g),North,2021-10-04,1547,88.88,27.3,No_Festival,4,No,No
Paneer (200g),North,2021-10-11,3423,89.96,26.4,Navratri,5,Yes,Yes
Paneer (200g),North,2021-10-18,3488,90.66,27.7,No_Festival,6,No,No
Paneer (200g),North,2021-10-25,3930,90.17,24.7,No_Festival,6,No,No
Paneer (200g),North,2021-11-01,3407,89.95,18.9,Diwali,7,Yes,Yes
Paneer (200g),North,2021-11-08,3502,90.24,19.2,No_Festival,6,No,No
Paneer (200g),North,2021-11-15,3855,89.31,18.3,No_Festival,5,No,No
Paneer (200g),North,2021-11-22,1813,88.6,19.3,No_Festival,3,No,No
Paneer (200g),North,2021-11-29,3126,89.67,15.3,No_Festival,5,No,No
Paneer (200g),North,2021-12-06,2729,89.28,13.6,No_Festival,4,No,No
Paneer (200g),North,2021-12-13,3817,88.7,15.2,No_Festival,6,No,No
Paneer (200g),North,2021-12-20,3764,90.74,14.8,Christmas,6,Yes,Yes
Paneer (200g),North,2021-12-27,3894,91.38,14.4,No_Festival,7,No,No
Paneer (200g),North,2022-01-03,2492,93.82,14.0,No_Festival,6,No,No
Paneer (200g),North,2022-01-10,2303,95.26,13.6,Makar Sankranti,6,Yes,Yes
Paneer (200g),North,2022-01-17,2853,92.69,13.5,No_Festival,6,No,No
Paneer (200g),North,2022-01-24,1875,95.13,15.1,Republic Day,6,Yes,Yes
Paneer (200g),North,2022-01-31,1496,95.68,15.2,No_Festival,4,No,No
Paneer (200g),North,2022-02-07,1311,95.35,17.1,No_Festival,3,No,No
Paneer (200g),North,2022-02-14,2148,94.51,17.9,No_Festival,5,No,No
Paneer (200g),North,2022-02-21,2126,95.08,16.7,No_Festival,6,No,No
Paneer (200g),North,2022-02-28,2051,96.59,24.0,No_Festival,5,No,No
Paneer (200g),North,2022-03-07,2758,94.55,22.1,No_Festival,6,No,No
Paneer (200g),North,2022-03-14,2946,94.82,25.6,Holi,6,Yes,Yes
Paneer (200g),North,2022-03-21,2168,94.34,24.8,No_Festival,6,No,No
Paneer (200g),North,2022-03-28,2958,95.46,27.9,No_Festival,7,No,No
Paneer (200g),North,2022-04-04,1174,93.3,31.5,No_Festival,3,No,No
Paneer (200g),North,2022-04-11,2676,94.25,31.4,No_Festival,6,No,No
Paneer (200g),North,2022-04-18,2590,95.03,31.4,No_Festival,7,No,No
Paneer (200g),North,2022-04-25,2439,95.22,31.8,No_Festival,5,No,No
Paneer (200g),North,2022-05-02,1775,94.75,40.4,No_Festival,4,No,Yes
Paneer (200g),North,2022-05-09,701,95.32,34.3,No_Festival,2,No,No
Paneer (200g),North,2022-05-16,2319,94.07,40.0,No_Festival,5,No,No
Paneer (200g),North,2022-05-23,1615,92.41,38.2,No_Festival,4,No,No
Paneer (200g),North,2022-05-30,3135,94.67,39.3,No_Festival,7,No,No
Paneer (200g),North,2022-06-06,2817,93.85,39.4,No_Festival,6,No,No
Paneer (200g),North,2022-06-13,2506,94.47,40.0,No_Festival,5,No,No
Paneer (200g),North,2022-06-20,2601,95.02,38.8,No_Festival,5,No,No
Paneer (200g),North,2022-06-27,1790,93.16,37.4,No_Festival,5,No,No
Paneer (200g),North,2022-07-04,1955,94.11,36.3,No_Festival,5,No,Yes
Paneer (200g),North,2022-07-11,2410,93.86,36.7,No_Festival,6,No,No
Paneer (200g),North,2022-07-18,2227,94.21,35.2,No_Festival,6,No,No
Paneer (200g),North,2022-07-25,1260,93.51,36.1,No_Festival,5,No,No
Paneer (200g),North,2022-08-01,2400,94.74,35.6,No_Festival,6,No,No
Paneer (200g),North,2022-08-08,1531,93.17,35.2,Raksha Bandhan,3,Yes,Yes
Paneer (200g),North,2022-08-15,2046,94.09,34.2,Independence Day,6,Yes,Yes
Paneer (200g),North,2022-08-22,3455,94.43,34.1,No_Festival,7,No,No
Paneer (200g),North,2022-08-29,2501,94.05,33.0,No_Festival,5,No,No
Paneer (200g),North,2022-09-05,1140,93.73,31.8,No_Festival,3,No,No
Paneer (200g),North,2022-09-12,1609,94.93,32.4,No_Festival,4,No,No
Paneer (200g),North,2022-09-19,1476,94.99,31.7,No_Festival,3,No,No
Paneer (200g),North,2022-09-26,2734,95.23,29.1,Gandhi Jayanti,5,Yes,Yes
Paneer (200g),North,2022-10-03,2690,95.85,27.1,No_Festival,5,No,No
Paneer (200g),North,2022-10-10,3950,94.11,25.8,No_Festival,6,No,No
Paneer (200g),North,2022-10-17,3401,94.53,26.1,No_Festival,6,No,No
Paneer (200g),North,2022-10-24,3438,93.67,26.2,Diwali,6,Yes,Yes
Paneer (200g),North,2022-10-31,3357,94.4,20.8,No_Festival,7,No,No
Paneer (200g),North,2022-11-07,2889,95.35,18.7,No_Festival,5,No,No
Paneer (200g),North,2022-11-14,3731,95.1,18.0,No_Festival,6,No,No
Paneer (200g),North,2022-11-21,4741,95.81,19.3,No_Festival,7,No,No
Paneer (200g),North,2022-11-28,3487,94.24,17.0,No_Festival,6,No,No
Paneer (200g),North,2022-12-05,2942,94.82,14.9,No_Festival,5,No,No
Paneer (200g),North,2022-12-12,1645,95.16,15.5,No_Festival,3,No,No
Paneer (200g),North,2022-12-19,3976,94.31,14.0,Christmas,6,Yes,Yes
Paneer (200g),North,2022-12-26,2236,95.25,13.9,No_Festival,5,No,No
Paneer (200g),North,2023-01-02,1827,100.25,14.4,No_Festival,6,No,No
Paneer (200g),North,2023-01-09,1554,99.4,12.7,Makar Sankranti,3,Yes,Yes
Paneer (200g),North,2023-01-16,2889,98.92,13.5,No_Festival,7,No,No
Paneer (200g),North,2023-01-23,2205,98.32,14.1,Republic Day,5,Yes,Yes
Paneer (200g),North,2023-01-30,893,98.82,17.0,No_Festival,2,No,No
Paneer (200g),North,2023-02-06,2865,100.06,16.6,No_Festival,6,No,No
Paneer (200g),North,2023-02-13,2014,98.71,16.8,No_Festival,6,No,No
Paneer (200g),North,2023-02-20,2452,98.69,17.2,No_Festival,7,No,No
Paneer (200g),North,2023-02-27,2069,99.58,22.4,No_Festival,6,No,No
Paneer (200g),North,2023-03-06,2228,99.52,22.7,Holi,5,Yes,Yes
Paneer (200g),North,2023-03-13,2157,98.13,24.2,No_Festival,5,No,No
Paneer (200g),North,2023-03-20,2454,99.56,24.4,No_Festival,5,No,No
Paneer (200g),North,2023-03-27,2826,98.91,27.1,No_Festival,7,No,No
Paneer (200g),North,2023-04-03,1469,101.06,31.9,No_Festival,4,No,No
Paneer (200g),North,2023-04-10,1817,99.26,32.0,Baisakhi,6,Yes,Yes
Paneer (200g),North,2023-04-17,2396,99.24,31.4,No_Festival,5,No,Yes
Paneer (200g),North,2023-04-24,3094,98.65,32.7,No_Festival,6,No,No
Paneer (200g),North,2023-05-01,3357,98.23,39.7,No_Festival,7,No,No
Paneer (200g),North,2023-05-08,1913,99.66,36.6,No_Festival,6,No,No
Paneer (200g),North,2023-05-15,2279,98.97,36.7,No_Festival,6,No,No
Paneer (200g),North,2023-05-22,3190,98.86,38.3,No_Festival,7,No,No
Paneer (200g),North,2023-05-29,2669,99.13,38.3,No_Festival,6,No,No
Paneer (200g),North,2023-06-05,1309,99.76,39.0,No_Festival,4,No,No
Paneer (200g),North,2023-06-12,1355,100.75,39.2,No_Festival,3,No,No
Paneer (200g),North,2023-06-19,2544,98.22,39.9,No_Festival,5,No,No
Paneer (200g),North,2023-06-26,2505,98.73,38.8,No_Festival,7,No,Yes
Paneer (200g),North,2023-07-03,2308,99.57,36.6,No_Festival,6,No,No
Paneer (200g),North,2023-07-10,2893,100.88,36.1,No_Festival,7,No,No
Paneer (200g),North,2023-07-17,1693,99.2,34.5,No_Festival,5,No,No
Paneer (200g),North,2023-07-24,1767,99.16,36.1,No_Festival,5,No,No
Paneer (200g),North,2023-07-31,2244,97.75,35.1,No_Festival,5,No,No
Paneer (200g),North,2023-08-07,2146,98.9,34.7,No_Festival,6,No,No
Paneer (200g),North,2023-08-14,2620,98.06,33.2,Independence Day,6,Yes,Yes
Paneer (200g),North,2023-08-21,1626,99.62,34.2,No_Festival,4,No,No
Paneer (200g),North,2023-08-28,2695,99.36,31.6,Raksha Bandhan,6,Yes,Yes
Paneer (200g),North,2023-09-04,3533,100.2,31.2,Janmashtami,7,Yes,Yes
Paneer (200g),North,2023-09-11,1758,99.64,31.7,No_Festival,4,No,No
Paneer (200g),North,2023-09-18,2280,99.58,32.2,No_Festival,6,No,No
Paneer (200g),North,2023-09-25,2178,98.69,31.1,No_Festival,4,No,No
Paneer (200g),North,2023-10-02,2754,98.23,25.3,Gandhi Jayanti,4,Yes,Yes
Paneer (200g),North,2023-10-09,1901,98.82,25.2,No_Festival,4,No,No
Paneer (200g),North,2023-10-16,2787,97.09,26.1,No_Festival,5,No,No
Paneer (200g),North,2023-10-23,3044,98.76,27.4,No_Festival,5,No,No
Paneer (200g),North,2023-10-30,3064,98.4,20.5,No_Festival,6,No,No
Paneer (200g),North,2023-11-06,3118,99.38,18.6,Diwali,5,Yes,Yes
Paneer (200g),North,2023-11-13,2554,99.51,18.7,No_Festival,5,No,No
Paneer (200g),North,2023-11-20,3323,98.46,19.3,No_Festival,6,No,No
Paneer (200g),North,2023-11-27,4005,99.01,16.2,Guru Nanak Jayanti,6,Yes,Yes
Paneer (200g),North,2023-12-04,1885,98.08,14.3,No_Festival,4,No,No
Paneer (200g),North,2023-12-11,2838,98.68,14.4,No_Festival,5,No,No
Paneer (200g),North,2023-12-18,1908,98.02,14.8,No_Festival,3,No,No
Paneer (200g),North,2023-12-25,3631,98.58,12.8,Christmas,6,Yes,Yes
Paneer (200g),South,2020-12-28,1095,91.57,26.9,No_Festival,3,No,No
Paneer (200g),South,2021-01-04,1650,91.71,23.9,No_Festival,3,No,No
Paneer (200g),South,2021-01-11,2443,90.42,26.0,Makar Sankranti,6,Yes,Yes
Paneer (200g),South,2021-01-18,2261,90.44,27.3,No_Festival,5,No,No
Paneer (200g),South,2021-01-25,1792,91.65,25.5,No_Festival,5,No,No
Paneer (200g),South,2021-02-01,1503,90.5,25.0,No_Festival,5,No,No
Paneer (200g),South,2021-02-08,2488,90.12,27.1,No_Festival,6,No,No
Paneer (200g),South,2021-02-15,1909,90.03,27.1,No_Festival,4,No,No
Paneer (200g),South,2021-02-22,2266,90.93,28.5,No_Festival,5,No,No
Paneer (200g),South,2021-03-01,2082,89.9,30.5,No_Festival,6,No,No
Paneer (200g),South,2021-03-08,2637,89.62,28.9,No_Festival,7,No,No
Paneer (200g),South,2021-03-15,1726,89.53,29.1,No_Festival,4,No,No
Paneer (200g),South,2021-03-22,2591,91.04,29.6,Holi,6,Yes,Yes
Paneer (200g),South,2021-03-29,1643,90.46,33.4,No_Festival,4,No,No
Paneer (200g),South,2021-04-05,2126,90.94,32.1,No_Festival,5,No,No
Paneer (200g),South,2021-04-12,2514,90.65,31.8,No_Festival,6,No,No
Paneer (200g),South,2021-04-19,2241,89.97,31.8,No_Festival,6,No,No
Paneer (200g),South,2021-04-26,2049,89.54,33.7,No_Festival,6,No,No
Paneer (200g),South,2021-05-03,2855,89.27,37.0,No_Festival,6,No,No
Paneer (200g),South,2021-05-10,2282,89.4,34.4,No_Festival,5,No,Yes
Paneer (200g),South,2021-05-17,1993,90.95,32.3,No_Festival,5,No,No
Paneer (200g),South,2021-05-24,1588,92.16,36.5,No_Festival,4,No,No
Paneer (200g),South,2021-05-31,2322,90.16,30.1,No_Festival,5,No,No
Paneer (200g),South,2021-06-07,972,88.73,32.0,No_Festival,3,No,No
Paneer (200g),South,2021-06-14,2029,89.26,29.2,No_Festival,5,No,No
Paneer (200g),South,2021-06-21,1551,90.13,30.3,No_Festival,4,No,No
Paneer (200g),South,2021-06-28,3018,91.2,29.2,No_Festival,6,No,No
Paneer (200g),South,2021-07-05,2323,90.52,28.4,No_Festival,6,No,No
Paneer (200g),South,2021-07-12,2176,90.3,29.0,No_Festival,5,No,No
Paneer (200g),South,2021-07-19,2307,90.07,26.7,No_Festival,6,No,Yes
Paneer (200g),South,2021-07-26,2196,90.92,28.9,No_Festival,6,No,No
Paneer (200g),South,2021-08-02,2513,89.85,26.7,No_Festival,5,No,No
Paneer (200g),South,2021-08-09,699,91.32,27.8,No_Festival,2,No,No
Paneer (200g),South,2021-08-16,3254,92.01,27.6,Raksha Bandhan,7,Yes,Yes
Paneer (200g),South,2021-08-23,1974,90.82,28.2,No_Festival,5,No,No
Paneer (200g),South,2021-08-30,2556,89.86,28.8,Janmashtami,6,Yes,Yes
Paneer (200g),South,2021-09-06,2389,88.45,27.7,No_Festival,6,No,No
Paneer (200g),South,2021-09-13,2967,89.14,27.9,No_Festival,7,No,No
Paneer (200g),South,2021-09-20,1614,92.04,27.0,No_Festival,4,No,No
Paneer (200g),South,2021-09-27,1409,90.53,27.8,No_Festival,4,No,No
Paneer (200g),South,2021-10-04,3368,89.15,29.4,No_Festival,6,No,No
Paneer (200g),South,2021-10-11,3807,89.96,28.9,Navratri,6,Yes,Yes
Paneer (200g),South,2021-10-18,2494,90.35,28.1,No_Festival,5,No,No
Paneer (200g),South,2021-10-25,2066,89.85,27.6,No_Festival,4,No,No
Paneer (200g),South,2021-11-01,2489,91.28,25.0,Diwali,5,Yes,Yes
Paneer (200g),South,2021-11-08,4015,90.73,26.4,No_Festival,7,No,No
Paneer (200g),South,2021-11-15,3411,91.08,26.4,Guru Nanak Jayanti,6,Yes,Yes
Paneer (200g),South,2021-11-22,3386,90.39,24.5,No_Festival,6,No,No
Paneer (200g),South,2021-11-29,3045,90.16,24.6,No_Festival,5,No,No
Paneer (200g),South,2021-12-06,2714,90.74,23.9,No_Festival,5,No,No
Paneer (200g),South,2021-12-13,2103,90.28,25.0,No_Festival,4,No,No
Paneer (200g),South,2021-12-20,2976,89.98,24.9,Christmas,5,Yes,Yes
Paneer (200g),South,2021-12-27,1905,91.72,25.0,No_Festival,4,No,No
Paneer (200g),South,2022-01-03,2202,94.21,26.0,No_Festival,6,No,No
Paneer (200g),South,2022-01-10,2702,93.4,25.9,Makar Sankranti,6,Yes,Yes
Paneer (200g),South,2022-01-17,2312,94.24,24.4,No_Festival,6,No,No
Paneer (200g),South,2022-01-24,1703,94.21,25.9,Republic Day,4,Yes,Yes
Paneer (200g),South,2022-01-31,2540,95.13,28.1,No_Festival,6,No,No
Paneer (200g),South,2022-02-07,1788,93.57,25.2,No_Festival,4,No,No
Paneer (200g),South,2022-02-14,2705,94.32,28.0,No_Festival,6,No,No
Paneer (200g),South,2022-02-21,1580,94.92,27.5,No_Festival,4,No,No
Paneer (200g),South,2022-02-28,1914,95.64,28.0,No_Festival,5,No,No
Paneer (200g),South,2022-03-07,2027,94.2,29.2,No_Festival,6,No,No
Paneer (200g),South,2022-03-14,1236,95.27,27.1,No_Festival,3,No,No
Paneer (200g),South,2022-03-21,2021,95.34,28.5,No_Festival,4,No,No
Paneer (200g),South,2022-03-28,2405,94.99,30.9,No_Festival,5,No,No
Paneer (200g),South,2022-04-04,2676,94.35,32.0,No_Festival,6,No,No
Paneer (200g),South,2022-04-11,3212,93.98,32.8,Baisakhi,7,Yes,Yes
Paneer (200g),South,2022-04-18,2616,95.45,33.7,No_Festival,6,No,No
Paneer (200g),South,2022-04-25,1701,94.97,32.3,No_Festival,6,No,No
Paneer (200g),South,2022-05-02,1710,93.83,35.9,No_Festival,5,No,Yes
Paneer (200g),South,2022-05-09,2005,94.3,34.5,No_Festival,5,No,No
Paneer (200g),South,2022-05-16,1640,94.2,33.3,No_Festival,4,No,No
Paneer (200g),South,2022-05-23,1240,95.08,34.3,No_Festival,4,No,No
Paneer (200g),South,2022-05-30,2634,94.08,31.1,No_Festival,6,No,No
Paneer (200g),South,2022-06-06,2480,94.49,29.3,No_Festival,5,No,No
Paneer (200g),South,2022-06-13,2047,93.98,28.8,No_Festival,5,No,No
Paneer (200g),South,2022-06-20,2437,95.99,29.8,No_Festival,5,No,No
Paneer (200g),South,2022-06-27,2256,94.38,29.0,No_Festival,5,No,No
Paneer (200g),South,2022-07-04,2868,94.86,26.8,No_Festival,6,No,Yes
Paneer (200g),South,2022-07-11,1857,95.19,30.5,No_Festival,5,No,No
Paneer (200g),South,2022-07-18,2306,94.77,28.2,No_Festival,7,No,No
Paneer (200g),South,2022-07-25,1273,93.67,29.0,No_Festival,3,No,No
Paneer (200g),South,2022-08-01,1511,95.13,27.5,No_Festival,3,No,No
Paneer (200g),South,2022-08-08,2771,94.19,28.2,Raksha Bandhan,6,Yes,Yes
Paneer (200g),South,2022-08-15,1934,94.72,24.7,"Independence Day, Janmashtami",4,Yes,Yes
Paneer (200g),South,2022-08-22,2423,94.02,29.0,No_Festival,5,No,No
Paneer (200g),South,2022-08-29,2375,95.27,27.8,No_Festival,5,No,No
Paneer (200g),South,2022-09-05,1105,93.5,29.5,No_Festival,4,No,No
Paneer (200g),South,2022-09-12,2325,94.36,29.3,No_Festival,5,No,No
Paneer (200g),South,2022-09-19,2600,94.95,28.4,No_Festival,6,No,No
Paneer (200g),South,2022-09-26,2412,94.42,27.9,Gandhi Jayanti,5,Yes,Yes
Paneer (200g),South,2022-10-03,3333,94.92,30.1,No_Festival,6,No,No
Paneer (200g),South,2022-10-10,3175,94.1,28.8,No_Festival,7,No,No
Paneer (200g),South,2022-10-17,3877,94.38,28.2,No_Festival,6,No,No
Paneer (200g),South,2022-10-24,2894,95.15,28.8,No_Festival,5,No,No
Paneer (200g),South,2022-10-31,3550,94.85,26.3,No_Festival,7,No,No
Paneer (200g),South,2022-11-07,2472,95.59,27.4,Guru Nanak Jayanti,4,Yes,Yes
Paneer (200g),South,2022-11-14,3031,93.14,25.0,No_Festival,4,No,No
Paneer (200g),South,2022-11-21,3987,94.58,24.0,No_Festival,6,No,No
Paneer (200g),South,2022-11-28,3721,94.57,26.7,No_Festival,6,No,No
Paneer (200g),South,2022-12-05,2454,94.55,24.2,No_Festival,4,No,No
Paneer (200g),South,2022-12-12,2894,95.04,25.8,No_Festival,5,No,No
Paneer (200g),South,2022-12-19,3867,93.73,25.3,No_Festival,6,No,No
Paneer (200g),South,2022-12-26,3914,94.58,25.3,No_Festival,7,No,No
Paneer (200g),South,2023-01-02,2441,99.72,26.7,No_Festival,6,No,No
Paneer (200g),South,2023-01-09,3097,98.54,25.5,Makar Sankranti,6,Yes,Yes
Paneer (200g),South,2023-01-16,2161,98.59,25.6,No_Festival,6,No,No
Paneer (200g),South,2023-01-23,3363,98.62,26.2,Republic Day,6,Yes,Yes
Paneer (200g),South,2023-01-30,1779,99.68,26.3,No_Festival,5,No,No
Paneer (200g),South,2023-02-06,2516,100.14,27.5,No_Festival,6,No,No
Paneer (200g),South,2023-02-13,2665,99.69,28.0,No_Festival,6,No,No
Paneer (200g),South,2023-02-20,2374,97.86,26.6,No_Festival,5,No,No
Paneer (200g),South,2023-02-27,2642,99.07,26.8,No_Festival,6,No,No
Paneer (200g),South,2023-03-06,1886,100.19,29.6,No_Festival,4,No,No
Paneer (200g),South,2023-03-13,1857,98.01,29.8,No_Festival,5,No,No
Paneer (200g),South,2023-03-20,2310,98.17,28.5,No_Festival,5,No,No
Paneer (200g),South,2023-03-27,2339,98.41,29.8,No_Festival,7,No,No
Paneer (200g),South,2023-04-03,1623,99.8,32.2,No_Festival,4,No,No
Paneer (200g),South,2023-04-10,2416,98.0,33.4,Baisakhi,5,Yes,Yes
Paneer (200g),South,2023-04-17,3284,98.02,33.4,No_Festival,7,No,Yes
Paneer (200g),South,2023-04-24,2962,99.31,31.0,No_Festival,6,No,No
Paneer (200g),South,2023-05-01,2201,98.02,34.0,No_Festival,5,No,No
Paneer (200g),South,2023-05-08,2958,98.02,34.1,No_Festival,7,No,No
Paneer (200g),South,2023-05-15,2391,99.33,34.1,No_Festival,6,No,No
Paneer (200g),South,2023-05-22,1666,99.33,35.2,No_Festival,4,No,No
Paneer (200g),South,2023-05-29,2078,97.72,31.2,No_Festival,5,No,No
Paneer (200g),South,2023-06-05,2350,99.9,30.2,No_Festival,5,No,No
Paneer (200g),South,2023-06-12,1848,99.24,30.4,No_Festival,5,No,No
Paneer (200g),South,2023-06-19,2442,98.0,29.4,No_Festival,5,No,No
Paneer (200g),South,2023-06-26,1474,98.22,31.8,No_Festival,4,No,Yes
Paneer (200g),South,2023-07-03,2844,98.83,27.7,No_Festival,7,No,No
Paneer (200g),South,2023-07-10,2296,99.04,27.2,No_Festival,6,No,No
Paneer (200g),South,2023-07-17,3373,98.07,27.7,No_Festival,6,No,No
Paneer (200g),South,2023-07-24,2120,99.37,26.7,No_Festival,5,No,No
Paneer (200g),South,2023-07-31,2177,98.62,28.0,No_Festival,5,No,No
Paneer (200g),South,2023-08-07,2037,98.86,27.4,No_Festival,7,No,No
Paneer (200g),South,2023-08-14,2405,98.48,28.2,Independence Day,6,Yes,Yes
Paneer (200g),South,2023-08-21,2886,98.84,28.2,No_Festival,7,No,No
Paneer (200g),South,2023-08-28,1919,99.22,27.3,No_Festival,4,No,No
Paneer (200g),South,2023-09-04,1822,99.55,28.6,Janmashtami,6,Yes,Yes
Paneer (200g),South,2023-09-11,2827,98.87,28.4,No_Festival,6,No,No
Paneer (200g),South,2023-09-18,2922,98.73,29.3,No_Festival,7,No,No
Paneer (200g),South,2023-09-25,3450,98.46,27.8,No_Festival,6,No,No
Paneer (200g),South,2023-10-02,2829,99.76,27.8,Gandhi Jayanti,5,Yes,Yes
Paneer (200g),South,2023-10-09,2470,99.96,28.0,No_Festival,4,No,No
Paneer (200g),South,2023-10-16,3698,98.68,28.8,No_Festival,7,No,No
Paneer (200g),South,2023-10-23,3474,98.25,27.0,No_Festival,6,No,No
Paneer (200g),South,2023-10-30,2738,99.75,26.9,No_Festival,4,No,No
Paneer (200g),South,2023-11-06,2226,99.53,26.7,Diwali,3,Yes,Yes
Paneer (200g),South,2023-11-13,3604,98.73,27.8,No_Festival,5,No,No
Paneer (200g),South,2023-11-20,2910,98.9,27.6,No_Festival,6,No,No
Paneer (200g),South,2023-11-27,4593,99.49,24.6,Guru Nanak Jayanti,7,Yes,Yes
Paneer (200g),South,2023-12-04,4407,99.58,25.8,No_Festival,7,No,No
Paneer (200g),South,2023-12-11,2424,99.89,25.6,No_Festival,5,No,No
Paneer (200g),South,2023-12-18,2891,99.27,26.0,No_Festival,5,No,No
Paneer (200g),South,2023-12-25,3208,99.48,24.5,No_Festival,5,No,No
Paneer (200g),West,2020-12-28,831,89.66,22.5,No_Festival,2,No,No
Paneer (200g),West,2021-01-04,2247,90.58,21.2,No_Festival,6,No,No
Paneer (200g),West,2021-01-11,2669,88.82,23.1,Makar Sankranti,6,Yes,Yes
Paneer (200g),West,2021-01-18,1614,91.05,22.0,No_Festival,4,No,No
Paneer (200g),West,2021-01-25,1901,89.76,20.6,No_Festival,5,No,No
Paneer (200g),West,2021-02-01,1903,89.89,23.9,No_Festival,5,No,No
Paneer (200g),West,2021-02-08,3059,90.6,23.2,No_Festival,7,No,No
Paneer (200g),West,2021-02-15,2260,89.37,24.2,No_Festival,5,No,No
Paneer (200g),West,2021-02-22,2823,89.73,22.0,No_Festival,6,No,No
Paneer (200g),West,2021-03-01,3075,90.07,28.0,No_Festival,7,No,No
Paneer (200g),West,2021-03-08,1686,88.87,29.3,No_Festival,4,No,No
Paneer (200g),West,2021-03-15,2520,90.17,27.3,No_Festival,6,No,No
Paneer (200g),West,2021-03-22,3175,88.82,26.5,Holi,6,Yes,Yes
Paneer (200g),West,2021-03-29,1314,89.77,29.3,No_Festival,3,No,No
Paneer (200g),West,2021-04-05,2897,90.7,32.8,No_Festival,7,No,No
Paneer (200g),West,2021-04-12,1953,90.16,29.9,No_Festival,5,No,No
Paneer (200g),West,2021-04-19,2072,88.99,31.4,No_Festival,5,No,No
Paneer (200g),West,2021-04-26,1979,91.06,33.9,No_Festival,4,No,No
Paneer (200g),West,2021-05-03,2616,89.3,35.8,No_Festival,6,No,No
Paneer (200g),West,2021-05-10,2355,89.82,35.4,No_Festival,6,No,No
Paneer (200g),West,2021-05-17,2228,90.61,34.9,No_Festival,5,No,No
Paneer (200g),West,2021-05-24,1992,90.12,35.8,No_Festival,6,No,No
Paneer (200g),West,2021-05-31,1874,90.25,31.5,No_Festival,5,No,No
Paneer (200g),West,2021-06-07,3357,90.64,32.2,No_Festival,6,No,No
Paneer (200g),West,2021-06-14,2282,90.25,31.5,No_Festival,5,No,No
Paneer (200g),West,2021-06-21,1957,89.9,32.0,No_Festival,6,No,No
Paneer (200g),West,2021-06-28,1999,90.51,29.5,No_Festival,5,No,No
Paneer (200g),West,2021-07-05,1735,88.32,29.1,No_Festival,4,No,No
Paneer (200g),West,2021-07-12,2029,89.57,28.5,No_Festival,5,No,No
Paneer (200g),West,2021-07-19,2291,90.26,28.8,No_Festival,5,No,Yes
Paneer (200g),West,2021-07-26,3000,90.55,29.5,No_Festival,7,No,No
Paneer (200g),West,2021-08-02,1731,88.88,29.0,No_Festival,4,No,No
Paneer (200g),West,2021-08-09,2773,90.22,27.7,Independence Day,6,Yes,Yes
Paneer (200g),West,2021-08-16,3313,89.37,28.3,Raksha Bandhan,6,Yes,Yes
Paneer (200g),West,2021-08-23,367,88.34,24.9,No_Festival,1,No,No
Paneer (200g),West,2021-08-30,1837,90.74,29.2,Janmashtami,4,Yes,Yes
Paneer (200g),West,2021-09-06,2689,91.3,29.3,No_Festival,7,No,No
Paneer (200g),West,2021-09-13,2336,90.85,29.3,No_Festival,6,No,No
Paneer (200g),West,2021-09-20,2198,91.05,27.8,No_Festival,6,No,No
Paneer (200g),West,2021-09-27,2912,89.53,30.0,No_Festival,5,No,No
Paneer (200g),West,2021-10-04,3154,89.5,30.2,No_Festival,5,No,No
Paneer (200g),West,2021-10-11,3611,90.44,30.1,Navratri,5,Yes,Yes
Paneer (200g),West,2021-10-18,3887,89.03,31.4,No_Festival,7,No,No
Paneer (200g),West,2021-10-25,3611,90.51,30.0,No_Festival,6,No,No
Paneer (200g),West,2021-11-01,3146,89.91,26.0,Diwali,5,Yes,Yes
Paneer (200g),West,2021-11-08,4296,89.8,26.5,No_Festival,7,No,No
Paneer (200g),West,2021-11-15,3798,90.23,27.1,Guru Nanak Jayanti,6,Yes,Yes
Paneer (200g),West,2021-11-22,2042,89.58,25.3,No_Festival,4,No,No
Paneer (200g),West,2021-11-29,3983,90.68,22.1,No_Festival,6,No,No
Paneer (200g),West,2021-12-06,3360,91.06,21.4,No_Festival,5,No,No
Paneer (200g),West,2021-12-13,2590,90.15,22.2,No_Festival,5,No,No
Paneer (200g),West,2021-12-20,4135,90.25,22.4,Christmas,7,Yes,Yes
Paneer (200g),West,2021-12-27,1334,90.34,20.9,No_Festival,3,No,No
Paneer (200g),West,2022-01-03,1126,95.33,21.0,No_Festival,4,No,No
Paneer (200g),West,2022-01-10,3109,94.4,22.3,Makar Sankranti,7,Yes,Yes
Paneer (200g),West,2022-01-17,1851,94.9,21.4,No_Festival,4,No,No
Paneer (200g),West,2022-01-24,2267,94.36,22.6,Republic Day,5,Yes,Yes
Paneer (200g),West,2022-01-31,1487,95.63,23.5,No_Festival,5,No,No
Paneer (200g),West,2022-02-07,2324,95.82,25.1,No_Festival,5,No,No
Paneer (200g),West,2022-02-14,2115,94.77,25.2,No_Festival,5,No,No
Paneer (200g),West,2022-02-21,2067,93.88,25.3,No_Festival,5,No,No
Paneer (200g),West,2022-02-28,2050,94.24,27.6,No_Festival,5,No,No
Paneer (200g),West,2022-03-07,2977,94.39,27.5,No_Festival,6,No,No
Paneer (200g),West,2022-03-14,2416,95.01,27.6,Holi,6,Yes,Yes
Paneer (200g),West,2022-03-21,2523,94.15,27.9,No_Festival,6,No,No
Paneer (200g),West,2022-03-28,2613,94.59,30.1,No_Festival,7,No,No
Paneer (200g),West,2022-04-04,2611,94.15,32.0,No_Festival,6,No,No
Paneer (200g),West,2022-04-11,1893,94.24,31.2,Baisakhi,5,Yes,Yes
Paneer (200g),West,2022-04-18,2330,94.21,32.3,No_Festival,6,No,No
Paneer (200g),West,2022-04-25,1200,93.46,29.9,No_Festival,4,No,No
Paneer (200g),West,2022-05-02,2717,94.16,34.7,No_Festival,6,No,No
Paneer (200g),West,2022-05-09,1447,95.82,36.2,No_Festival,4,No,No
Paneer (200g),West,2022-05-16,3203,93.48,36.8,No_Festival,6,No,No
Paneer (200g),West,2022-05-23,2243,94.72,35.9,No_Festival,5,No,No
Paneer (200g),West,2022-05-30,2570,93.69,33.1,No_Festival,7,No,No
Paneer (200g),West,2022-06-06,2393,94.28,32.2,No_Festival,5,No,No
Paneer (200g),West,2022-06-13,2199,93.45,32.0,No_Festival,6,No,No
Paneer (200g),West,2022-06-20,1707,94.22,32.4,No_Festival,5,No,No
Paneer (200g),West,2022-06-27,2172,95.64,30.5,No_Festival,5,No,No
Paneer (200g),West,2022-07-04,1197,95.67,27.9,No_Festival,3,No,No
Paneer (200g),West,2022-07-11,2531,94.34,28.2,No_Festival,7,No,No
Paneer (200g),West,2022-07-18,2773,94.14,29.0,No_Festival,7,No,No
Paneer (200g),West,2022-07-25,3079,93.36,28.2,No_Festival,6,No,No
Paneer (200g),West,2022-08-01,1354,94.11,27.7,No_Festival,3,No,No
Paneer (200g),West,2022-08-08,2660,94.78,28.8,Raksha Bandhan,5,Yes,Yes
Paneer (200g),West,2022-08-15,3359,94.17,26.6,"Independence Day, Janmashtami",6,Yes,Yes
Paneer (200g),West,2022-08-22,2260,94.48,27.0,No_Festival,5,No,No
Paneer (200g),West,2022-08-29,1862,94.25,28.5,No_Festival,5,No,No
Paneer (200g),West,2022-09-05,3019,94.89,28.2,No_Festival,6,No,No
Paneer (200g),West,2022-09-12,2491,95.16,29.1,No_Festival,6,No,No
Paneer (200g),West,2022-09-19,1826,93.92,30.2,No_Festival,5,No,No
Paneer (200g),West,2022-09-26,1936,95.37,29.7,No_Festival,4,No,No
Paneer (200g),West,2022-10-03,1383,94.8,30.5,No_Festival,3,No,No
Paneer (200g),West,2022-10-10,2513,94.14,30.7,No_Festival,5,No,No
Paneer (200g),West,2022-10-17,1434,94.51,26.8,No_Festival,3,No,No
Paneer (200g),West,2022-10-24,2965,96.18,29.4,Diwali,4,Yes,Yes
Paneer (200g),West,2022-10-31,2336,93.47,28.2,No_Festival,5,No,No
Paneer (200g),West,2022-11-07,3449,94.02,26.4,Guru Nanak Jayanti,6,Yes,Yes
Paneer (200g),West,2022-11-14,4007,94.36,26.6,No_Festival,6,No,No
Paneer (200g),West,2022-11-21,2817,95.02,26.6,No_Festival,5,No,No
Paneer (200g),West,2022-11-28,1834,95.06,24.0,No_Festival,4,No,No
Paneer (200g),West,2022-12-05,2920,95.37,22.8,No_Festival,5,No,No
Paneer (200g),West,2022-12-12,2303,93.79,21.1,No_Festival,4,No,No
Paneer (200g),West,2022-12-19,1797,96.04,21.0,Christmas,3,Yes,Yes
Paneer (200g),West,2022-12-26,3381,94.34,22.2,No_Festival,6,No,No
Paneer (200g),West,2023-01-02,2224,98.78,22.4,No_Festival,5,No,No
Paneer (200g),West,2023-01-09,2192,98.32,22.8,No_Festival,5,No,No
Paneer (200g),West,2023-01-16,1295,98.82,21.4,No_Festival,3,No,No
Paneer (200g),West,2023-01-23,3076,99.94,21.7,Republic Day,6,Yes,Yes
Paneer (200g),West,2023-01-30,2093,96.96,24.9,No_Festival,5,No,No
Paneer (200g),West,2023-02-06,2253,98.8,22.3,No_Festival,5,No,No
Paneer (200g),West,2023-02-13,1515,98.57,24.6,No_Festival,4,No,No
Paneer (200g),West,2023-02-20,2323,99.13,25.0,No_Festival,6,No,No
Paneer (200g),West,2023-02-27,2473,98.49,27.0,No_Festival,6,No,No
Paneer (200g),West,2023-03-06,2776,100.45,28.5,Holi,7,Yes,Yes
Paneer (200g),West,2023-03-13,2196,99.08,27.0,No_Festival,5,No,No
Paneer (200g),West,2023-03-20,2384,98.68,28.4,No_Festival,5,No,No
Paneer (200g),West,2023-03-27,2218,99.11,27.2,No_Festival,6,No,No
Paneer (200g),West,2023-04-03,2860,99.13,32.5,No_Festival,7,No,No
Paneer (200g),West,2023-04-10,1560,99.17,31.3,No_Festival,4,No,No
Paneer (200g),West,2023-04-17,2881,98.56,31.9,No_Festival,7,No,Yes
Paneer (200g),West,2023-04-24,1888,98.87,33.4,No_Festival,4,No,No
Paneer (200g),West,2023-05-01,2840,99.42,35.8,No_Festival,6,No,No
Paneer (200g),West,2023-05-08,2144,98.48,36.4,No_Festival,5,No,No
Paneer (200g),West,2023-05-15,1732,97.89,36.5,No_Festival,5,No,No
Paneer (200g),West,2023-05-22,1872,98.3,36.6,No_Festival,5,No,No
Paneer (200g),West,2023-05-29,2268,98.8,31.7,No_Festival,5,No,No
Paneer (200g),West,2023-06-05,1923,100.43,31.5,No_Festival,5,No,No
Paneer (200g),West,2023-06-12,3292,99.6,32.5,No_Festival,7,No,No
Paneer (200g),West,2023-06-19,1495,99.42,31.8,No_Festival,4,No,No
Paneer (200g),West,2023-06-26,1141,99.28,32.0,No_Festival,3,No,No
Paneer (200g),West,2023-07-03,2782,98.44,29.7,No_Festival,7,No,No
Paneer (200g),West,2023-07-10,1565,98.98,28.2,No_Festival,4,No,No
Paneer (200g),West,2023-07-17,2173,98.53,28.8,No_Festival,5,No,No
Paneer (200g),West,2023-07-24,2949,99.0,28.8,No_Festival,7,No,No
Paneer (200g),West,2023-07-31,2393,99.15,27.1,No_Festival,5,No,No
Paneer (200g),West,2023-08-07,2504,98.14,29.9,No_Festival,6,No,No
Paneer (200g),West,2023-08-14,2822,98.02,29.2,Independence Day,6,Yes,Yes
Paneer (200g),West,2023-08-21,2820,100.18,28.3,No_Festival,6,No,No
Paneer (200g),West,2023-08-28,2027,98.81,28.3,Raksha Bandhan,5,Yes,Yes
Paneer (200g),West,2023-09-04,2165,99.86,27.4,Janmashtami,5,Yes,Yes
Paneer (200g),West,2023-09-11,2410,98.6,28.2,No_Festival,5,No,No
Paneer (200g),West,2023-09-18,1802,97.64,28.8,No_Festival,5,No,No
Paneer (200g),West,2023-09-25,2365,100.71,29.7,No_Festival,5,No,No
Paneer (200g),West,2023-10-02,1716,99.35,31.0,No_Festival,3,No,No
Paneer (200g),West,2023-10-09,2643,99.84,31.6,No_Festival,5,No,No
Paneer (200g),West,2023-10-16,2731,99.23,28.5,No_Festival,6,No,No
Paneer (200g),West,2023-10-23,3575,99.32,30.5,No_Festival,5,No,No
Paneer (200g),West,2023-10-30,3294,98.65,26.9,No_Festival,6,No,No
Paneer (200g),West,2023-11-06,2497,98.42,25.2,Diwali,5,Yes,Yes
Paneer (200g),West,2023-11-13,1655,98.35,26.0,No_Festival,3,No,No
Paneer (200g),West,2023-11-20,3902,100.89,25.2,No_Festival,7,No,No
Paneer (200g),West,2023-11-27,3377,99.64,23.6,No_Festival,6,No,No
Paneer (200g),West,2023-12-04,3143,97.8,22.0,No_Festival,6,No,No
Paneer (200g),West,2023-12-11,3030,99.1,21.0,No_Festival,5,No,No
Paneer (200g),West,2023-12-18,2514,98.66,22.6,No_Festival,4,No,No
Paneer (200g),West,2023-12-25,2966,97.96,21.7,Christmas,5,Yes,Yes
Skimmed Milk (1L),Central,2020-12-28,2259,54.15,17.4,No_Festival,3,No,No
Skimmed Milk (1L),Central,2021-01-04,3779,55.17,18.2,No_Festival,6,No,No
Skimmed Milk (1L),Central,2021-01-11,3897,55.61,18.6,Makar Sankranti,7,Yes,Yes
Skimmed Milk (1L),Central,2021-01-18,3264,54.72,17.8,No_Festival,6,No,No
Skimmed Milk (1L),Central,2021-01-25,4125,55.71,17.1,Republic Day,7,Yes,Yes
Skimmed Milk (1L),Central,2021-02-01,3762,55.44,19.6,No_Festival,6,No,No
Skimmed Milk (1L),Central,2021-02-08,3729,55.41,22.7,No_Festival,6,No,No
Skimmed Milk (1L),Central,2021-02-15,3442,55.23,21.6,No_Festival,6,No,No
Skimmed Milk (1L),Central,2021-02-22,3838,55.38,20.2,No_Festival,6,No,No
Skimmed Milk (1L),Central,2021-03-01,1946,55.44,27.0,No_Festival,4,No,No
Skimmed Milk (1L),Central,2021-03-08,2676,55.36,26.8,No_Festival,5,No,No
Skimmed Milk (1L),Central,2021-03-15,3197,54.81,28.0,No_Festival,6,No,No
Skimmed Milk (1L),Central,2021-03-22,4207,55.42,27.1,Holi,7,Yes,Yes
Skimmed Milk (1L),Central,2021-03-29,4430,55.3,30.5,No_Festival,7,No,No
Skimmed Milk (1L),Central,2021-04-05,2196,54.7,31.9,No_Festival,4,No,No
Skimmed Milk (1L),Central,2021-04-12,3265,55.34,33.5,Baisakhi,6,Yes,Yes
Skimmed Milk (1L),Central,2021-04-19,2896,54.44,33.2,No_Festival,5,No,No
Skimmed Milk (1L),Central,2021-04-26,2175,54.63,34.4,No_Festival,4,No,No
Skimmed Milk (1L),Central,2021-05-03,2291,54.73,38.3,No_Festival,4,No,No
Skimmed Milk (1L),Central,2021-05-10,2494,55.19,38.8,No_Festival,4,No,No
Skimmed Milk (1L),Central,2021-05-17,2623,55.13,38.4,No_Festival,6,No,No
Skimmed Milk (1L),Central,2021-05-24,2078,54.7,38.5,No_Festival,4,No,No
Skimmed Milk (1L),Central,2021-05-31,2922,54.4,36.0,No_Festival,4,No,No
Skimmed Milk (1L),Central,2021-06-07,3420,54.93,36.7,No_Festival,6,No,No
Skimmed Milk (1L),Central,2021-06-14,2844,54.65,36.6,No_Festival,6,No,No
Skimmed Milk (1L),Central,2021-06-21,2951,54.83,37.0,No_Festival,5,No,No
Skimmed Milk (1L),Central,2021-06-28,3513,54.95,32.9,No_Festival,7,No,No
Skimmed Milk (1L),Central,2021-07-05,3427,54.92,30.7,No_Festival,6,No,No
Skimmed Milk (1L),Central,2021-07-12,3854,54.3,31.1,No_Festival,7,No,No
Skimmed Milk (1L),Central,2021-07-19,3678,54.99,31.0,No_Festival,7,No,Yes
Skimmed Milk (1L),Central,2021-07-26,3686,54.29,30.9,No_Festival,6,No,No
Skimmed Milk (1L),Central,2021-08-02,3598,54.43,29.5,No_Festival,7,No,No
Skimmed Milk (1L),Central,2021-08-09,3355,55.6,28.7,Independence Day,6,Yes,Yes
Skimmed Milk (1L),Central,2021-08-16,4768,55.39,29.9,Raksha Bandhan,7,Yes,Yes
Skimmed Milk (1L),Central,2021-08-23,1537,55.17,31.0,No_Festival,3,No,No
Skimmed Milk (1L),Central,2021-08-30,4652,55.0,28.9,Janmashtami,7,Yes,Yes
Skimmed Milk (1L),Central,2021-09-06,3677,55.94,30.2,No_Festival,7,No,No
Skimmed Milk (1L),Central,2021-09-13,4050,54.99,29.1,No_Festival,6,No,No
Skimmed Milk (1L),Central,2021-09-20,1957,55.26,29.7,No_Festival,4,No,No
Skimmed Milk (1L),Central,2021-09-27,3640,54.66,29.0,Gandhi Jayanti,6,Yes,Yes
Skimmed Milk (1L),Central,2021-10-04,4248,55.07,28.0,No_Festival,7,No,No
Skimmed Milk (1L),Central,2021-10-11,2695,54.86,27.9,No_Festival,5,No,No
Skimmed Milk (1L),Central,2021-10-18,1384,53.72,26.3,No_Festival,2,No,No
Skimmed Milk (1L),Central,2021-10-25,3068,54.71,27.0,No_Festival,5,No,No
Skimmed Milk (1L),Central,2021-11-01,3596,54.44,23.0,Diwali,6,Yes,Yes
Skimmed Milk (1L),Central,2021-11-08,1735,56.06,23.4,No_Festival,3,No,No
Skimmed Milk (1L),Central,2021-11-15,2826,55.51,22.4,Guru Nanak Jayanti,5,Yes,Yes
Skimmed Milk (1L),Central,2021-11-22,3057,55.28,22.9,No_Festival,5,No,No
Skimmed Milk (1L),Central,2021-11-29,3299,55.82,18.3,No_Festival,6,No,No
Skimmed Milk (1L),Central,2021-12-06,2422,54.26,19.6,No_Festival,4,No,No
Skimmed Milk (1L),Central,2021-12-13,3826,54.41,18.4,No_Festival,6,No,No
Skimmed Milk (1L),Central,2021-12-20,4771,55.53,17.0,Christmas,7,Yes,Yes
Skimmed Milk (1L),Central,2021-12-27,2591,55.45,17.1,No_Festival,5,No,No
Skimmed Milk (1L),Central,2022-01-03,2738,57.47,18.8,No_Festival,5,No,No
Skimmed Milk (1L),Central,2022-01-10,2968,57.91,17.2,Makar Sankranti,6,Yes,Yes
Skimmed Milk (1L),Central,2022-01-17,4264,57.44,17.2,No_Festival,6,No,No
Skimmed Milk (1L),Central,2022-01-24,2996,57.73,17.3,Republic Day,5,Yes,Yes
Skimmed Milk (1L),Central,2022-01-31,2810,57.81,19.4,No_Festival,6,No,No
Skimmed Milk (1L),Central,2022-02-07,1680,58.06,22.3,No_Festival,3,No,No
Skimmed Milk (1L),Central,2022-02-14,3812,57.89,21.6,No_Festival,5,No,No
Skimmed Milk (1L),Central,2022-02-21,3318,58.0,21.2,No_Festival,7,No,No
Skimmed Milk (1L),Central,2022-02-28,3747,57.13,25.2,No_Festival,7,No,No
Skimmed Milk (1L),Central,2022-03-07,3313,57.51,27.5,No_Festival,7,No,No
Skimmed Milk (1L),Central,2022-03-14,2278,57.57,25.8,Holi,4,Yes,Yes
Skimmed Milk (1L),Central,2022-03-21,1770,57.87,26.8,No_Festival,4,No,No
Skimmed Milk (1L),Central,2022-03-28,3347,57.68,29.5,No_Festival,5,No,No
Skimmed Milk (1L),Central,2022-04-04,3586,58.1,34.6,No_Festival,6,No,No
Skimmed Milk (1L),Central,2022-04-11,3268,57.73,32.2,Baisakhi,6,Yes,Yes
Skimmed Milk (1L),Central,2022-04-18,2301,58.35,32.8,No_Festival,5,No,No
Skimmed Milk (1L),Central,2022-04-25,2425,57.67,34.4,No_Festival,4,No,No
Skimmed Milk (1L),Central,2022-05-02,2977,57.52,39.7,No_Festival,5,No,Yes
Skimmed Milk (1L),Central,2022-05-09,3025,57.68,39.0,No_Festival,5,No,No
Skimmed Milk (1L),Central,2022-05-16,4261,57.83,38.1,No_Festival,7,No,No
Skimmed Milk (1L),Central,2022-05-23,3998,57.56,37.0,No_Festival,7,No,No
Skimmed Milk (1L),Central,2022-05-30,2058,57.06,36.4,No_Festival,4,No,No
Skimmed Milk (1L),Central,2022-06-06,2786,57.9,35.0,No_Festival,6,No,No
Skimmed Milk (1L),Central,2022-06-13,2904,57.12,36.0,No_Festival,5,No,No
Skimmed Milk (1L),Central,2022-06-20,2956,57.54,36.4,No_Festival,4,No,No
Skimmed Milk (1L),Central,2022-06-27,4095,57.9,36.4,No_Festival,6,No,No
Skimmed Milk (1L),Central,2022-07-04,2347,58.05,31.0,No_Festival,5,No,Yes
Skimmed Milk (1L),Central,2022-07-11,2960,57.78,32.0,No_Festival,5,No,No
Skimmed Milk (1L),Central,2022-07-18,3676,58.33,30.4,No_Festival,7,No,No
Skimmed Milk (1L),Central,2022-07-25,2858,57.22,31.7,No_Festival,5,No,No
Skimmed Milk (1L),Central,2022-08-01,2590,58.09,28.7,No_Festival,4,No,No
Skimmed Milk (1L),Central,2022-08-08,2228,58.18,31.0,No_Festival,4,No,No
Skimmed Milk (1L),Central,2022-08-15,3557,57.54,30.9,Independence Day,6,Yes,Yes
Skimmed Milk (1L),Central,2022-08-22,3592,57.85,31.1,No_Festival,6,No,No
Skimmed Milk (1L),Central,2022-08-29,4586,57.65,30.2,No_Festival,7,No,No
Skimmed Milk (1L),Central,2022-09-05,3815,58.66,30.0,No_Festival,6,No,No
Skimmed Milk (1L),Central,2022-09-12,2811,57.39,29.0,No_Festival,5,No,No
Skimmed Milk (1L),Central,2022-09-19,3170,58.18,31.1,No_Festival,7,No,No
Skimmed Milk (1L),Central,2022-09-26,2694,58.05,27.8,Gandhi Jayanti,5,Yes,Yes
Skimmed Milk (1L),Central,2022-10-03,2866,57.64,30.4,No_Festival,5,No,No
Skimmed Milk (1L),Central,2022-10-10,2282,58.54,28.5,No_Festival,4,No,No
Skimmed Milk (1L),Central,2022-10-17,2512,56.99,27.1,No_Festival,4,No,No
Skimmed Milk (1L),Central,2022-10-24,1579,58.16,27.0,No_Festival,3,No,No
Skimmed Milk (1L),Central,2022-10-31,3415,57.86,23.4,No_Festival,6,No,No
Skimmed Milk (1L),Central,2022-11-07,3817,57.66,22.1,Guru Nanak Jayanti,6,Yes,Yes
Skimmed Milk (1L),Central,2022-11-14,2646,57.92,22.6,No_Festival,5,No,No
Skimmed Milk (1L),Central,2022-11-21,3083,57.19,22.4,No_Festival,5,No,No
Skimmed Milk (1L),Central,2022-11-28,4030,57.87,20.3,No_Festival,7,No,No
Skimmed Milk (1L),Central,2022-12-05,3438,57.4,19.1,No_Festival,5,No,No
Skimmed Milk (1L),Central,2022-12-12,3062,58.1,18.9,No_Festival,6,No,No
Skimmed Milk (1L),Central,2022-12-19,3100,57.58,17.5,Christmas,5,Yes,Yes
Skimmed Milk (1L),Central,2022-12-26,2193,58.42,18.6,No_Festival,5,No,No
Skimmed Milk (1L),Central,2023-01-02,3491,60.97,17.8,No_Festival,7,No,No
Skimmed Milk (1L),Central,2023-01-09,4109,60.52,17.8,Makar Sankranti,6,Yes,Yes
Skimmed Milk (1L),Central,2023-01-16,3818,60.31,17.0,No_Festival,6,No,No
Skimmed Milk (1L),Central,2023-01-23,2581,59.52,17.8,No_Festival,5,No,No
Skimmed Milk (1L),Central,2023-01-30,2752,61.26,20.2,No_Festival,4,No,No
Skimmed Milk (1L),Central,2023-02-06,3231,59.44,22.2,No_Festival,6,No,No
Skimmed Milk (1L),Central,2023-02-13,4359,60.42,22.8,No_Festival,6,No,No
Skimmed Milk (1L),Central,2023-02-20,1745,60.26,20.3,No_Festival,4,No,No
Skimmed Milk (1L),Central,2023-02-27,3517,60.22,25.8,No_Festival,7,No,No
Skimmed Milk (1L),Central,2023-03-06,4458,60.23,27.6,Holi,6,Yes,Yes
Skimmed Milk (1L),Central,2023-03-13,2601,60.35,26.2,No_Festival,5,No,No
Skimmed Milk (1L),Central,2023-03-20,2032,60.1,26.4,No_Festival,3,No,No
Skimmed Milk (1L),Central,2023-03-27,2497,60.07,27.5,No_Festival,5,No,No
Skimmed Milk (1L),Central,2023-04-03,3538,60.82,32.2,No_Festival,6,No,No
Skimmed Milk (1L),Central,2023-04-10,4164,60.54,32.8,Baisakhi,6,Yes,Yes
Skimmed Milk (1L),Central,2023-04-17,2533,60.36,33.0,No_Festival,5,No,Yes
Skimmed Milk (1L),Central,2023-04-24,2796,60.68,33.9,No_Festival,5,No,No
Skimmed Milk (1L),Central,2023-05-01,3160,60.27,37.6,No_Festival,6,No,No
Skimmed Milk (1L),Central,2023-05-08,3357,60.38,39.1,No_Festival,6,No,No
Skimmed Milk (1L),Central,2023-05-15,2631,60.24,37.2,No_Festival,6,No,No
Skimmed Milk (1L),Central,2023-05-22,2957,60.74,39.0,No_Festival,5,No,No
Skimmed Milk (1L),Central,2023-05-29,2032,60.93,36.2,No_Festival,4,No,No
Skimmed Milk (1L),Central,2023-06-05,1928,60.33,35.8,No_Festival,4,No,No
Skimmed Milk (1L),Central,2023-06-12,2777,60.82,37.9,No_Festival,6,No,No
Skimmed Milk (1L),Central,2023-06-19,3612,60.78,36.4,No_Festival,5,No,No
Skimmed Milk (1L),Central,2023-06-26,2731,61.37,36.0,No_Festival,5,No,Yes
Skimmed Milk (1L),Central,2023-07-03,2929,60.8,30.9,No_Festival,5,No,No
Skimmed Milk (1L),Central,2023-07-10,2771,60.52,31.0,No_Festival,5,No,No
Skimmed Milk (1L),Central,2023-07-17,3281,60.26,32.4,No_Festival,6,No,No
Skimmed Milk (1L),Central,2023-07-24,3895,60.31,30.4,No_Festival,6,No,No
Skimmed Milk (1L),Central,2023-07-31,1327,59.54,30.0,No_Festival,3,No,No
Skimmed Milk (1L),Central,2023-08-07,3352,60.98,29.3,No_Festival,7,No,No
Skimmed Milk (1L),Central,2023-08-14,2775,60.86,29.7,Independence Day,5,Yes,Yes
Skimmed Milk (1L),Central,2023-08-21,2721,60.62,30.6,No_Festival,6,No,No
Skimmed Milk (1L),Central,2023-08-28,2337,61.12,30.5,Raksha Bandhan,4,Yes,Yes
Skimmed Milk (1L),Central,2023-09-04,2210,60.53,30.0,Janmashtami,4,Yes,Yes
Skimmed Milk (1L),Central,2023-09-11,3438,59.78,29.2,No_Festival,5,No,No
Skimmed Milk (1L),Central,2023-09-18,2867,59.64,30.2,No_Festival,6,No,No
Skimmed Milk (1L),Central,2023-09-25,3001,60.34,30.4,No_Festival,5,No,No
Skimmed Milk (1L),Central,2023-10-02,3528,60.79,28.0,Gandhi Jayanti,6,Yes,Yes
Skimmed Milk (1L),Central,2023-10-09,3719,60.54,28.4,No_Festival,6,No,No
Skimmed Milk (1L),Central,2023-10-16,2919,60.43,27.7,No_Festival,5,No,No
Skimmed Milk (1L),Central,2023-10-23,2630,60.38,27.9,No_Festival,5,No,No
Skimmed Milk (1L),Central,2023-10-30,2489,61.21,26.4,No_Festival,4,No,No
Skimmed Milk (1L),Central,2023-11-06,2944,60.72,21.9,Diwali,4,Yes,Yes
Skimmed Milk (1L),Central,2023-11-13,2293,61.4,22.9,No_Festival,4,No,No
Skimmed Milk (1L),Central,2023-11-20,2591,59.98,23.2,No_Festival,4,No,No
Skimmed Milk (1L),Central,2023-11-27,3255,60.02,21.3,No_Festival,5,No,No
Skimmed Milk (1L),Central,2023-12-04,2863,60.6,18.6,No_Festival,4,No,No
Skimmed Milk (1L),Central,2023-12-11,4060,60.72,19.7,No_Festival,7,No,No
Skimmed Milk (1L),Central,2023-12-18,2724,60.24,19.7,No_Festival,4,No,No
Skimmed Milk (1L),Central,2023-12-25,2898,61.44,18.6,Christmas,5,Yes,Yes
Skimmed Milk (1L),East,2020-12-28,1952,55.32,17.6,No_Festival,3,No,No
Skimmed Milk (1L),East,2021-01-04,1886,54.82,18.4,No_Festival,4,No,No
Skimmed Milk (1L),East,2021-01-11,3268,54.67,19.6,No_Festival,6,No,No
Skimmed Milk (1L),East,2021-01-18,4513,54.58,18.7,No_Festival,7,No,No
Skimmed Milk (1L),East,2021-01-25,3426,54.51,18.4,Republic Day,6,Yes,Yes
Skimmed Milk (1L),East,2021-02-01,4430,54.65,20.3,No_Festival,7,No,No
Skimmed Milk (1L),East,2021-02-08,1745,54.75,20.4,No_Festival,4,No,No
Skimmed Milk (1L),East,2021-02-15,3638,55.48,22.8,No_Festival,6,No,No
Skimmed Milk (1L),East,2021-02-22,2577,54.56,22.0,No_Festival,4,No,No
Skimmed Milk (1L),East,2021-03-01,2421,54.2,26.9,No_Festival,5,No,No
Skimmed Milk (1L),East,2021-03-08,4203,54.95,25.8,No_Festival,7,No,No
Skimmed Milk (1L),East,2021-03-15,2581,55.3,28.5,No_Festival,5,No,No
Skimmed Milk (1L),East,2021-03-22,3063,54.94,25.7,Holi,4,Yes,Yes
Skimmed Milk (1L),East,2021-03-29,2288,54.75,30.7,No_Festival,4,No,No
Skimmed Milk (1L),East,2021-04-05,2281,55.4,32.0,No_Festival,4,No,No
Skimmed Milk (1L),East,2021-04-12,3479,54.82,32.0,Baisakhi,7,Yes,Yes
Skimmed Milk (1L),East,2021-04-19,3665,55.26,31.5,No_Festival,6,No,No
Skimmed Milk (1L),East,2021-04-26,2145,54.69,33.0,No_Festival,5,No,No
Skimmed Milk (1L),East,2021-05-03,3624,54.72,33.3,No_Festival,6,No,No
Skimmed Milk (1L),East,2021-05-10,3494,55.18,34.6,No_Festival,6,No,Yes
Skimmed Milk (1L),East,2021-05-17,4288,54.73,35.4,No_Festival,7,No,No
Skimmed Milk (1L),East,2021-05-24,1754,55.09,32.8,No_Festival,4,No,No
Skimmed Milk (1L),East,2021-05-31,3116,55.32,33.9,No_Festival,6,No,No
Skimmed Milk (1L),East,2021-06-07,2033,55.44,32.4,No_Festival,4,No,No
Skimmed Milk (1L),East,2021-06-14,1988,55.78,32.6,No_Festival,4,No,No
Skimmed Milk (1L),East,2021-06-21,3370,54.97,32.5,No_Festival,6,No,No
Skimmed Milk (1L),East,2021-06-28,2174,54.71,31.9,No_Festival,4,No,No
Skimmed Milk (1L),East,2021-07-05,3122,55.67,29.7,No_Festival,6,No,No
Skimmed Milk (1L),East,2021-07-12,3111,55.17,29.6,No_Festival,6,No,No
Skimmed Milk (1L),East,2021-07-19,2492,55.3,29.2,No_Festival,5,No,Yes
Skimmed Milk (1L),East,2021-07-26,1366,55.07,29.9,No_Festival,3,No,No
Skimmed Milk (1L),East,2021-08-02,2065,54.75,29.3,No_Festival,4,No,No
Skimmed Milk (1L),East,2021-08-09,3507,55.13,30.2,Independence Day,6,Yes,Yes
Skimmed Milk (1L),East,2021-08-16,3674,54.94,29.5,Raksha Bandhan,6,Yes,Yes
Skimmed Milk (1L),East,2021-08-23,2749,55.24,31.0,No_Festival,5,No,No
Skimmed Milk (1L),East,2021-08-30,3954,55.09,29.6,Janmashtami,7,Yes,Yes
Skimmed Milk (1L),East,2021-09-06,2912,55.17,29.5,No_Festival,5,No,No
Skimmed Milk (1L),East,2021-09-13,3736,54.82,30.0,No_Festival,6,No,No
Skimmed Milk (1L),East,2021-09-20,3555,54.27,29.0,No_Festival,6,No,No
Skimmed Milk (1L),East,2021-09-27,2033,54.95,26.5,Gandhi Jayanti,3,Yes,Yes
Skimmed Milk (1L),East,2021-10-04,2859,56.23,26.1,No_Festival,5,No,No
Skimmed Milk (1L),East,2021-10-11,3459,55.42,28.8,Navratri,5,Yes,Yes
Skimmed Milk (1L),East,2021-10-18,4701,54.57,27.3,No_Festival,7,No,No
Skimmed Milk (1L),East,2021-10-25,4036,55.29,27.2,No_Festival,7,No,No
Skimmed Milk (1L),East,2021-11-01,3678,54.58,23.3,Diwali,6,Yes,Yes
Skimmed Milk (1L),East,2021-11-08,4379,54.94,22.4,No_Festival,7,No,No
Skimmed Milk (1L),East,2021-11-15,2847,54.94,24.2,No_Festival,5,No,No
Skimmed Milk (1L),East,2021-11-22,3214,54.84,20.6,No_Festival,6,No,No
Skimmed Milk (1L),East,2021-11-29,2463,54.88,18.1,No_Festival,5,No,No
Skimmed Milk (1L),East,2021-12-06,2734,54.94,16.6,No_Festival,5,No,No
Skimmed Milk (1L),East,2021-12-13,2537,54.36,17.2,No_Festival,5,No,No
Skimmed Milk (1L),East,2021-12-20,2126,55.19,15.7,Christmas,3,Yes,Yes
Skimmed Milk (1L),East,2021-12-27,3570,55.91,16.2,No_Festival,6,No,No
Skimmed Milk (1L),East,2022-01-03,3668,57.43,18.6,No_Festival,6,No,No
Skimmed Milk (1L),East,2022-01-10,2625,58.33,17.4,No_Festival,5,No,No
Skimmed Milk (1L),East,2022-01-17,2005,58.06,19.4,No_Festival,4,No,No
Skimmed Milk (1L),East,2022-01-24,3727,57.78,17.4,Republic Day,5,Yes,Yes
Skimmed Milk (1L),East,2022-01-31,3450,58.01,20.3,No_Festival,6,No,No
Skimmed Milk (1L),East,2022-02-07,3053,57.54,22.4,No_Festival,5,No,No
Skimmed Milk (1L),East,2022-02-14,2763,57.16,21.6,No_Festival,5,No,No
Skimmed Milk (1L),East,2022-02-21,4001,57.93,21.7,No_Festival,7,No,No
Skimmed Milk (1L),East,2022-02-28,2833,58.07,26.5,No_Festival,6,No,No
Skimmed Milk (1L),East,2022-03-07,3701,58.09,28.7,No_Festival,6,No,No
Skimmed Milk (1L),East,2022-03-14,3674,57.45,27.1,Holi,5,Yes,Yes
Skimmed Milk (1L),East,2022-03-21,3401,57.69,25.9,No_Festival,5,No,No
Skimmed Milk (1L),East,2022-03-28,992,56.9,27.9,No_Festival,3,No,No
Skimmed Milk (1L),East,2022-04-04,2315,57.7,33.8,No_Festival,4,No,No
Skimmed Milk (1L),East,2022-04-11,2855,57.88,32.1,Baisakhi,5,Yes,Yes
Skimmed Milk (1L),East,2022-04-18,2943,57.68,32.4,No_Festival,5,No,No
Skimmed Milk (1L),East,2022-04-25,4102,57.61,31.9,No_Festival,7,No,No
Skimmed Milk (1L),East,2022-05-02,1971,57.27,33.6,No_Festival,4,No,Yes
Skimmed Milk (1L),East,2022-05-09,3586,57.51,34.5,No_Festival,7,No,No
Skimmed Milk (1L),East,2022-05-16,2692,58.04,33.6,No_Festival,4,No,No
Skimmed Milk (1L),East,2022-05-23,3482,58.37,35.3,No_Festival,6,No,No
Skimmed Milk (1L),East,2022-05-30,1964,57.74,33.5,No_Festival,3,No,No
Skimmed Milk (1L),East,2022-06-06,3733,57.52,30.2,No_Festival,6,No,No
Skimmed Milk (1L),East,2022-06-13,3027,56.62,31.0,No_Festival,5,No,No
Skimmed Milk (1L),East,2022-06-20,3527,57.52,32.7,No_Festival,6,No,No
Skimmed Milk (1L),East,2022-06-27,2217,57.75,31.5,No_Festival,4,No,No
Skimmed Milk (1L),East,2022-07-04,1909,57.64,31.0,No_Festival,4,No,Yes
Skimmed Milk (1L),East,2022-07-11,3121,57.85,30.5,No_Festival,5,No,No
Skimmed Milk (1L),East,2022-07-18,2726,57.62,29.5,No_Festival,5,No,No
Skimmed Milk (1L),East,2022-07-25,3025,57.61,31.2,No_Festival,5,No,No
Skimmed Milk (1L),East,2022-08-01,3152,57.25,29.9,No_Festival,5,No,No
Skimmed Milk (1L),East,2022-08-08,2590,57.51,31.1,Raksha Bandhan,5,Yes,Yes
Skimmed Milk (1L),East,2022-08-15,5135,57.56,30.8,"Independence Day, Janmashtami",7,Yes,Yes
Skimmed Milk (1L),East,2022-08-22,4127,58.19,30.1,No_Festival,7,No,No
Skimmed Milk (1L),East,2022-08-29,2962,57.54,28.7,No_Festival,5,No,No
Skimmed Milk (1L),East,2022-09-05,4322,57.76,29.6,No_Festival,7,No,No
Skimmed Milk (1L),East,2022-09-12,1684,58.2,27.8,No_Festival,4,No,No
Skimmed Milk (1L),East,2022-09-19,2406,57.06,31.5,No_Festival,4,No,No
Skimmed Milk (1L),East,2022-09-26,4029,57.33,26.4,Gandhi Jayanti,5,Yes,Yes
Skimmed Milk (1L),East,2022-10-03,3298,58.34,27.1,No_Festival,6,No,No
Skimmed Milk (1L),East,2022-10-10,4194,57.72,28.3,No_Festival,7,No,No
Skimmed Milk (1L),East,2022-10-17,3996,57.46,25.7,No_Festival,7,No,No
Skimmed Milk (1L),East,2022-10-24,3939,58.24,27.9,Diwali,6,Yes,Yes
Skimmed Milk (1L),East,2022-10-31,3730,57.16,23.7,No_Festival,6,No,No
Skimmed Milk (1L),East,2022-11-07,3202,58.0,20.9,No_Festival,5,No,No
Skimmed Milk (1L),East,2022-11-14,4275,57.58,22.9,No_Festival,7,No,No
Skimmed Milk (1L),East,2022-11-21,2197,58.05,21.3,No_Festival,4,No,No
Skimmed Milk (1L),East,2022-11-28,2227,57.79,19.2,No_Festival,4,No,No
Skimmed Milk (1L),East,2022-12-05,3295,58.22,15.4,No_Festival,6,No,No
Skimmed Milk (1L),East,2022-12-12,2133,57.3,17.8,No_Festival,4,No,No
Skimmed Milk (1L),East,2022-12-19,2321,58.0,17.9,Christmas,3,Yes,Yes
Skimmed Milk (1L),East,2022-12-26,2578,57.38,17.5,No_Festival,4,No,No
Skimmed Milk (1L),East,2023-01-02,3650,60.29,18.9,No_Festival,6,No,No
Skimmed Milk (1L),East,2023-01-09,3362,60.5,18.1,Makar Sankranti,5,Yes,Yes
Skimmed Milk (1L),East,2023-01-16,2362,60.73,17.6,No_Festival,4,No,No
Skimmed Milk (1L),East,2023-01-23,4033,60.32,18.7,Republic Day,7,Yes,Yes
Skimmed Milk (1L),East,2023-01-30,3460,60.41,19.3,No_Festival,6,No,No
Skimmed Milk (1L),East,2023-02-06,3190,60.3,21.8,No_Festival,6,No,No
Skimmed Milk (1L),East,2023-02-13,2465,60.68,20.2,No_Festival,5,No,No
Skimmed Milk (1L),East,2023-02-20,3259,60.97,19.9,No_Festival,5,No,No
Skimmed Milk (1L),East,2023-02-27,2696,61.01,25.2,No_Festival,5,No,No
Skimmed Milk (1L),East,2023-03-06,3184,59.94,27.7,Holi,6,Yes,Yes
Skimmed Milk (1L),East,2023-03-13,3329,61.08,26.6,No_Festival,6,No,No
Skimmed Milk (1L),East,2023-03-20,3398,60.59,27.6,No_Festival,6,No,No
Skimmed Milk (1L),East,2023-03-27,3392,61.3,29.2,No_Festival,6,No,No
Skimmed Milk (1L),East,2023-04-03,3064,60.76,32.7,No_Festival,5,No,No
Skimmed Milk (1L),East,2023-04-10,3555,60.95,31.3,Baisakhi,6,Yes,Yes
Skimmed Milk (1L),East,2023-04-17,3294,61.18,31.1,No_Festival,6,No,Yes
Skimmed Milk (1L),East,2023-04-24,3110,60.89,33.2,No_Festival,5,No,No
Skimmed Milk (1L),East,2023-05-01,3231,60.67,34.2,No_Festival,6,No,No
Skimmed Milk (1L),East,2023-05-08,4292,60.48,33.2,No_Festival,7,No,No
Skimmed Milk (1L),East,2023-05-15,3015,60.27,34.7,No_Festival,6,No,No
Skimmed Milk (1L),East,2023-05-22,3738,60.6,34.2,No_Festival,6,No,No
Skimmed Milk (1L),East,2023-05-29,1940,60.54,31.3,No_Festival,3,No,No
Skimmed Milk (1L),East,2023-06-05,4043,60.28,30.3,No_Festival,7,No,No
Skimmed Milk (1L),East,2023-06-12,3839,60.33,31.6,No_Festival,6,No,No
Skimmed Milk (1L),East,2023-06-19,3048,60.71,32.6,No_Festival,5,No,No
Skimmed Milk (1L),East,2023-06-26,4062,60.67,31.7,No_Festival,7,No,Yes
Skimmed Milk (1L),East,2023-07-03,3125,59.58,29.5,No_Festival,6,No,No
Skimmed Milk (1L),East,2023-07-10,3902,60.58,31.4,No_Festival,6,No,No
Skimmed Milk (1L),East,2023-07-17,2143,59.79,29.2,No_Festival,4,No,No
Skimmed Milk (1L),East,2023-07-24,3504,60.17,28.6,No_Festival,6,No,No
Skimmed Milk (1L),East,2023-07-31,2814,61.01,29.7,No_Festival,5,No,No
Skimmed Milk (1L),East,2023-08-07,2933,61.16,30.8,No_Festival,6,No,No
Skimmed Milk (1L),East,2023-08-14,3103,59.95,29.8,Independence Day,6,Yes,Yes
Skimmed Milk (1L),East,2023-08-21,1996,60.3,30.8,No_Festival,5,No,No
Skimmed Milk (1L),East,2023-08-28,3007,60.62,30.6,Raksha Bandhan,5,Yes,Yes
Skimmed Milk (1L),East,2023-09-04,3500,60.14,28.7,Janmashtami,6,Yes,Yes
Skimmed Milk (1L),East,2023-09-11,3799,60.91,27.8,No_Festival,7,No,No
Skimmed Milk (1L),East,2023-09-18,2011,60.48,29.4,No_Festival,4,No,No
Skimmed Milk (1L),East,2023-09-25,3531,60.37,28.3,No_Festival,7,No,No
Skimmed Milk (1L),East,2023-10-02,3889,59.92,26.6,Gandhi Jayanti,5,Yes,Yes
Skimmed Milk (1L),East,2023-10-09,2180,61.35,26.6,No_Festival,5,No,No
Skimmed Milk (1L),East,2023-10-16,2522,59.86,27.0,No_Festival,5,No,No
Skimmed Milk (1L),East,2023-10-23,1987,59.44,25.9,No_Festival,4,No,No
Skimmed Milk (1L),East,2023-10-30,2805,60.53,23.4,No_Festival,6,No,No
Skimmed Milk (1L),East,2023-11-06,4591,60.18,22.8,Diwali,6,Yes,Yes
Skimmed Milk (1L),East,2023-11-13,2472,60.48,23.1,No_Festival,5,No,No
Skimmed Milk (1L),East,2023-11-20,3466,61.04,21.4,No_Festival,6,No,No
Skimmed Milk (1L),East,2023-11-27,2630,59.4,19.2,Guru Nanak Jayanti,5,Yes,Yes
Skimmed Milk (1L),East,2023-12-04,3099,61.07,16.7,No_Festival,5,No,No
Skimmed Milk (1L),East,2023-12-11,3898,60.54,17.2,No_Festival,6,No,No
Skimmed Milk (1L),East,2023-12-18,2516,60.52,14.8,No_Festival,4,No,No
Skimmed Milk (1L),East,2023-12-25,3493,60.41,17.5,Christmas,5,Yes,Yes
Skimmed Milk (1L),North,2020-12-28,1266,54.74,14.5,No_Festival,2,No,No
Skimmed Milk (1L),North,2021-01-04,3857,55.1,13.8,No_Festival,6,No,No
Skimmed Milk (1L),North,2021-01-11,4579,54.63,14.6,Makar Sankranti,7,Yes,Yes
Skimmed Milk (1L),North,2021-01-18,2530,55.36,13.8,No_Festival,5,No,No
Skimmed Milk (1L),North,2021-01-25,1451,54.74,13.9,No_Festival,3,No,No
Skimmed Milk (1L),North,2021-02-01,2462,55.5,17.2,No_Festival,5,No,No
Skimmed Milk (1L),North,2021-02-08,1830,54.68,16.2,No_Festival,3,No,No
Skimmed Milk (1L),North,2021-02-15,4139,54.9,16.9,No_Festival,7,No,No
Skimmed Milk (1L),North,2021-02-22,3684,55.46,16.0,No_Festival,7,No,No
Skimmed Milk (1L),North,2021-03-01,2968,54.48,23.2,No_Festival,5,No,No
Skimmed Milk (1L),North,2021-03-08,3191,55.18,23.8,No_Festival,6,No,No
Skimmed Milk (1L),North,2021-03-15,3508,55.41,24.2,No_Festival,6,No,No
Skimmed Milk (1L),North,2021-03-22,3363,54.16,23.6,Holi,6,Yes,Yes
Skimmed Milk (1L),North,2021-03-29,4479,55.17,28.1,No_Festival,7,No,No
Skimmed Milk (1L),North,2021-04-05,4423,55.03,32.6,No_Festival,7,No,No
Skimmed Milk (1L),North,2021-04-12,4070,55.54,31.8,Baisakhi,6,Yes,Yes
Skimmed Milk (1L),North,2021-04-19,2285,55.11,31.5,No_Festival,5,No,No
Skimmed Milk (1L),North,2021-04-26,3892,54.34,34.9,No_Festival,7,No,No
Skimmed Milk (1L),North,2021-05-03,2911,54.9,38.8,No_Festival,6,No,No
Skimmed Milk (1L),North,2021-05-10,3501,54.44,39.0,No_Festival,7,No,Yes
Skimmed Milk (1L),North,2021-05-17,2227,54.51,38.5,No_Festival,5,No,No
Skimmed Milk (1L),North,2021-05-24,2799,55.16,38.4,No_Festival,5,No,No
Skimmed Milk (1L),North,2021-05-31,3958,55.62,40.5,No_Festival,6,No,No
Skimmed Milk (1L),North,2021-06-07,2016,55.49,40.0,No_Festival,4,No,No
Skimmed Milk (1L),North,2021-06-14,2367,55.38,38.1,No_Festival,5,No,No
Skimmed Milk (1L),North,2021-06-21,2437,54.65,40.0,No_Festival,5,No,No
Skimmed Milk (1L),North,2021-06-28,3211,54.74,35.7,No_Festival,5,No,No
Skimmed Milk (1L),North,2021-07-05,3462,55.21,35.7,No_Festival,6,No,No
Skimmed Milk (1L),North,2021-07-12,3731,55.12,35.6,No_Festival,6,No,No
Skimmed Milk (1L),North,2021-07-19,1639,56.04,39.2,No_Festival,2,No,No
Skimmed Milk (1L),North,2021-07-26,1785,55.01,35.8,No_Festival,4,No,No
Skimmed Milk (1L),North,2021-08-02,3704,54.07,32.9,No_Festival,7,No,No
Skimmed Milk (1L),North,2021-08-09,2500,54.41,32.8,Independence Day,4,Yes,Yes
Skimmed Milk (1L),North,2021-08-16,3935,54.73,33.7,Raksha Bandhan,6,Yes,Yes
Skimmed Milk (1L),North,2021-08-23,1788,54.51,33.6,No_Festival,3,No,No
Skimmed Milk (1L),North,2021-08-30,3612,54.92,32.4,Janmashtami,7,Yes,Yes
Skimmed Milk (1L),North,2021-09-06,3530,54.42,32.5,No_Festival,7,No,No
Skimmed Milk (1L),North,2021-09-13,3275,54.84,31.7,No_Festival,6,No,No
Skimmed Milk (1L),North,2021-09-20,2791,55.39,32.8,No_Festival,5,No,No
Skimmed Milk (1L),North,2021-09-27,2822,54.62,28.8,Gandhi Jayanti,5,Yes,Yes
Skimmed Milk (1L),North,2021-10-04,3315,54.72,26.7,No_Festival,5,No,No
Skimmed Milk (1L),North,2021-10-11,4279,55.0,26.5,Navratri,7,Yes,Yes
Skimmed Milk (1L),North,2021-10-18,3007,54.37,27.6,No_Festival,6,No,No
Skimmed Milk (1L),North,2021-10-25,3163,55.02,26.1,No_Festival,5,No,No
Skimmed Milk (1L),North,2021-11-01,2152,55.07,18.9,Diwali,4,Yes,Yes
Skimmed Milk (1L),North,2021-11-08,3081,54.84,18.1,No_Festival,5,No,No
Skimmed Milk (1L),North,2021-11-15,2978,54.6,18.8,Guru Nanak Jayanti,5,Yes,Yes
Skimmed Milk (1L),North,2021-11-22,3339,54.06,19.2,No_Festival,5,No,No
Skimmed Milk (1L),North,2021-11-29,2849,55.05,15.2,No_Festival,5,No,No
Skimmed Milk (1L),North,2021-12-06,3298,54.59,14.4,No_Festival,6,No,No
Skimmed Milk (1L),North,2021-12-13,2196,54.53,15.1,No_Festival,5,No,No
Skimmed Milk (1L),North,2021-12-20,2614,55.56,14.0,Christmas,5,Yes,Yes
Skimmed Milk (1L),North,2021-12-27,2753,55.86,14.3,No_Festival,4,No,No
Skimmed Milk (1L),North,2022-01-03,2449,58.23,14.3,No_Festival,5,No,No
Skimmed Milk (1L),North,2022-01-10,4246,58.05,14.3,Makar Sankranti,6,Yes,Yes
Skimmed Milk (1L),North,2022-01-17,3967,57.72,14.3,No_Festival,6,No,No
Skimmed Milk (1L),North,2022-01-24,3515,57.6,14.8,No_Festival,6,No,No
Skimmed Milk (1L),North,2022-01-31,3167,57.68,16.0,No_Festival,6,No,No
Skimmed Milk (1L),North,2022-02-07,3815,57.17,17.0,No_Festival,7,No,No
Skimmed Milk (1L),North,2022-02-14,1945,57.16,18.0,No_Festival,4,No,No
Skimmed Milk (1L),North,2022-02-21,3456,57.72,16.5,No_Festival,5,No,No
Skimmed Milk (1L),North,2022-02-28,3077,57.24,24.4,No_Festival,5,No,No
Skimmed Milk (1L),North,2022-03-07,3755,57.95,22.6,No_Festival,7,No,No
Skimmed Milk (1L),North,2022-03-14,2578,57.5,24.1,No_Festival,4,No,No
Skimmed Milk (1L),North,2022-03-21,3069,57.64,25.0,No_Festival,6,No,No
Skimmed Milk (1L),North,2022-03-28,2070,57.66,27.1,No_Festival,5,No,No
Skimmed Milk (1L),North,2022-04-04,3642,57.92,33.1,No_Festival,6,No,No
Skimmed Milk (1L),North,2022-04-11,1920,58.12,29.4,No_Festival,3,No,No
Skimmed Milk (1L),North,2022-04-18,3376,58.44,31.8,No_Festival,6,No,No
Skimmed Milk (1L),North,2022-04-25,2527,57.74,32.1,No_Festival,5,No,No
Skimmed Milk (1L),North,2022-05-02,2180,57.6,38.1,No_Festival,5,No,No
Skimmed Milk (1L),North,2022-05-09,3158,57.61,37.1,No_Festival,6,No,No
Skimmed Milk (1L),North,2022-05-16,3532,57.76,39.6,No_Festival,6,No,No
Skimmed Milk (1L),North,2022-05-23,2412,57.87,39.0,No_Festival,5,No,No
Skimmed Milk (1L),North,2022-05-30,3339,57.75,38.9,No_Festival,6,No,No
Skimmed Milk (1L),North,2022-06-06,3511,57.1,39.0,No_Festival,6,No,No
Skimmed Milk (1L),North,2022-06-13,3439,57.86,40.4,No_Festival,5,No,No
Skimmed Milk (1L),North,2022-06-20,2402,57.98,39.4,No_Festival,5,No,No
Skimmed Milk (1L),North,2022-06-27,2338,57.74,38.5,No_Festival,5,No,No
Skimmed Milk (1L),North,2022-07-04,790,57.14,35.3,No_Festival,2,No,No
Skimmed Milk (1L),North,2022-07-11,2194,58.16,37.5,No_Festival,4,No,No
Skimmed Milk (1L),North,2022-07-18,3557,58.2,35.2,No_Festival,6,No,No
Skimmed Milk (1L),North,2022-07-25,2793,57.78,36.1,No_Festival,5,No,No
Skimmed Milk (1L),North,2022-08-01,3022,58.2,36.5,No_Festival,5,No,No
Skimmed Milk (1L),North,2022-08-08,2282,57.48,34.9,No_Festival,5,No,No
Skimmed Milk (1L),North,2022-08-15,4077,57.78,33.7,"Independence Day, Janmashtami",6,Yes,Yes
Skimmed Milk (1L),North,2022-08-22,2702,57.42,34.1,No_Festival,5,No,No
Skimmed Milk (1L),North,2022-08-29,3198,57.54,33.1,No_Festival,6,No,No
Skimmed Milk (1L),North,2022-09-05,4027,57.82,32.2,No_Festival,6,No,No
Skimmed Milk (1L),North,2022-09-12,4830,57.57,32.2,No_Festival,7,No,No
Skimmed Milk (1L),North,2022-09-19,3801,57.57,31.4,No_Festival,7,No,No
Skimmed Milk (1L),North,2022-09-26,3143,58.28,30.4,No_Festival,5,No,No
Skimmed Milk (1L),North,2022-10-03,2383,57.99,26.9,No_Festival,4,No,No
Skimmed Milk (1L),North,2022-10-10,2421,58.19,25.7,No_Festival,5,No,No
Skimmed Milk (1L),North,2022-10-17,2200,58.06,26.3,No_Festival,5,No,No
Skimmed Milk (1L),North,2022-10-24,3272,57.91,26.2,Diwali,6,Yes,Yes
Skimmed Milk (1L),North,2022-10-31,3173,57.42,21.1,No_Festival,5,No,No
Skimmed Milk (1L),North,2022-11-07,3063,58.13,19.8,Guru Nanak Jayanti,6,Yes,Yes
Skimmed Milk (1L),North,2022-11-14,3799,57.53,17.8,No_Festival,6,No,No
Skimmed Milk (1L),North,2022-11-21,3839,57.95,19.3,No_Festival,7,No,No
Skimmed Milk (1L),North,2022-11-28,3533,56.84,17.0,No_Festival,6,No,No
Skimmed Milk (1L),North,2022-12-05,3188,57.4,15.7,No_Festival,6,No,No
Skimmed Milk (1L),North,2022-12-12,1414,57.66,15.0,No_Festival,3,No,No
Skimmed Milk (1L),North,2022-12-19,3363,58.0,13.8,Christmas,6,Yes,Yes
Skimmed Milk (1L),North,2022-12-26,2964,58.28,13.5,No_Festival,6,No,No
Skimmed Milk (1L),North,2023-01-02,2576,61.22,13.5,No_Festival,5,No,No
Skimmed Milk (1L),North,2023-01-09,1400,60.01,14.5,No_Festival,3,No,No
Skimmed Milk (1L),North,2023-01-16,1839,60.79,14.0,No_Festival,4,No,No
Skimmed Milk (1L),North,2023-01-23,2775,59.82,14.1,Republic Day,5,Yes,Yes
Skimmed Milk (1L),North,2023-01-30,3072,60.82,16.5,No_Festival,5,No,No
Skimmed Milk (1L),North,2023-02-06,2256,60.29,16.3,No_Festival,4,No,No
Skimmed Milk (1L),North,2023-02-13,2617,60.57,16.3,No_Festival,5,No,No
Skimmed Milk (1L),North,2023-02-20,1986,60.77,17.0,No_Festival,4,No,No
Skimmed Milk (1L),North,2023-02-27,3067,60.51,22.5,No_Festival,6,No,No
Skimmed Milk (1L),North,2023-03-06,3028,61.08,22.3,Holi,5,Yes,Yes
Skimmed Milk (1L),North,2023-03-13,3733,60.37,24.4,No_Festival,6,No,No
Skimmed Milk (1L),North,2023-03-20,3020,60.37,24.2,No_Festival,6,No,No
Skimmed Milk (1L),North,2023-03-27,3156,60.57,25.3,No_Festival,5,No,No
Skimmed Milk (1L),North,2023-04-03,2942,60.33,31.8,No_Festival,6,No,No
Skimmed Milk (1L),North,2023-04-10,2404,59.7,32.3,Baisakhi,5,Yes,Yes
Skimmed Milk (1L),North,2023-04-17,3595,60.57,32.1,No_Festival,6,No,Yes
Skimmed Milk (1L),North,2023-04-24,2255,59.31,32.2,No_Festival,4,No,No
Skimmed Milk (1L),North,2023-05-01,3677,60.11,39.7,No_Festival,7,No,No
Skimmed Milk (1L),North,2023-05-08,3909,60.94,37.6,No_Festival,6,No,No
Skimmed Milk (1L),North,2023-05-15,2816,59.91,37.2,No_Festival,5,No,No
Skimmed Milk (1L),North,2023-05-22,2275,60.18,38.6,No_Festival,5,No,No
Skimmed Milk (1L),North,2023-05-29,2475,60.22,38.1,No_Festival,5,No,No
Skimmed Milk (1L),North,2023-06-05,3112,60.35,39.3,No_Festival,5,No,No
Skimmed Milk (1L),North,2023-06-12,2205,60.96,38.8,No_Festival,4,No,No
Skimmed Milk (1L),North,2023-06-19,2627,60.42,40.7,No_Festival,4,No,No
Skimmed Milk (1L),North,2023-06-26,1409,61.32,39.7,No_Festival,3,No,Yes
Skimmed Milk (1L),North,2023-07-03,3032,60.94,36.2,No_Festival,4,No,No
Skimmed Milk (1L),North,2023-07-10,4632,60.5,36.1,No_Festival,7,No,No
Skimmed Milk (1L),North,2023-07-17,3414,60.63,35.9,No_Festival,6,No,No
Skimmed Milk (1L),North,2023-07-24,3649,60.78,36.6,No_Festival,6,No,No
Skimmed Milk (1L),North,2023-07-31,3168,60.5,35.5,No_Festival,6,No,No
Skimmed Milk (1L),North,2023-08-07,1166,60.9,34.3,No_Festival,2,No,No
Skimmed Milk (1L),North,2023-08-14,3223,60.84,33.3,Independence Day,6,Yes,Yes
Skimmed Milk (1L),North,2023-08-21,2957,61.26,33.6,No_Festival,4,No,No
Skimmed Milk (1L),North,2023-08-28,1632,59.91,33.3,No_Festival,3,No,No
Skimmed Milk (1L),North,2023-09-04,3289,60.58,31.4,Janmashtami,5,Yes,Yes
Skimmed Milk (1L),North,2023-09-11,1965,60.43,31.9,No_Festival,5,No,No
Skimmed Milk (1L),North,2023-09-18,2267,60.62,32.2,No_Festival,4,No,No
Skimmed Milk (1L),North,2023-09-25,2637,60.4,32.0,No_Festival,5,No,No
Skimmed Milk (1L),North,2023-10-02,3427,59.87,25.4,Gandhi Jayanti,5,Yes,Yes
Skimmed Milk (1L),North,2023-10-09,3221,60.32,25.3,No_Festival,5,No,No
Skimmed Milk (1L),North,2023-10-16,1630,60.47,25.2,No_Festival,4,No,No
Skimmed Milk (1L),North,2023-10-23,2633,60.41,26.3,No_Festival,5,No,No
Skimmed Milk (1L),North,2023-10-30,4193,61.02,20.0,No_Festival,7,No,No
Skimmed Milk (1L),North,2023-11-06,3451,60.53,18.7,Diwali,6,Yes,Yes
Skimmed Milk (1L),North,2023-11-13,3731,60.68,18.7,No_Festival,6,No,No
Skimmed Milk (1L),North,2023-11-20,2029,60.94,19.3,No_Festival,4,No,No
Skimmed Milk (1L),North,2023-11-27,3072,59.75,16.5,Guru Nanak Jayanti,5,Yes,Yes
Skimmed Milk (1L),North,2023-12-04,3240,60.26,14.8,No_Festival,5,No,No
Skimmed Milk (1L),North,2023-12-11,3110,60.59,13.9,No_Festival,5,No,No
Skimmed Milk (1L),North,2023-12-18,1663,60.65,13.4,No_Festival,3,No,No
Skimmed Milk (1L),North,2023-12-25,3414,60.9,13.0,Christmas,7,Yes,Yes
Skimmed Milk (1L),South,2020-12-28,1100,54.52,26.2,No_Festival,2,No,No
Skimmed Milk (1L),South,2021-01-04,4125,55.2,25.5,No_Festival,7,No,No
Skimmed Milk (1L),South,2021-01-11,3462,55.36,25.6,Makar Sankranti,5,Yes,Yes
Skimmed Milk (1L),South,2021-01-18,2872,55.04,27.4,No_Festival,4,No,No
Skimmed Milk (1L),South,2021-01-25,2964,54.85,24.4,Republic Day,5,Yes,Yes
Skimmed Milk (1L),South,2021-02-01,3332,54.77,25.6,No_Festival,6,No,No
Skimmed Milk (1L),South,2021-02-08,3490,54.23,26.8,No_Festival,6,No,No
Skimmed Milk (1L),South,2021-02-15,3942,54.95,27.5,No_Festival,7,No,No
Skimmed Milk (1L),South,2021-02-22,2463,53.95,27.3,No_Festival,5,No,No
Skimmed Milk (1L),South,2021-03-01,3196,55.0,30.4,No_Festival,6,No,No
Skimmed Milk (1L),South,2021-03-08,3215,54.82,29.1,No_Festival,6,No,No
Skimmed Milk (1L),South,2021-03-15,3192,54.56,29.9,No_Festival,6,No,No
Skimmed Milk (1L),South,2021-03-22,4201,54.65,29.6,Holi,6,Yes,Yes
Skimmed Milk (1L),South,2021-03-29,2563,55.2,32.4,No_Festival,5,No,No
Skimmed Milk (1L),South,2021-04-05,3041,55.77,31.8,No_Festival,6,No,No
Skimmed Milk (1L),South,2021-04-12,3636,55.27,32.0,Baisakhi,6,Yes,Yes
Skimmed Milk (1L),South,2021-04-19,1702,55.73,32.3,No_Festival,3,No,No
Skimmed Milk (1L),South,2021-04-26,2961,54.73,33.5,No_Festival,6,No,No
Skimmed Milk (1L),South,2021-05-03,1857,54.16,35.2,No_Festival,4,No,No
Skimmed Milk (1L),South,2021-05-10,4357,55.08,33.4,No_Festival,6,No,Yes
Skimmed Milk (1L),South,2021-05-17,3570,55.9,32.3,No_Festival,6,No,No
Skimmed Milk (1L),South,2021-05-24,3359,55.26,35.9,No_Festival,6,No,No
Skimmed Milk (1L),South,2021-05-31,2318,55.14,31.3,No_Festival,5,No,No
Skimmed Milk (1L),South,2021-06-07,4103,54.78,30.2,No_Festival,6,No,No
Skimmed Milk (1L),South,2021-06-14,3689,54.24,29.6,No_Festival,7,No,No
Skimmed Milk (1L),South,2021-06-21,2178,55.49,31.9,No_Festival,4,No,No
Skimmed Milk (1L),South,2021-06-28,3186,55.35,28.8,No_Festival,5,No,No
Skimmed Milk (1L),South,2021-07-05,3302,55.01,27.6,No_Festival,5,No,No
Skimmed Milk (1L),South,2021-07-12,2876,55.42,27.7,No_Festival,5,No,No
Skimmed Milk (1L),South,2021-07-19,2558,55.72,27.6,No_Festival,4,No,Yes
Skimmed Milk (1L),South,2021-07-26,2898,53.99,28.7,No_Festival,5,No,No
Skimmed Milk (1L),South,2021-08-02,3734,54.96,27.4,No_Festival,6,No,No
Skimmed Milk (1L),South,2021-08-09,3420,54.48,28.7,Independence Day,5,Yes,Yes
Skimmed Milk (1L),South,2021-08-16,2868,55.77,27.9,No_Festival,5,No,No
Skimmed Milk (1L),South,2021-08-23,1811,55.11,28.8,No_Festival,4,No,No
Skimmed Milk (1L),South,2021-08-30,3736,55.08,29.2,Janmashtami,6,Yes,Yes
Skimmed Milk (1L),South,2021-09-06,3237,54.95,27.8,No_Festival,5,No,No
Skimmed Milk (1L),South,2021-09-13,2589,55.31,27.4,No_Festival,5,No,No
Skimmed Milk (1L),South,2021-09-20,2728,54.88,27.4,No_Festival,5,No,No
Skimmed Milk (1L),South,2021-09-27,3717,55.1,29.6,Gandhi Jayanti,5,Yes,Yes
Skimmed Milk (1L),South,2021-10-04,1771,55.12,28.8,No_Festival,4,No,No
Skimmed Milk (1L),South,2021-10-11,2806,54.68,28.9,Navratri,5,Yes,Yes
Skimmed Milk (1L),South,2021-10-18,2695,55.35,27.9,No_Festival,6,No,No
Skimmed Milk (1L),South,2021-10-25,3537,54.99,26.6,No_Festival,6,No,No
Skimmed Milk (1L),South,2021-11-01,3979,55.0,25.2,Diwali,7,Yes,Yes
Skimmed Milk (1L),South,2021-11-08,3285,54.48,26.2,No_Festival,6,No,No
Skimmed Milk (1L),South,2021-11-15,2916,55.04,25.6,Guru Nanak Jayanti,5,Yes,Yes
Skimmed Milk (1L),South,2021-11-22,2283,54.52,24.4,No_Festival,4,No,No
Skimmed Milk (1L),South,2021-11-29,2041,55.27,25.5,No_Festival,4,No,No
Skimmed Milk (1L),South,2021-12-06,1816,54.44,24.1,No_Festival,3,No,No
Skimmed Milk (1L),South,2021-12-13,2324,55.04,25.1,No_Festival,4,No,No
Skimmed Milk (1L),South,2021-12-20,4620,55.04,24.8,Christmas,7,Yes,Yes
Skimmed Milk (1L),South,2021-12-27,3824,55.75,25.6,No_Festival,7,No,No
Skimmed Milk (1L),South,2022-01-03,3403,57.66,25.5,No_Festival,6,No,No
Skimmed Milk (1L),South,2022-01-10,1688,58.81,27.0,No_Festival,3,No,No
Skimmed Milk (1L),South,2022-01-17,3959,57.69,24.3,No_Festival,7,No,No
Skimmed Milk (1L),South,2022-01-24,3450,57.54,25.6,Republic Day,6,Yes,Yes
Skimmed Milk (1L),South,2022-01-31,1065,58.14,28.0,No_Festival,2,No,No
Skimmed Milk (1L),South,2022-02-07,3313,57.39,26.6,No_Festival,6,No,No
Skimmed Milk (1L),South,2022-02-14,3572,57.65,27.6,No_Festival,6,No,No
Skimmed Milk (1L),South,2022-02-21,2655,57.56,27.6,No_Festival,5,No,No
Skimmed Milk (1L),South,2022-02-28,1932,58.71,29.6,No_Festival,4,No,No
Skimmed Milk (1L),South,2022-03-07,3781,58.18,30.2,No_Festival,6,No,No
Skimmed Milk (1L),South,2022-03-14,3597,57.65,28.1,Holi,7,Yes,Yes
Skimmed Milk (1L),South,2022-03-21,2994,57.12,27.9,No_Festival,6,No,No
Skimmed Milk (1L),South,2022-03-28,3044,57.55,30.8,No_Festival,5,No,No
Skimmed Milk (1L),South,2022-04-04,2216,57.54,30.6,No_Festival,5,No,No
Skimmed Milk (1L),South,2022-04-11,3335,58.46,32.7,Baisakhi,5,Yes,Yes
Skimmed Milk (1L),South,2022-04-18,3194,56.98,33.1,No_Festival,5,No,No
Skimmed Milk (1L),South,2022-04-25,3441,58.03,31.7,No_Festival,6,No,No
Skimmed Milk (1L),South,2022-05-02,2896,56.89,36.3,No_Festival,5,No,Yes
Skimmed Milk (1L),South,2022-05-09,2217,57.02,34.4,No_Festival,4,No,No
Skimmed Milk (1L),South,2022-05-16,2844,56.94,34.4,No_Festival,4,No,No
Skimmed Milk (1L),South,2022-05-23,1868,58.07,33.3,No_Festival,4,No,No
Skimmed Milk (1L),South,2022-05-30,3594,57.61,31.1,No_Festival,6,No,No
Skimmed Milk (1L),South,2022-06-06,3155,58.24,29.3,No_Festival,5,No,No
Skimmed Milk (1L),South,2022-06-13,3502,58.18,29.3,No_Festival,7,No,No
Skimmed Milk (1L),South,2022-06-20,2823,57.75,28.8,No_Festival,6,No,No
Skimmed Milk (1L),South,2022-06-27,3795,58.54,28.6,No_Festival,6,No,No
Skimmed Milk (1L),South,2022-07-04,2996,57.47,26.6,No_Festival,5,No,No
Skimmed Milk (1L),South,2022-07-11,2736,58.59,29.5,No_Festival,5,No,No
Skimmed Milk (1L),South,2022-07-18,3620,58.04,28.2,No_Festival,7,No,No
Skimmed Milk (1L),South,2022-07-25,2938,58.12,28.8,No_Festival,5,No,No
Skimmed Milk (1L),South,2022-08-01,3415,57.66,27.1,No_Festival,6,No,No
Skimmed Milk (1L),South,2022-08-08,3541,57.5,28.8,Raksha Bandhan,5,Yes,Yes
Skimmed Milk (1L),South,2022-08-15,2350,57.21,26.3,No_Festival,4,No,No
Skimmed Milk (1L),South,2022-08-22,2997,57.44,27.9,No_Festival,5,No,No
Skimmed Milk (1L),South,2022-08-29,3239,57.61,28.6,No_Festival,6,No,No
Skimmed Milk (1L),South,2022-09-05,2050,58.05,29.7,No_Festival,3,No,No
Skimmed Milk (1L),South,2022-09-12,3364,58.03,28.1,No_Festival,5,No,No
Skimmed Milk (1L),South,2022-09-19,2806,57.91,27.9,No_Festival,6,No,No
Skimmed Milk (1L),South,2022-09-26,3857,57.84,27.8,Gandhi Jayanti,6,Yes,Yes
Skimmed Milk (1L),South,2022-10-03,3254,57.88,29.8,No_Festival,6,No,No
Skimmed Milk (1L),South,2022-10-10,3669,57.53,28.9,No_Festival,6,No,No
Skimmed Milk (1L),South,2022-10-17,3278,58.06,27.8,No_Festival,6,No,No
Skimmed Milk (1L),South,2022-10-24,2077,57.42,27.1,Diwali,4,Yes,Yes
Skimmed Milk (1L),South,2022-10-31,3532,58.44,26.8,No_Festival,6,No,No
Skimmed Milk (1L),South,2022-11-07,2961,58.02,25.9,Guru Nanak Jayanti,5,Yes,Yes
Skimmed Milk (1L),South,2022-11-14,2910,57.62,24.8,No_Festival,5,No,No
Skimmed Milk (1L),South,2022-11-21,4307,57.15,24.4,No_Festival,7,No,No
Skimmed Milk (1L),South,2022-11-28,2504,57.09,25.5,No_Festival,5,No,No
Skimmed Milk (1L),South,2022-12-05,2914,58.18,24.5,No_Festival,6,No,No
Skimmed Milk (1L),South,2022-12-12,3198,57.82,25.6,No_Festival,5,No,No
Skimmed Milk (1L),South,2022-12-19,3539,57.64,24.9,Christmas,6,Yes,Yes
Skimmed Milk (1L),South,2022-12-26,3518,57.78,25.6,No_Festival,6,No,No
Skimmed Milk (1L),South,2023-01-02,3136,59.88,26.6,No_Festival,6,No,No
Skimmed Milk (1L),South,2023-01-09,2003,60.79,25.0,No_Festival,3,No,No
Skimmed Milk (1L),South,2023-01-16,3853,60.76,24.8,No_Festival,6,No,No
Skimmed Milk (1L),South,2023-01-23,2960,60.16,25.3,Republic Day,5,Yes,Yes
Skimmed Milk (1L),South,2023-01-30,3766,60.62,26.2,No_Festival,6,No,No
Skimmed Milk (1L),South,2023-02-06,3037,61.01,27.2,No_Festival,5,No,No
Skimmed Milk (1L),South,2023-02-13,1968,61.51,28.1,No_Festival,4,No,No
Skimmed Milk (1L),South,2023-02-20,1315,60.42,26.8,No_Festival,2,No,No
Skimmed Milk (1L),South,2023-02-27,2402,60.39,26.6,No_Festival,5,No,No
Skimmed Milk (1L),South,2023-03-06,3727,60.13,28.4,Holi,5,Yes,Yes
Skimmed Milk (1L),South,2023-03-13,4490,59.82,29.6,No_Festival,7,No,No
Skimmed Milk (1L),South,2023-03-20,3175,60.72,28.8,No_Festival,5,No,No
Skimmed Milk (1L),South,2023-03-27,4012,61.06,30.6,No_Festival,6,No,No
Skimmed Milk (1L),South,2023-04-03,2020,60.16,31.6,No_Festival,4,No,No
Skimmed Milk (1L),South,2023-04-10,4761,61.11,33.5,Baisakhi,7,Yes,Yes
Skimmed Milk (1L),South,2023-04-17,4083,60.81,33.4,No_Festival,7,No,Yes
Skimmed Milk (1L),South,2023-04-24,2116,61.08,32.0,No_Festival,4,No,No
Skimmed Milk (1L),South,2023-05-01,1817,60.48,32.8,No_Festival,4,No,No
Skimmed Milk (1L),South,2023-05-08,3736,59.76,34.5,No_Festival,6,No,No
Skimmed Milk (1L),South,2023-05-15,3419,59.87,33.9,No_Festival,5,No,No
Skimmed Milk (1L),South,2023-05-22,3607,60.82,33.8,No_Festival,5,No,No
Skimmed Milk (1L),South,2023-05-29,2471,59.9,30.4,No_Festival,4,No,No
Skimmed Milk (1L),South,2023-06-05,3860,60.72,29.5,No_Festival,7,No,No
Skimmed Milk (1L),South,2023-06-12,2993,60.32,30.9,No_Festival,6,No,No
Skimmed Milk (1L),South,2023-06-19,2975,60.1,30.1,No_Festival,5,No,No
Skimmed Milk (1L),South,2023-06-26,4194,61.35,30.0,No_Festival,6,No,Yes
Skimmed Milk (1L),South,2023-07-03,4208,60.64,27.0,No_Festival,6,No,No
Skimmed Milk (1L),South,2023-07-10,2362,60.76,26.8,No_Festival,4,No,No
Skimmed Milk (1L),South,2023-07-17,2739,60.12,27.6,No_Festival,4,No,No
Skimmed Milk (1L),South,2023-07-24,1188,60.86,27.8,No_Festival,3,No,No
Skimmed Milk (1L),South,2023-07-31,3077,61.25,27.8,No_Festival,5,No,No
Skimmed Milk (1L),South,2023-08-07,2955,60.58,28.1,No_Festival,5,No,No
Skimmed Milk (1L),South,2023-08-14,3597,61.59,28.7,Independence Day,5,Yes,Yes
Skimmed Milk (1L),South,2023-08-21,3102,61.54,28.3,No_Festival,6,No,No
Skimmed Milk (1L),South,2023-08-28,3509,60.82,27.4,Raksha Bandhan,6,Yes,Yes
Skimmed Milk (1L),South,2023-09-04,2977,60.87,29.1,Janmashtami,5,Yes,Yes
Skimmed Milk (1L),South,2023-09-11,2663,61.02,28.3,No_Festival,5,No,No
Skimmed Milk (1L),South,2023-09-18,3654,60.76,29.4,No_Festival,6,No,No
Skimmed Milk (1L),South,2023-09-25,2766,59.88,27.9,No_Festival,5,No,No
Skimmed Milk (1L),South,2023-10-02,3604,60.99,27.6,Gandhi Jayanti,6,Yes,Yes
Skimmed Milk (1L),South,2023-10-09,3986,60.47,27.6,No_Festival,7,No,No
Skimmed Milk (1L),South,2023-10-16,3721,60.1,29.1,No_Festival,6,No,No
Skimmed Milk (1L),South,2023-10-23,2750,59.6,27.2,No_Festival,5,No,No
Skimmed Milk (1L),South,2023-10-30,2054,61.13,27.4,No_Festival,5,No,No
Skimmed Milk (1L),South,2023-11-06,2305,59.87,25.7,Diwali,4,Yes,Yes
Skimmed Milk (1L),South,2023-11-13,3967,60.72,27.4,No_Festival,6,No,No
Skimmed Milk (1L),South,2023-11-20,3257,60.95,27.7,No_Festival,6,No,No
Skimmed Milk (1L),South,2023-11-27,2599,60.5,24.4,Guru Nanak Jayanti,5,Yes,Yes
Skimmed Milk (1L),South,2023-12-04,3218,60.64,25.8,No_Festival,5,No,No
Skimmed Milk (1L),South,2023-12-11,3927,60.29,26.2,No_Festival,6,No,No
Skimmed Milk (1L),South,2023-12-18,3846,60.82,25.2,No_Festival,6,No,No
Skimmed Milk (1L),South,2023-12-25,3269,61.0,24.3,Christmas,5,Yes,Yes
Skimmed Milk (1L),West,2020-12-28,1239,54.73,22.4,No_Festival,3,No,No
Skimmed Milk (1L),West,2021-01-04,3494,55.1,21.9,No_Festival,6,No,No
Skimmed Milk (1L),West,2021-01-11,3139,55.26,23.6,No_Festival,5,No,No
Skimmed Milk (1L),West,2021-01-18,3972,54.22,22.4,No_Festival,6,No,No
Skimmed Milk (1L),West,2021-01-25,3118,55.75,20.8,No_Festival,5,No,No
Skimmed Milk (1L),West,2021-02-01,1849,54.57,23.3,No_Festival,4,No,No
Skimmed Milk (1L),West,2021-02-08,2884,55.23,23.1,No_Festival,5,No,No
Skimmed Milk (1L),West,2021-02-15,2632,55.5,24.2,No_Festival,5,No,No
Skimmed Milk (1L),West,2021-02-22,2053,55.46,22.7,No_Festival,4,No,No
Skimmed Milk (1L),West,2021-03-01,4309,55.16,28.0,No_Festival,7,No,No
Skimmed Milk (1L),West,2021-03-08,2515,55.21,28.7,No_Festival,5,No,No
Skimmed Milk (1L),West,2021-03-15,2571,54.18,27.4,No_Festival,4,No,No
Skimmed Milk (1L),West,2021-03-22,3935,55.23,26.5,Holi,6,Yes,Yes
Skimmed Milk (1L),West,2021-03-29,2068,55.88,28.2,No_Festival,3,No,No
Skimmed Milk (1L),West,2021-04-05,1688,56.08,33.0,No_Festival,3,No,No
Skimmed Milk (1L),West,2021-04-12,1962,54.48,30.0,No_Festival,4,No,No
Skimmed Milk (1L),West,2021-04-19,2989,54.76,31.6,No_Festival,6,No,No
Skimmed Milk (1L),West,2021-04-26,1684,55.41,33.8,No_Festival,4,No,No
Skimmed Milk (1L),West,2021-05-03,2997,54.52,35.5,No_Festival,5,No,No
Skimmed Milk (1L),West,2021-05-10,3123,54.8,35.0,No_Festival,6,No,Yes
Skimmed Milk (1L),West,2021-05-17,1093,54.66,35.4,No_Festival,2,No,No
Skimmed Milk (1L),West,2021-05-24,3478,55.35,35.7,No_Festival,5,No,No
Skimmed Milk (1L),West,2021-05-31,3175,54.54,32.4,No_Festival,6,No,No
Skimmed Milk (1L),West,2021-06-07,2306,54.73,31.5,No_Festival,5,No,No
Skimmed Milk (1L),West,2021-06-14,1911,54.76,30.9,No_Festival,4,No,No
Skimmed Milk (1L),West,2021-06-21,2912,54.96,30.8,No_Festival,5,No,No
Skimmed Milk (1L),West,2021-06-28,3279,54.82,29.2,No_Festival,6,No,No
Skimmed Milk (1L),West,2021-07-05,2720,55.55,28.8,No_Festival,4,No,No
Skimmed Milk (1L),West,2021-07-12,1865,54.62,28.3,No_Festival,3,No,No
Skimmed Milk (1L),West,2021-07-19,2721,54.6,27.6,No_Festival,4,No,Yes
Skimmed Milk (1L),West,2021-07-26,3159,54.98,29.0,No_Festival,5,No,No
Skimmed Milk (1L),West,2021-08-02,2109,55.09,27.1,No_Festival,3,No,No
Skimmed Milk (1L),West,2021-08-09,2564,54.31,28.1,No_Festival,4,No,No
Skimmed Milk (1L),West,2021-08-16,3180,55.07,28.3,Raksha Bandhan,6,Yes,Yes
Skimmed Milk (1L),West,2021-08-23,2302,54.34,28.7,No_Festival,5,No,No
Skimmed Milk (1L),West,2021-08-30,3465,54.86,28.9,No_Festival,5,No,No
Skimmed Milk (1L),West,2021-09-06,3462,55.24,29.4,No_Festival,6,No,No
Skimmed Milk (1L),West,2021-09-13,2255,55.54,29.2,No_Festival,5,No,No
Skimmed Milk (1L),West,2021-09-20,3751,54.77,27.9,No_Festival,7,No,No
Skimmed Milk (1L),West,2021-09-27,2807,54.77,30.5,No_Festival,5,No,No
Skimmed Milk (1L),West,2021-10-04,3452,54.8,30.6,No_Festival,6,No,No
Skimmed Milk (1L),West,2021-10-11,2836,55.1,29.7,Navratri,5,Yes,Yes
Skimmed Milk (1L),West,2021-10-18,2732,54.59,33.2,No_Festival,4,No,No
Skimmed Milk (1L),West,2021-10-25,2962,54.86,30.0,No_Festival,5,No,No
Skimmed Milk (1L),West,2021-11-01,4897,55.56,25.6,Diwali,7,Yes,Yes
Skimmed Milk (1L),West,2021-11-08,3337,54.72,26.0,No_Festival,6,No,No
Skimmed Milk (1L),West,2021-11-15,3938,55.1,27.1,Guru Nanak Jayanti,6,Yes,Yes
Skimmed Milk (1L),West,2021-11-22,2977,54.76,24.4,No_Festival,5,No,No
Skimmed Milk (1L),West,2021-11-29,3482,54.99,22.2,No_Festival,7,No,No
Skimmed Milk (1L),West,2021-12-06,2395,54.53,22.8,No_Festival,4,No,No
Skimmed Milk (1L),West,2021-12-13,1662,55.05,19.2,No_Festival,3,No,No
Skimmed Milk (1L),West,2021-12-20,3199,54.97,23.4,No_Festival,5,No,No
Skimmed Milk (1L),West,2021-12-27,2954,56.86,22.1,No_Festival,4,No,No
Skimmed Milk (1L),West,2022-01-03,3242,57.25,21.3,No_Festival,6,No,No
Skimmed Milk (1L),West,2022-01-10,2982,57.5,22.5,Makar Sankranti,5,Yes,Yes
Skimmed Milk (1L),West,2022-01-17,3507,57.95,21.8,No_Festival,6,No,No
Skimmed Milk (1L),West,2022-01-24,3932,58.19,22.5,Republic Day,7,Yes,Yes
Skimmed Milk (1L),West,2022-01-31,4124,58.2,23.5,No_Festival,7,No,No
Skimmed Milk (1L),West,2022-02-07,2417,58.02,24.9,No_Festival,3,No,No
Skimmed Milk (1L),West,2022-02-14,1451,58.12,25.2,No_Festival,4,No,No
Skimmed Milk (1L),West,2022-02-21,2799,57.17,24.8,No_Festival,6,No,No
Skimmed Milk (1L),West,2022-02-28,2858,57.36,27.8,No_Festival,5,No,No
Skimmed Milk (1L),West,2022-03-07,3505,58.0,27.8,No_Festival,6,No,No
Skimmed Milk (1L),West,2022-03-14,3180,57.48,28.0,No_Festival,5,No,No
Skimmed Milk (1L),West,2022-03-21,3812,57.56,27.4,No_Festival,7,No,No
Skimmed Milk (1L),West,2022-03-28,3273,57.91,29.3,No_Festival,6,No,No
Skimmed Milk (1L),West,2022-04-04,3110,57.97,32.9,No_Festival,5,No,No
Skimmed Milk (1L),West,2022-04-11,3602,58.01,31.2,Baisakhi,5,Yes,Yes
Skimmed Milk (1L),West,2022-04-18,2206,58.11,32.3,No_Festival,5,No,No
Skimmed Milk (1L),West,2022-04-25,3722,57.69,31.2,No_Festival,7,No,No
Skimmed Milk (1L),West,2022-05-02,2793,58.03,34.0,No_Festival,5,No,Yes
Skimmed Milk (1L),West,2022-05-09,2973,56.86,36.9,No_Festival,6,No,No
Skimmed Milk (1L),West,2022-05-16,2769,57.99,36.3,No_Festival,5,No,No
Skimmed Milk (1L),West,2022-05-23,3700,57.85,35.5,No_Festival,6,No,No
Skimmed Milk (1L),West,2022-05-30,3561,57.31,33.1,No_Festival,6,No,No
Skimmed Milk (1L),West,2022-06-06,1926,58.7,32.3,No_Festival,4,No,No
Skimmed Milk (1L),West,2022-06-13,1148,58.98,31.7,No_Festival,3,No,No
Skimmed Milk (1L),West,2022-06-20,4152,58.27,32.0,No_Festival,7,No,No
Skimmed Milk (1L),West,2022-06-27,3902,57.8,30.6,No_Festival,7,No,No
Skimmed Milk (1L),West,2022-07-04,3046,57.57,27.5,No_Festival,5,No,Yes
Skimmed Milk (1L),West,2022-07-11,1573,58.34,29.3,No_Festival,3,No,No
Skimmed Milk (1L),West,2022-07-18,3020,58.66,29.2,No_Festival,5,No,No
Skimmed Milk (1L),West,2022-07-25,4028,57.75,28.4,No_Festival,7,No,No
Skimmed Milk (1L),West,2022-08-01,2898,58.1,27.5,No_Festival,5,No,No
Skimmed Milk (1L),West,2022-08-08,3063,57.51,28.5,Raksha Bandhan,5,Yes,Yes
Skimmed Milk (1L),West,2022-08-15,3454,58.63,25.4,"Independence Day, Janmashtami",5,Yes,Yes
Skimmed Milk (1L),West,2022-08-22,2871,58.02,27.1,No_Festival,5,No,No
Skimmed Milk (1L),West,2022-08-29,4552,58.37,28.2,No_Festival,7,No,No
Skimmed Milk (1L),West,2022-09-05,3498,57.49,27.4,No_Festival,6,No,No
Skimmed Milk (1L),West,2022-09-12,2577,58.19,29.7,No_Festival,5,No,No
Skimmed Milk (1L),West,2022-09-19,2879,58.26,30.6,No_Festival,5,No,No
Skimmed Milk (1L),West,2022-09-26,2266,57.78,28.8,Gandhi Jayanti,4,Yes,Yes
Skimmed Milk (1L),West,2022-10-03,3455,57.05,31.1,No_Festival,6,No,No
Skimmed Milk (1L),West,2022-10-10,2714,58.41,30.9,No_Festival,5,No,No
Skimmed Milk (1L),West,2022-10-17,3218,57.9,28.6,No_Festival,6,No,No
Skimmed Milk (1L),West,2022-10-24,3196,57.86,30.2,Diwali,6,Yes,Yes
Skimmed Milk (1L),West,2022-10-31,3770,57.56,28.0,No_Festival,6,No,No
Skimmed Milk (1L),West,2022-11-07,3178,57.78,26.4,Guru Nanak Jayanti,6,Yes,Yes
Skimmed Milk (1L),West,2022-11-14,2479,57.14,26.4,No_Festival,4,No,No
Skimmed Milk (1L),West,2022-11-21,4127,58.69,26.7,No_Festival,7,No,No
Skimmed Milk (1L),West,2022-11-28,2631,57.48,24.3,No_Festival,5,No,No
Skimmed Milk (1L),West,2022-12-05,2112,57.62,23.6,No_Festival,4,No,No
Skimmed Milk (1L),West,2022-12-12,2938,57.86,20.0,No_Festival,5,No,No
Skimmed Milk (1L),West,2022-12-19,2999,57.59,24.3,Christmas,4,Yes,Yes
Skimmed Milk (1L),West,2022-12-26,3375,57.85,22.4,No_Festival,7,No,No
Skimmed Milk (1L),West,2023-01-02,3770,60.38,23.0,No_Festival,6,No,No
Skimmed Milk (1L),West,2023-01-09,2424,60.12,22.3,Makar Sankranti,5,Yes,Yes
Skimmed Milk (1L),West,2023-01-16,2230,59.98,22.7,No_Festival,4,No,No
Skimmed Milk (1L),West,2023-01-23,3323,60.65,22.2,Republic Day,5,Yes,Yes
Skimmed Milk (1L),West,2023-01-30,2692,61.13,23.8,No_Festival,5,No,No
Skimmed Milk (1L),West,2023-02-06,3442,60.34,22.9,No_Festival,6,No,No
Skimmed Milk (1L),West,2023-02-13,2310,61.03,26.0,No_Festival,4,No,No
Skimmed Milk (1L),West,2023-02-20,2845,60.13,25.3,No_Festival,5,No,No
Skimmed Milk (1L),West,2023-02-27,3239,60.43,27.2,No_Festival,5,No,No
Skimmed Milk (1L),West,2023-03-06,4217,60.61,28.5,Holi,7,Yes,Yes
Skimmed Milk (1L),West,2023-03-13,2520,60.52,27.3,No_Festival,5,No,No
Skimmed Milk (1L),West,2023-03-20,2341,60.12,26.8,No_Festival,5,No,No
Skimmed Milk (1L),West,2023-03-27,2234,61.7,28.9,No_Festival,3,No,No
Skimmed Milk (1L),West,2023-04-03,2019,59.83,31.9,No_Festival,4,No,No
Skimmed Milk (1L),West,2023-04-10,1960,60.38,32.0,Baisakhi,4,Yes,Yes
Skimmed Milk (1L),West,2023-04-17,2820,60.39,31.3,No_Festival,5,No,Yes
Skimmed Milk (1L),West,2023-04-24,2787,60.62,32.2,No_Festival,6,No,No
Skimmed Milk (1L),West,2023-05-01,3128,60.04,35.5,No_Festival,5,No,No
Skimmed Milk (1L),West,2023-05-08,2242,59.88,36.8,No_Festival,4,No,No
Skimmed Milk (1L),West,2023-05-15,3152,60.9,36.5,No_Festival,5,No,No
Skimmed Milk (1L),West,2023-05-22,4558,60.45,36.9,No_Festival,7,No,No
Skimmed Milk (1L),West,2023-05-29,3301,60.68,32.7,No_Festival,5,No,No
Skimmed Milk (1L),West,2023-06-05,3169,60.7,31.4,No_Festival,6,No,No
Skimmed Milk (1L),West,2023-06-12,3115,60.01,32.3,No_Festival,5,No,No
Skimmed Milk (1L),West,2023-06-19,3482,60.28,32.9,No_Festival,6,No,No
Skimmed Milk (1L),West,2023-06-26,2325,59.91,32.8,No_Festival,5,No,Yes
Skimmed Milk (1L),West,2023-07-03,2452,60.69,30.0,No_Festival,4,No,No
Skimmed Milk (1L),West,2023-07-10,4153,60.31,28.0,No_Festival,7,No,No
Skimmed Milk (1L),West,2023-07-17,1982,61.61,28.9,No_Festival,4,No,No
Skimmed Milk (1L),West,2023-07-24,2585,60.03,29.6,No_Festival,4,No,No
Skimmed Milk (1L),West,2023-07-31,3814,60.68,27.4,No_Festival,6,No,No
Skimmed Milk (1L),West,2023-08-07,3415,60.42,30.2,No_Festival,6,No,No
Skimmed Milk (1L),West,2023-08-14,3867,59.35,29.2,Independence Day,5,Yes,Yes
Skimmed Milk (1L),West,2023-08-21,3271,61.03,28.9,No_Festival,6,No,No
Skimmed Milk (1L),West,2023-08-28,3271,59.95,29.0,Raksha Bandhan,6,Yes,Yes
Skimmed Milk (1L),West,2023-09-04,4004,61.15,27.6,Janmashtami,6,Yes,Yes
Skimmed Milk (1L),West,2023-09-11,3462,60.55,28.5,No_Festival,7,No,No
Skimmed Milk (1L),West,2023-09-18,3497,60.81,29.5,No_Festival,5,No,No
Skimmed Milk (1L),West,2023-09-25,2195,61.41,30.8,No_Festival,4,No,No
Skimmed Milk (1L),West,2023-10-02,3547,60.41,30.9,Gandhi Jayanti,5,Yes,Yes
Skimmed Milk (1L),West,2023-10-09,2720,61.3,30.9,No_Festival,5,No,No
Skimmed Milk (1L),West,2023-10-16,2353,60.04,28.5,No_Festival,4,No,No
Skimmed Milk (1L),West,2023-10-23,3857,60.47,31.3,No_Festival,7,No,No
Skimmed Milk (1L),West,2023-10-30,2660,60.03,27.9,No_Festival,5,No,No
Skimmed Milk (1L),West,2023-11-06,2748,60.79,25.2,Diwali,5,Yes,Yes
Skimmed Milk (1L),West,2023-11-13,3267,60.21,26.0,No_Festival,5,No,No
Skimmed Milk (1L),West,2023-11-20,3828,59.66,24.6,No_Festival,6,No,No
Skimmed Milk (1L),West,2023-11-27,3021,60.99,23.0,Guru Nanak Jayanti,6,Yes,Yes
Skimmed Milk (1L),West,2023-12-04,3404,60.8,22.3,No_Festival,6,No,No
Skimmed Milk (1L),West,2023-12-11,3639,60.48,21.9,No_Festival,5,No,No
Skimmed Milk (1L),West,2023-12-18,3616,60.37,22.2,No_Festival,7,No,No
Skimmed Milk (1L),West,2023-12-25,2960,60.48,21.9,No_Festival,5,No,No
Toned Milk (500ml),Central,2020-12-28,2582,26.97,17.4,No_Festival,3,No,No
Toned Milk (500ml),Central,2021-01-04,5605,26.92,18.0,No_Festival,5,No,No
Toned Milk (500ml),Central,2021-01-11,4778,26.95,18.1,Makar Sankranti,5,Yes,Yes
Toned Milk (500ml),Central,2021-01-18,6687,27.2,18.1,No_Festival,6,No,No
Toned Milk (500ml),Central,2021-01-25,3177,26.79,18.1,Republic Day,3,Yes,Yes
Toned Milk (500ml),Central,2021-02-01,3963,26.79,20.0,No_Festival,5,No,No
Toned Milk (500ml),Central,2021-02-08,5740,27.1,22.2,No_Festival,5,No,No
Toned Milk (500ml),Central,2021-02-15,4158,26.96,21.6,No_Festival,5,No,No
Toned Milk (500ml),Central,2021-02-22,6069,26.94,19.8,No_Festival,6,No,No
Toned Milk (500ml),Central,2021-03-01,4960,26.99,27.1,No_Festival,6,No,No
Toned Milk (500ml),Central,2021-03-08,6986,26.68,27.0,No_Festival,6,No,No
Toned Milk (500ml),Central,2021-03-15,8543,27.15,28.1,No_Festival,7,No,No
Toned Milk (500ml),Central,2021-03-22,6872,27.06,27.0,No_Festival,6,No,No
Toned Milk (500ml),Central,2021-03-29,2901,26.66,29.3,No_Festival,3,No,No
Toned Milk (500ml),Central,2021-04-05,7320,26.83,31.6,No_Festival,7,No,No
Toned Milk (500ml),Central,2021-04-12,6357,26.89,33.3,Baisakhi,5,Yes,Yes
Toned Milk (500ml),Central,2021-04-19,6642,26.84,33.6,No_Festival,6,No,No
Toned Milk (500ml),Central,2021-04-26,2896,26.84,38.6,No_Festival,3,No,No
Toned Milk (500ml),Central,2021-05-03,6684,26.66,37.6,No_Festival,6,No,No
Toned Milk (500ml),Central,2021-05-10,7065,27.08,38.8,No_Festival,6,No,Yes
Toned Milk (500ml),Central,2021-05-17,4756,27.08,38.2,No_Festival,4,No,No
Toned Milk (500ml),Central,2021-05-24,4672,26.59,38.8,No_Festival,5,No,No
Toned Milk (500ml),Central,2021-05-31,7229,26.97,36.5,No_Festival,7,No,No
Toned Milk (500ml),Central,2021-06-07,5924,26.91,37.0,No_Festival,5,No,No
Toned Milk (500ml),Central,2021-06-14,5702,26.46,36.5,No_Festival,5,No,No
Toned Milk (500ml),Central,2021-06-21,8064,27.01,37.2,No_Festival,6,No,No
Toned Milk (500ml),Central,2021-06-28,4996,26.79,30.1,No_Festival,5,No,No
Toned Milk (500ml),Central,2021-07-05,7385,26.78,30.2,No_Festival,6,No,No
Toned Milk (500ml),Central,2021-07-12,5361,27.26,31.1,No_Festival,4,No,No
Toned Milk (500ml),Central,2021-07-19,3349,27.0,30.6,No_Festival,4,No,No
Toned Milk (500ml),Central,2021-07-26,5905,26.92,30.3,No_Festival,6,No,No
Toned Milk (500ml),Central,2021-08-02,5984,27.02,29.4,No_Festival,6,No,No
Toned Milk (500ml),Central,2021-08-09,5729,26.87,28.7,Independence Day,6,Yes,Yes
Toned Milk (500ml),Central,2021-08-16,6788,27.12,30.1,Raksha Bandhan,6,Yes,Yes
Toned Milk (500ml),Central,2021-08-23,5144,27.15,31.0,No_Festival,5,No,No
Toned Milk (500ml),Central,2021-08-30,5846,27.0,28.2,Janmashtami,6,Yes,Yes
Toned Milk (500ml),Central,2021-09-06,6383,27.1,29.8,No_Festival,6,No,No
Toned Milk (500ml),Central,2021-09-13,5332,27.41,29.3,No_Festival,5,No,No
Toned Milk (500ml),Central,2021-09-20,6791,26.82,30.0,No_Festival,7,No,No
Toned Milk (500ml),Central,2021-09-27,6281,26.62,28.6,Gandhi Jayanti,5,Yes,Yes
Toned Milk (500ml),Central,2021-10-04,5023,26.84,27.8,No_Festival,5,No,No
Toned Milk (500ml),Central,2021-10-11,7267,26.92,28.0,Navratri,5,Yes,Yes
Toned Milk (500ml),Central,2021-10-18,1311,26.75,28.0,No_Festival,2,No,No
Toned Milk (500ml),Central,2021-10-25,5835,27.03,28.1,No_Festival,6,No,No
Toned Milk (500ml),Central,2021-11-01,6990,26.83,23.2,Diwali,6,Yes,Yes
Toned Milk (500ml),Central,2021-11-08,5692,26.53,22.7,No_Festival,6,No,No
Toned Milk (500ml),Central,2021-11-15,4695,26.81,21.8,Guru Nanak Jayanti,4,Yes,Yes
Toned Milk (500ml),Central,2021-11-22,4314,27.25,23.9,No_Festival,5,No,No
Toned Milk (500ml),Central,2021-11-29,6682,27.02,18.2,No_Festival,6,No,No
Toned Milk (500ml),Central,2021-12-06,3485,27.05,19.6,No_Festival,4,No,No
Toned Milk (500ml),Central,2021-12-13,6514,26.85,18.4,No_Festival,6,No,No
Toned Milk (500ml),Central,2021-12-20,8201,27.37,17.0,Christmas,7,Yes,Yes
Toned Milk (500ml),Central,2021-12-27,2442,26.5,18.2,No_Festival,3,No,No
Toned Milk (500ml),Central,2022-01-03,6324,28.39,18.1,No_Festival,6,No,No
Toned Milk (500ml),Central,2022-01-10,6900,28.33,17.3,Makar Sankranti,6,Yes,Yes
Toned Milk (500ml),Central,2022-01-17,8583,28.46,17.3,No_Festival,7,No,No
Toned Milk (500ml),Central,2022-01-24,6230,28.44,17.2,Republic Day,6,Yes,Yes
Toned Milk (500ml),Central,2022-01-31,3214,28.53,20.7,No_Festival,3,No,No
Toned Milk (500ml),Central,2022-02-07,4671,28.52,23.0,No_Festival,5,No,No
Toned Milk (500ml),Central,2022-02-14,6856,28.5,22.0,No_Festival,6,No,No
Toned Milk (500ml),Central,2022-02-21,4640,28.48,21.7,No_Festival,5,No,No
Toned Milk (500ml),Central,2022-02-28,8528,28.54,25.2,No_Festival,7,No,No
Toned Milk (500ml),Central,2022-03-07,5521,28.16,27.0,No_Festival,4,No,No
Toned Milk (500ml),Central,2022-03-14,5920,28.12,27.0,Holi,5,Yes,Yes
Toned Milk (500ml),Central,2022-03-21,6869,28.33,27.6,No_Festival,7,No,No
Toned Milk (500ml),Central,2022-03-28,4879,28.1,30.9,No_Festival,5,No,No
Toned Milk (500ml),Central,2022-04-04,3463,28.38,33.6,No_Festival,3,No,No
Toned Milk (500ml),Central,2022-04-11,6580,28.59,33.2,No_Festival,6,No,No
Toned Milk (500ml),Central,2022-04-18,4120,27.98,31.6,No_Festival,4,No,No
Toned Milk (500ml),Central,2022-04-25,8360,28.38,33.3,No_Festival,7,No,No
Toned Milk (500ml),Central,2022-05-02,7519,28.28,39.3,No_Festival,7,No,Yes
Toned Milk (500ml),Central,2022-05-09,2676,28.48,39.9,No_Festival,3,No,No
Toned Milk (500ml),Central,2022-05-16,4916,28.67,38.2,No_Festival,5,No,No
Toned Milk (500ml),Central,2022-05-23,7010,28.6,37.0,No_Festival,7,No,No
Toned Milk (500ml),Central,2022-05-30,6014,27.98,36.4,No_Festival,6,No,No
Toned Milk (500ml),Central,2022-06-06,7737,28.88,35.5,No_Festival,7,No,No
Toned Milk (500ml),Central,2022-06-13,5670,27.91,35.6,No_Festival,6,No,No
Toned Milk (500ml),Central,2022-06-20,6717,28.47,35.8,No_Festival,6,No,No
Toned Milk (500ml),Central,2022-06-27,8799,28.62,35.6,No_Festival,7,No,No
Toned Milk (500ml),Central,2022-07-04,5827,28.27,30.7,No_Festival,6,No,No
Toned Milk (500ml),Central,2022-07-11,4228,28.58,31.8,No_Festival,4,No,No
Toned Milk (500ml),Central,2022-07-18,6229,28.38,29.8,No_Festival,5,No,No
Toned Milk (500ml),Central,2022-07-25,4848,28.27,31.3,No_Festival,5,No,No
Toned Milk (500ml),Central,2022-08-01,6641,28.37,29.1,No_Festival,6,No,No
Toned Milk (500ml),Central,2022-08-08,7246,28.5,31.2,Raksha Bandhan,6,Yes,Yes
Toned Milk (500ml),Central,2022-08-15,5844,28.41,30.5,Janmashtami,6,Yes,Yes
Toned Milk (500ml),Central,2022-08-22,3598,28.15,30.9,No_Festival,4,No,No
Toned Milk (500ml),Central,2022-08-29,7063,28.56,29.7,No_Festival,6,No,No
Toned Milk (500ml),Central,2022-09-05,7134,28.25,29.9,No_Festival,6,No,No
Toned Milk (500ml),Central,2022-09-12,8025,28.52,30.2,No_Festival,7,No,No
Toned Milk (500ml),Central,2022-09-19,3169,28.05,30.4,No_Festival,3,No,No
Toned Milk (500ml),Central,2022-09-26,7480,28.25,29.2,Gandhi Jayanti,6,Yes,Yes
Toned Milk (500ml),Central,2022-10-03,6311,28.53,29.4,No_Festival,7,No,No
Toned Milk (500ml),Central,2022-10-10,5982,27.83,26.9,No_Festival,5,No,No
Toned Milk (500ml),Central,2022-10-17,4609,27.94,28.3,No_Festival,4,No,No
Toned Milk (500ml),Central,2022-10-24,6027,28.57,29.0,Diwali,6,Yes,Yes
Toned Milk (500ml),Central,2022-10-31,7576,28.33,23.9,No_Festival,7,No,No
Toned Milk (500ml),Central,2022-11-07,8736,28.45,22.1,Guru Nanak Jayanti,7,Yes,Yes
Toned Milk (500ml),Central,2022-11-14,3178,27.88,21.7,No_Festival,3,No,No
Toned Milk (500ml),Central,2022-11-21,4021,28.47,23.3,No_Festival,4,No,No
Toned Milk (500ml),Central,2022-11-28,3709,28.6,19.9,No_Festival,4,No,No
Toned Milk (500ml),Central,2022-12-05,3659,28.77,19.5,No_Festival,3,No,No
Toned Milk (500ml),Central,2022-12-12,8360,28.63,18.5,No_Festival,7,No,No
Toned Milk (500ml),Central,2022-12-19,2466,28.26,18.3,No_Festival,3,No,No
Toned Milk (500ml),Central,2022-12-26,7049,28.54,18.6,No_Festival,7,No,No
Toned Milk (500ml),Central,2023-01-02,4558,29.9,17.8,No_Festival,5,No,No
Toned Milk (500ml),Central,2023-01-09,5818,29.72,18.4,No_Festival,5,No,No
Toned Milk (500ml),Central,2023-01-16,7292,29.74,17.6,No_Festival,7,No,No
Toned Milk (500ml),Central,2023-01-23,6283,29.59,17.4,No_Festival,5,No,No
Toned Milk (500ml),Central,2023-01-30,7445,29.9,20.1,No_Festival,7,No,No
Toned Milk (500ml),Central,2023-02-06,5320,29.19,22.4,No_Festival,5,No,No
Toned Milk (500ml),Central,2023-02-13,3301,29.75,22.7,No_Festival,4,No,No
Toned Milk (500ml),Central,2023-02-20,7235,29.66,20.2,No_Festival,7,No,No
Toned Milk (500ml),Central,2023-02-27,6498,29.68,26.3,No_Festival,6,No,No
Toned Milk (500ml),Central,2023-03-06,6600,29.76,27.1,Holi,6,Yes,Yes
Toned Milk (500ml),Central,2023-03-13,4627,29.98,26.3,No_Festival,6,No,No
Toned Milk (500ml),Central,2023-03-20,5428,29.45,27.8,No_Festival,4,No,No
Toned Milk (500ml),Central,2023-03-27,7632,29.44,28.2,No_Festival,6,No,No
Toned Milk (500ml),Central,2023-04-03,3909,29.8,32.4,No_Festival,4,No,No
Toned Milk (500ml),Central,2023-04-10,8316,29.62,32.2,Baisakhi,6,Yes,Yes
Toned Milk (500ml),Central,2023-04-17,6502,30.14,33.8,No_Festival,6,No,Yes
Toned Milk (500ml),Central,2023-04-24,6235,29.32,34.2,No_Festival,6,No,No
Toned Milk (500ml),Central,2023-05-01,7218,29.63,39.1,No_Festival,6,No,No
Toned Milk (500ml),Central,2023-05-08,4000,29.51,39.5,No_Festival,4,No,No
Toned Milk (500ml),Central,2023-05-15,5511,30.01,37.5,No_Festival,6,No,No
Toned Milk (500ml),Central,2023-05-22,4297,30.0,38.7,No_Festival,5,No,No
Toned Milk (500ml),Central,2023-05-29,6919,29.49,36.4,No_Festival,6,No,No
Toned Milk (500ml),Central,2023-06-05,4455,29.85,35.8,No_Festival,4,No,No
Toned Milk (500ml),Central,2023-06-12,7482,29.83,37.9,No_Festival,6,No,No
Toned Milk (500ml),Central,2023-06-19,6807,29.71,36.8,No_Festival,7,No,No
Toned Milk (500ml),Central,2023-06-26,4070,29.62,36.5,No_Festival,3,No,No
Toned Milk (500ml),Central,2023-07-03,5581,29.75,30.5,No_Festival,5,No,No
Toned Milk (500ml),Central,2023-07-10,4563,29.46,31.4,No_Festival,4,No,No
Toned Milk (500ml),Central,2023-07-17,6370,29.87,32.4,No_Festival,6,No,No
Toned Milk (500ml),Central,2023-07-24,5039,29.59,30.9,No_Festival,5,No,No
Toned Milk (500ml),Central,2023-07-31,2972,29.73,28.4,No_Festival,3,No,No
Toned Milk (500ml),Central,2023-08-07,6515,29.51,29.6,No_Festival,6,No,No
Toned Milk (500ml),Central,2023-08-14,5391,30.08,29.9,No_Festival,5,No,No
Toned Milk (500ml),Central,2023-08-21,3314,29.74,30.0,No_Festival,4,No,No
Toned Milk (500ml),Central,2023-08-28,6966,29.64,31.1,Raksha Bandhan,6,Yes,Yes
Toned Milk (500ml),Central,2023-09-04,8423,29.71,29.9,Janmashtami,7,Yes,Yes
Toned Milk (500ml),Central,2023-09-11,6135,29.65,29.2,No_Festival,6,No,No
Toned Milk (500ml),Central,2023-09-18,7625,29.78,30.2,No_Festival,6,No,No
Toned Milk (500ml),Central,2023-09-25,7010,29.75,29.8,No_Festival,6,No,No
Toned Milk (500ml),Central,2023-10-02,4047,29.6,29.6,No_Festival,3,No,No
Toned Milk (500ml),Central,2023-10-09,4712,29.62,28.3,No_Festival,5,No,No
Toned Milk (500ml),Central,2023-10-16,3101,29.39,26.0,No_Festival,3,No,No
Toned Milk (500ml),Central,2023-10-23,7041,29.76,27.2,No_Festival,6,No,No
Toned Milk (500ml),Central,2023-10-30,7541,29.35,25.2,No_Festival,7,No,No
Toned Milk (500ml),Central,2023-11-06,5144,29.83,22.3,Diwali,5,Yes,Yes
Toned Milk (500ml),Central,2023-11-13,6163,29.66,23.1,No_Festival,6,No,No
Toned Milk (500ml),Central,2023-11-20,4491,29.1,21.9,No_Festival,5,No,No
Toned Milk (500ml),Central,2023-11-27,4758,29.39,22.4,Guru Nanak Jayanti,4,Yes,Yes
Toned Milk (500ml),Central,2023-12-04,2561,30.09,18.7,No_Festival,3,No,No
Toned Milk (500ml),Central,2023-12-11,7767,29.61,19.7,No_Festival,7,No,No
Toned Milk (500ml),Central,2023-12-18,3675,29.82,20.3,No_Festival,4,No,No
Toned Milk (500ml),Central,2023-12-25,5585,30.06,18.1,Christmas,5,Yes,Yes
Toned Milk (500ml),East,2020-12-28,2196,26.99,19.5,No_Festival,2,No,No
Toned Milk (500ml),East,2021-01-04,5277,26.88,18.9,No_Festival,6,No,No
Toned Milk (500ml),East,2021-01-11,6879,27.16,19.4,Makar Sankranti,6,Yes,Yes
Toned Milk (500ml),East,2021-01-18,6590,26.98,18.9,No_Festival,6,No,No
Toned Milk (500ml),East,2021-01-25,5814,26.97,18.8,No_Festival,5,No,No
Toned Milk (500ml),East,2021-02-01,5351,26.84,20.1,No_Festival,5,No,No
Toned Milk (500ml),East,2021-02-08,6760,26.98,20.6,No_Festival,6,No,No
Toned Milk (500ml),East,2021-02-15,7107,26.88,22.8,No_Festival,6,No,No
Toned Milk (500ml),East,2021-02-22,5405,27.04,21.1,No_Festival,5,No,No
Toned Milk (500ml),East,2021-03-01,5705,26.78,25.8,No_Festival,5,No,No
Toned Milk (500ml),East,2021-03-08,6443,26.93,25.7,No_Festival,6,No,No
Toned Milk (500ml),East,2021-03-15,6239,27.11,27.2,No_Festival,6,No,No
Toned Milk (500ml),East,2021-03-22,4859,27.3,26.8,No_Festival,5,No,No
Toned Milk (500ml),East,2021-03-29,7528,27.13,30.3,No_Festival,7,No,No
Toned Milk (500ml),East,2021-04-05,5489,26.76,32.1,No_Festival,6,No,No
Toned Milk (500ml),East,2021-04-12,5101,26.73,32.0,Baisakhi,5,Yes,Yes
Toned Milk (500ml),East,2021-04-19,4725,26.91,31.8,No_Festival,5,No,No
Toned Milk (500ml),East,2021-04-26,7238,27.05,32.8,No_Festival,6,No,No
Toned Milk (500ml),East,2021-05-03,4951,27.14,35.1,No_Festival,4,No,No
Toned Milk (500ml),East,2021-05-10,6369,26.75,35.5,No_Festival,5,No,Yes
Toned Milk (500ml),East,2021-05-17,5374,26.91,35.5,No_Festival,6,No,No
Toned Milk (500ml),East,2021-05-24,4788,26.93,33.1,No_Festival,5,No,No
Toned Milk (500ml),East,2021-05-31,3635,26.94,34.8,No_Festival,4,No,No
Toned Milk (500ml),East,2021-06-07,5849,27.02,31.1,No_Festival,6,No,No
Toned Milk (500ml),East,2021-06-14,4206,27.22,32.2,No_Festival,4,No,No
Toned Milk (500ml),East,2021-06-21,6060,27.56,32.7,No_Festival,5,No,No
Toned Milk (500ml),East,2021-06-28,6249,26.84,31.4,No_Festival,5,No,No
Toned Milk (500ml),East,2021-07-05,4756,27.06,30.2,No_Festival,4,No,No
Toned Milk (500ml),East,2021-07-12,6181,26.95,29.5,No_Festival,5,No,No
Toned Milk (500ml),East,2021-07-19,4422,26.99,29.6,No_Festival,4,No,Yes
Toned Milk (500ml),East,2021-07-26,6997,27.06,29.7,No_Festival,6,No,No
Toned Milk (500ml),East,2021-08-02,6255,27.05,28.6,No_Festival,6,No,No
Toned Milk (500ml),East,2021-08-09,5930,26.84,29.4,Independence Day,6,Yes,Yes
Toned Milk (500ml),East,2021-08-16,5903,27.39,30.2,Raksha Bandhan,5,Yes,Yes
Toned Milk (500ml),East,2021-08-23,8033,27.08,31.1,No_Festival,7,No,No
Toned Milk (500ml),East,2021-08-30,5200,26.98,28.9,No_Festival,4,No,No
Toned Milk (500ml),East,2021-09-06,6798,27.03,29.9,No_Festival,6,No,No
Toned Milk (500ml),East,2021-09-13,5566,27.07,30.2,No_Festival,5,No,No
Toned Milk (500ml),East,2021-09-20,6379,27.32,29.6,No_Festival,6,No,No
Toned Milk (500ml),East,2021-09-27,3644,27.16,28.6,No_Festival,4,No,No
Toned Milk (500ml),East,2021-10-04,3212,26.78,25.6,No_Festival,4,No,No
Toned Milk (500ml),East,2021-10-11,6507,26.85,28.0,Navratri,6,Yes,Yes
Toned Milk (500ml),East,2021-10-18,6626,26.87,27.6,No_Festival,6,No,No
Toned Milk (500ml),East,2021-10-25,6038,26.89,26.6,No_Festival,5,No,No
Toned Milk (500ml),East,2021-11-01,2641,26.3,24.6,No_Festival,2,No,No
Toned Milk (500ml),East,2021-11-08,5947,26.94,22.0,No_Festival,6,No,No
Toned Milk (500ml),East,2021-11-15,5318,27.38,23.6,Guru Nanak Jayanti,4,Yes,Yes
Toned Milk (500ml),East,2021-11-22,7486,27.17,20.6,No_Festival,6,No,No
Toned Milk (500ml),East,2021-11-29,4554,26.92,18.6,No_Festival,4,No,No
Toned Milk (500ml),East,2021-12-06,4565,27.18,17.2,No_Festival,4,No,No
Toned Milk (500ml),East,2021-12-13,7588,26.66,16.7,No_Festival,7,No,No
Toned Milk (500ml),East,2021-12-20,8057,27.38,17.0,Christmas,6,Yes,Yes
Toned Milk (500ml),East,2021-12-27,6414,27.53,16.2,No_Festival,6,No,No
Toned Milk (500ml),East,2022-01-03,8648,28.61,18.9,No_Festival,7,No,No
Toned Milk (500ml),East,2022-01-10,5960,28.52,17.4,Makar Sankranti,5,Yes,Yes
Toned Milk (500ml),East,2022-01-17,5078,28.09,19.1,No_Festival,5,No,No
Toned Milk (500ml),East,2022-01-24,5718,27.95,18.0,Republic Day,5,Yes,Yes
Toned Milk (500ml),East,2022-01-31,6810,28.58,20.8,No_Festival,7,No,No
Toned Milk (500ml),East,2022-02-07,6116,28.25,21.8,No_Festival,7,No,No
Toned Milk (500ml),East,2022-02-14,5069,28.63,21.4,No_Festival,5,No,No
Toned Milk (500ml),East,2022-02-21,5484,28.17,22.7,No_Festival,5,No,No
Toned Milk (500ml),East,2022-02-28,3906,28.39,26.4,No_Festival,4,No,No
Toned Milk (500ml),East,2022-03-07,5001,28.08,28.4,No_Festival,5,No,No
Toned Milk (500ml),East,2022-03-14,5872,28.46,26.9,No_Festival,5,No,No
Toned Milk (500ml),East,2022-03-21,3739,28.43,25.9,No_Festival,4,No,No
Toned Milk (500ml),East,2022-03-28,5953,28.34,27.6,No_Festival,6,No,No
Toned Milk (500ml),East,2022-04-04,7499,28.32,32.6,No_Festival,7,No,No
Toned Milk (500ml),East,2022-04-11,7439,28.5,32.3,Baisakhi,6,Yes,Yes
Toned Milk (500ml),East,2022-04-18,7119,28.4,32.7,No_Festival,7,No,No
Toned Milk (500ml),East,2022-04-25,5456,28.39,31.9,No_Festival,5,No,No
Toned Milk (500ml),East,2022-05-02,3018,27.93,35.1,No_Festival,3,No,No
Toned Milk (500ml),East,2022-05-09,6766,28.62,34.4,No_Festival,5,No,No
Toned Milk (500ml),East,2022-05-16,8185,28.17,33.8,No_Festival,7,No,No
Toned Milk (500ml),East,2022-05-23,3687,28.58,35.6,No_Festival,3,No,No
Toned Milk (500ml),East,2022-05-30,4703,28.06,33.2,No_Festival,4,No,No
Toned Milk (500ml),East,2022-06-06,3276,28.23,31.4,No_Festival,3,No,No
Toned Milk (500ml),East,2022-06-13,6697,28.23,31.6,No_Festival,6,No,No
Toned Milk (500ml),East,2022-06-20,4100,28.02,32.2,No_Festival,4,No,No
Toned Milk (500ml),East,2022-06-27,8273,28.18,31.4,No_Festival,7,No,No
Toned Milk (500ml),East,2022-07-04,5658,28.55,29.9,No_Festival,5,No,Yes
Toned Milk (500ml),East,2022-07-11,5078,28.33,30.5,No_Festival,5,No,No
Toned Milk (500ml),East,2022-07-18,7271,28.32,29.5,No_Festival,7,No,No
Toned Milk (500ml),East,2022-07-25,5706,28.12,31.0,No_Festival,5,No,No
Toned Milk (500ml),East,2022-08-01,8006,28.8,30.4,No_Festival,6,No,No
Toned Milk (500ml),East,2022-08-08,4594,28.47,30.3,No_Festival,5,No,No
Toned Milk (500ml),East,2022-08-15,8010,28.6,30.8,"Independence Day, Janmashtami",7,Yes,Yes
Toned Milk (500ml),East,2022-08-22,6725,28.48,30.4,No_Festival,6,No,No
Toned Milk (500ml),East,2022-08-29,7095,28.35,29.8,No_Festival,6,No,No
Toned Milk (500ml),East,2022-09-05,6793,28.44,29.4,No_Festival,6,No,No
Toned Milk (500ml),East,2022-09-12,2062,28.09,28.9,No_Festival,3,No,No
Toned Milk (500ml),East,2022-09-19,4608,28.0,30.8,No_Festival,4,No,No
Toned Milk (500ml),East,2022-09-26,7498,28.28,27.6,Gandhi Jayanti,6,Yes,Yes
Toned Milk (500ml),East,2022-10-03,4221,28.13,27.1,No_Festival,5,No,No
Toned Milk (500ml),East,2022-10-10,7110,28.65,27.6,No_Festival,5,No,No
Toned Milk (500ml),East,2022-10-17,5774,28.32,25.4,No_Festival,6,No,No
Toned Milk (500ml),East,2022-10-24,7218,28.52,28.0,Diwali,6,Yes,Yes
Toned Milk (500ml),East,2022-10-31,7566,28.15,23.5,No_Festival,6,No,No
Toned Milk (500ml),East,2022-11-07,6118,28.31,21.2,No_Festival,6,No,No
Toned Milk (500ml),East,2022-11-14,4051,27.88,23.1,No_Festival,4,No,No
Toned Milk (500ml),East,2022-11-21,8087,28.44,21.7,No_Festival,6,No,No
Toned Milk (500ml),East,2022-11-28,5358,28.67,19.6,No_Festival,4,No,No
Toned Milk (500ml),East,2022-12-05,7545,28.4,15.8,No_Festival,6,No,No
Toned Milk (500ml),East,2022-12-12,5045,28.34,17.0,No_Festival,5,No,No
Toned Milk (500ml),East,2022-12-19,4303,28.44,17.4,Christmas,5,Yes,Yes
Toned Milk (500ml),East,2022-12-26,3919,28.82,17.5,No_Festival,4,No,No
Toned Milk (500ml),East,2023-01-02,4806,29.64,19.0,No_Festival,6,No,No
Toned Milk (500ml),East,2023-01-09,5637,29.97,17.4,No_Festival,5,No,No
Toned Milk (500ml),East,2023-01-16,5751,29.68,18.1,No_Festival,5,No,No
Toned Milk (500ml),East,2023-01-23,5508,29.68,18.8,Republic Day,5,Yes,Yes
Toned Milk (500ml),East,2023-01-30,3248,30.15,19.7,No_Festival,3,No,No
Toned Milk (500ml),East,2023-02-06,6048,29.71,21.2,No_Festival,5,No,No
Toned Milk (500ml),East,2023-02-13,4055,28.87,20.7,No_Festival,3,No,No
Toned Milk (500ml),East,2023-02-20,7046,29.81,20.1,No_Festival,6,No,No
Toned Milk (500ml),East,2023-02-27,5670,29.96,24.7,No_Festival,5,No,No
Toned Milk (500ml),East,2023-03-06,5753,30.09,27.9,Holi,4,Yes,Yes
Toned Milk (500ml),East,2023-03-13,5646,29.93,27.0,No_Festival,6,No,No
Toned Milk (500ml),East,2023-03-20,6931,29.7,27.3,No_Festival,6,No,No
Toned Milk (500ml),East,2023-03-27,4832,30.16,28.9,No_Festival,5,No,No
Toned Milk (500ml),East,2023-04-03,5591,29.7,32.7,No_Festival,6,No,No
Toned Milk (500ml),East,2023-04-10,6677,29.69,32.3,Baisakhi,6,Yes,Yes
Toned Milk (500ml),East,2023-04-17,5942,29.83,31.4,No_Festival,5,No,Yes
Toned Milk (500ml),East,2023-04-24,7633,30.04,32.6,No_Festival,6,No,No
Toned Milk (500ml),East,2023-05-01,7372,29.56,34.1,No_Festival,7,No,No
Toned Milk (500ml),East,2023-05-08,3949,29.47,32.5,No_Festival,4,No,No
Toned Milk (500ml),East,2023-05-15,7648,29.66,34.4,No_Festival,6,No,No
Toned Milk (500ml),East,2023-05-22,7340,29.77,34.0,No_Festival,7,No,No
Toned Milk (500ml),East,2023-05-29,4622,29.73,32.9,No_Festival,6,No,No
Toned Milk (500ml),East,2023-06-05,5921,29.45,30.1,No_Festival,5,No,No
Toned Milk (500ml),East,2023-06-12,6184,29.64,31.1,No_Festival,6,No,No
Toned Milk (500ml),East,2023-06-19,4441,29.91,32.4,No_Festival,5,No,No
Toned Milk (500ml),East,2023-06-26,5432,29.81,31.7,No_Festival,5,No,No
Toned Milk (500ml),East,2023-07-03,7698,29.82,29.5,No_Festival,6,No,No
Toned Milk (500ml),East,2023-07-10,3972,29.68,30.8,No_Festival,5,No,No
Toned Milk (500ml),East,2023-07-17,6270,29.85,29.6,No_Festival,5,No,No
Toned Milk (500ml),East,2023-07-24,6857,29.57,28.3,No_Festival,6,No,No
Toned Milk (500ml),East,2023-07-31,8366,29.57,29.2,No_Festival,7,No,No
Toned Milk (500ml),East,2023-08-07,6022,29.45,31.0,No_Festival,6,No,No
Toned Milk (500ml),East,2023-08-14,8387,29.68,30.0,Independence Day,6,Yes,Yes
Toned Milk (500ml),East,2023-08-21,6868,29.68,30.1,No_Festival,7,No,No
Toned Milk (500ml),East,2023-08-28,8548,29.65,30.7,Raksha Bandhan,6,Yes,Yes
Toned Milk (500ml),East,2023-09-04,4213,29.77,28.4,Janmashtami,5,Yes,Yes
Toned Milk (500ml),East,2023-09-11,7210,29.78,28.1,No_Festival,6,No,No
Toned Milk (500ml),East,2023-09-18,4859,29.43,29.7,No_Festival,5,No,No
Toned Milk (500ml),East,2023-09-25,4620,29.62,28.2,No_Festival,3,No,No
Toned Milk (500ml),East,2023-10-02,6025,29.97,26.1,Gandhi Jayanti,6,Yes,Yes
Toned Milk (500ml),East,2023-10-09,6611,29.37,26.5,No_Festival,6,No,No
Toned Milk (500ml),East,2023-10-16,7330,29.64,27.3,No_Festival,7,No,No
Toned Milk (500ml),East,2023-10-23,5335,29.65,26.3,No_Festival,5,No,No
Toned Milk (500ml),East,2023-10-30,7223,29.63,23.1,No_Festival,6,No,No
Toned Milk (500ml),East,2023-11-06,6597,29.88,22.6,Diwali,6,Yes,Yes
Toned Milk (500ml),East,2023-11-13,4709,29.81,22.3,No_Festival,5,No,No
Toned Milk (500ml),East,2023-11-20,6200,29.74,21.3,No_Festival,5,No,No
Toned Milk (500ml),East,2023-11-27,3971,29.94,17.9,No_Festival,4,No,No
Toned Milk (500ml),East,2023-12-04,4988,29.53,17.4,No_Festival,5,No,No
Toned Milk (500ml),East,2023-12-11,6233,29.95,15.8,No_Festival,5,No,No
Toned Milk (500ml),East,2023-12-18,4290,29.98,15.6,No_Festival,4,No,No
Toned Milk (500ml),East,2023-12-25,7864,29.68,17.4,Christmas,6,Yes,Yes
Toned Milk (500ml),North,2020-12-28,3836,26.99,14.7,No_Festival,3,No,No
Toned Milk (500ml),North,2021-01-04,2820,27.04,12.6,No_Festival,4,No,No
Toned Milk (500ml),North,2021-01-11,3819,27.31,13.9,No_Festival,4,No,No
Toned Milk (500ml),North,2021-01-18,4603,27.28,15.5,No_Festival,4,No,No
Toned Milk (500ml),North,2021-01-25,8622,27.04,13.8,Republic Day,7,Yes,Yes
Toned Milk (500ml),North,2021-02-01,7790,26.86,17.1,No_Festival,7,No,No
Toned Milk (500ml),North,2021-02-08,4832,26.71,16.2,No_Festival,5,No,No
Toned Milk (500ml),North,2021-02-15,5750,26.96,16.8,No_Festival,5,No,No
Toned Milk (500ml),North,2021-02-22,7311,26.86,16.1,No_Festival,6,No,No
Toned Milk (500ml),North,2021-03-01,7107,26.81,24.4,No_Festival,7,No,No
Toned Milk (500ml),North,2021-03-08,3168,26.55,24.9,No_Festival,3,No,No
Toned Milk (500ml),North,2021-03-15,4605,27.19,24.6,No_Festival,5,No,No
Toned Milk (500ml),North,2021-03-22,6044,26.91,22.9,Holi,6,Yes,Yes
Toned Milk (500ml),North,2021-03-29,6687,26.98,27.7,No_Festival,6,No,No
Toned Milk (500ml),North,2021-04-05,5317,27.01,32.3,No_Festival,6,No,No
Toned Milk (500ml),North,2021-04-12,8301,26.85,31.8,Baisakhi,7,Yes,Yes
Toned Milk (500ml),North,2021-04-19,6257,26.8,31.6,No_Festival,5,No,No
Toned Milk (500ml),North,2021-04-26,5553,26.96,35.3,No_Festival,5,No,No
Toned Milk (500ml),North,2021-05-03,5202,26.73,38.8,No_Festival,6,No,No
Toned Milk (500ml),North,2021-05-10,5771,27.02,39.0,No_Festival,7,No,Yes
Toned Milk (500ml),North,2021-05-17,4276,27.38,38.4,No_Festival,4,No,No
Toned Milk (500ml),North,2021-05-24,6563,27.01,37.1,No_Festival,6,No,No
Toned Milk (500ml),North,2021-05-31,4344,27.21,40.2,No_Festival,4,No,No
Toned Milk (500ml),North,2021-06-07,5732,26.89,39.7,No_Festival,6,No,No
Toned Milk (500ml),North,2021-06-14,5844,27.08,39.1,No_Festival,6,No,No
Toned Milk (500ml),North,2021-06-21,5303,27.19,40.1,No_Festival,6,No,No
Toned Milk (500ml),North,2021-06-28,5817,27.13,35.1,No_Festival,6,No,No
Toned Milk (500ml),North,2021-07-05,3448,26.76,35.8,No_Festival,4,No,No
Toned Milk (500ml),North,2021-07-12,7696,27.07,35.6,No_Festival,7,No,No
Toned Milk (500ml),North,2021-07-19,5267,26.9,36.9,No_Festival,6,No,No
Toned Milk (500ml),North,2021-07-26,4346,26.74,36.5,No_Festival,4,No,No
Toned Milk (500ml),North,2021-08-02,4263,26.95,33.0,No_Festival,5,No,No
Toned Milk (500ml),North,2021-08-09,5567,27.17,32.8,Independence Day,5,Yes,Yes
Toned Milk (500ml),North,2021-08-16,7124,26.9,33.5,Raksha Bandhan,5,Yes,Yes
Toned Milk (500ml),North,2021-08-23,7885,26.9,32.9,No_Festival,7,No,No
Toned Milk (500ml),North,2021-08-30,6642,27.04,32.9,Janmashtami,6,Yes,Yes
Toned Milk (500ml),North,2021-09-06,8091,27.1,32.5,No_Festival,7,No,No
Toned Milk (500ml),North,2021-09-13,6755,27.01,32.7,No_Festival,7,No,No
Toned Milk (500ml),North,2021-09-20,2393,27.43,32.6,No_Festival,3,No,No
Toned Milk (500ml),North,2021-09-27,9727,26.85,29.9,Gandhi Jayanti,7,Yes,Yes
Toned Milk (500ml),North,2021-10-04,9032,27.06,26.9,No_Festival,7,No,No
Toned Milk (500ml),North,2021-10-11,7272,26.97,26.8,No_Festival,5,No,No
Toned Milk (500ml),North,2021-10-18,6534,27.15,26.4,No_Festival,6,No,No
Toned Milk (500ml),North,2021-10-25,5699,27.04,26.1,No_Festival,5,No,No
Toned Milk (500ml),North,2021-11-01,7121,26.89,18.9,Diwali,5,Yes,Yes
Toned Milk (500ml),North,2021-11-08,4997,26.9,18.3,No_Festival,5,No,No
Toned Milk (500ml),North,2021-11-15,6081,26.82,18.2,Guru Nanak Jayanti,5,Yes,Yes
Toned Milk (500ml),North,2021-11-22,6332,27.05,19.2,No_Festival,7,No,No
Toned Milk (500ml),North,2021-11-29,3969,26.75,15.3,No_Festival,3,No,No
Toned Milk (500ml),North,2021-12-06,6860,26.96,14.2,No_Festival,6,No,No
Toned Milk (500ml),North,2021-12-13,6868,27.08,15.2,No_Festival,6,No,No
Toned Milk (500ml),North,2021-12-20,6799,27.07,14.9,Christmas,5,Yes,Yes
Toned Milk (500ml),North,2021-12-27,5925,27.43,14.6,No_Festival,6,No,No
Toned Milk (500ml),North,2022-01-03,7624,28.25,14.4,No_Festival,7,No,No
Toned Milk (500ml),North,2022-01-10,8146,28.49,13.9,Makar Sankranti,7,Yes,Yes
Toned Milk (500ml),North,2022-01-17,3816,28.36,13.2,No_Festival,5,No,No
Toned Milk (500ml),North,2022-01-24,7677,28.73,14.4,Republic Day,6,Yes,Yes
Toned Milk (500ml),North,2022-01-31,6516,28.59,15.6,No_Festival,5,No,No
Toned Milk (500ml),North,2022-02-07,7233,28.11,17.0,No_Festival,7,No,No
Toned Milk (500ml),North,2022-02-14,6377,28.41,17.9,No_Festival,7,No,No
Toned Milk (500ml),North,2022-02-21,6819,28.27,16.9,No_Festival,6,No,No
Toned Milk (500ml),North,2022-02-28,7663,28.39,24.5,No_Festival,7,No,No
Toned Milk (500ml),North,2022-03-07,5713,28.44,22.1,No_Festival,6,No,No
Toned Milk (500ml),North,2022-03-14,7937,27.96,24.6,Holi,6,Yes,Yes
Toned Milk (500ml),North,2022-03-21,5522,28.47,24.3,No_Festival,6,No,No
Toned Milk (500ml),North,2022-03-28,3169,28.4,27.3,No_Festival,4,No,No
Toned Milk (500ml),North,2022-04-04,7164,28.22,32.8,No_Festival,7,No,No
Toned Milk (500ml),North,2022-04-11,5369,28.12,32.4,Baisakhi,4,Yes,Yes
Toned Milk (500ml),North,2022-04-18,4277,28.08,31.2,No_Festival,4,No,No
Toned Milk (500ml),North,2022-04-25,4175,28.66,32.8,No_Festival,4,No,No
Toned Milk (500ml),North,2022-05-02,5867,28.18,38.8,No_Festival,5,No,Yes
Toned Milk (500ml),North,2022-05-09,6124,28.55,37.1,No_Festival,6,No,No
Toned Milk (500ml),North,2022-05-16,7377,28.35,38.7,No_Festival,7,No,No
Toned Milk (500ml),North,2022-05-23,7950,28.65,38.2,No_Festival,7,No,No
Toned Milk (500ml),North,2022-05-30,5288,28.24,39.4,No_Festival,5,No,No
Toned Milk (500ml),North,2022-06-06,6434,28.33,39.1,No_Festival,6,No,No
Toned Milk (500ml),North,2022-06-13,6489,28.5,40.2,No_Festival,6,No,No
Toned Milk (500ml),North,2022-06-20,5867,28.42,40.0,No_Festival,5,No,No
Toned Milk (500ml),North,2022-06-27,3905,28.52,38.3,No_Festival,4,No,No
Toned Milk (500ml),North,2022-07-04,6995,28.54,35.6,No_Festival,6,No,Yes
Toned Milk (500ml),North,2022-07-11,4288,28.02,35.4,No_Festival,4,No,No
Toned Milk (500ml),North,2022-07-18,8238,28.59,35.4,No_Festival,7,No,No
Toned Milk (500ml),North,2022-07-25,4432,28.1,36.4,No_Festival,4,No,No
Toned Milk (500ml),North,2022-08-01,4716,28.22,35.3,No_Festival,5,No,No
Toned Milk (500ml),North,2022-08-08,7895,28.36,34.9,Raksha Bandhan,6,Yes,Yes
Toned Milk (500ml),North,2022-08-15,6860,28.22,33.9,Janmashtami,6,Yes,Yes
Toned Milk (500ml),North,2022-08-22,6934,28.44,34.2,No_Festival,6,No,No
Toned Milk (500ml),North,2022-08-29,7143,28.54,33.9,No_Festival,6,No,No
Toned Milk (500ml),North,2022-09-05,6890,28.33,32.2,No_Festival,6,No,No
Toned Milk (500ml),North,2022-09-12,3280,28.26,32.0,No_Festival,3,No,No
Toned Milk (500ml),North,2022-09-19,2909,28.25,31.8,No_Festival,4,No,No
Toned Milk (500ml),North,2022-09-26,9725,28.5,30.1,Gandhi Jayanti,7,Yes,Yes
Toned Milk (500ml),North,2022-10-03,4747,28.18,26.4,No_Festival,5,No,No
Toned Milk (500ml),North,2022-10-10,4313,28.18,26.6,No_Festival,5,No,No
Toned Milk (500ml),North,2022-10-17,5190,27.96,26.3,No_Festival,6,No,No
Toned Milk (500ml),North,2022-10-24,4304,28.1,26.6,Diwali,4,Yes,Yes
Toned Milk (500ml),North,2022-10-31,4446,28.25,20.1,No_Festival,4,No,No
Toned Milk (500ml),North,2022-11-07,4513,28.57,19.4,Guru Nanak Jayanti,4,Yes,Yes
Toned Milk (500ml),North,2022-11-14,6400,28.48,17.5,No_Festival,6,No,No
Toned Milk (500ml),North,2022-11-21,6086,28.62,19.1,No_Festival,5,No,No
Toned Milk (500ml),North,2022-11-28,3909,28.52,15.6,No_Festival,4,No,No
Toned Milk (500ml),North,2022-12-05,6795,28.52,15.5,No_Festival,6,No,No
Toned Milk (500ml),North,2022-12-12,7118,28.06,15.5,No_Festival,7,No,No
Toned Milk (500ml),North,2022-12-19,5686,28.79,13.7,Christmas,5,Yes,Yes
Toned Milk (500ml),North,2022-12-26,7696,28.25,13.6,No_Festival,7,No,No
Toned Milk (500ml),North,2023-01-02,4526,29.86,15.2,No_Festival,5,No,No
Toned Milk (500ml),North,2023-01-09,6275,29.76,14.0,Makar Sankranti,6,Yes,Yes
Toned Milk (500ml),North,2023-01-16,7449,29.86,13.5,No_Festival,7,No,No
Toned Milk (500ml),North,2023-01-23,7081,30.09,13.9,Republic Day,5,Yes,Yes
Toned Milk (500ml),North,2023-01-30,5687,29.48,16.8,No_Festival,5,No,No
Toned Milk (500ml),North,2023-02-06,5433,29.91,16.4,No_Festival,6,No,No
Toned Milk (500ml),North,2023-02-13,3187,29.78,17.6,No_Festival,4,No,No
Toned Milk (500ml),North,2023-02-20,6796,29.64,17.4,No_Festival,6,No,No
Toned Milk (500ml),North,2023-02-27,7590,29.6,23.2,No_Festival,6,No,No
Toned Milk (500ml),North,2023-03-06,5814,29.63,24.5,No_Festival,5,No,No
Toned Milk (500ml),North,2023-03-13,5579,29.87,23.4,No_Festival,6,No,No
Toned Milk (500ml),North,2023-03-20,5727,29.54,23.3,No_Festival,5,No,No
Toned Milk (500ml),North,2023-03-27,5607,30.22,26.4,No_Festival,5,No,No
Toned Milk (500ml),North,2023-04-03,5915,29.76,32.1,No_Festival,6,No,No
Toned Milk (500ml),North,2023-04-10,7490,29.79,32.2,Baisakhi,6,Yes,Yes
Toned Milk (500ml),North,2023-04-17,4626,29.36,31.6,No_Festival,4,No,Yes
Toned Milk (500ml),North,2023-04-24,5158,29.42,33.1,No_Festival,5,No,No
Toned Milk (500ml),North,2023-05-01,5358,29.74,40.2,No_Festival,5,No,No
Toned Milk (500ml),North,2023-05-08,6592,29.92,37.5,No_Festival,6,No,No
Toned Milk (500ml),North,2023-05-15,7818,29.97,37.2,No_Festival,6,No,No
Toned Milk (500ml),North,2023-05-22,6613,29.33,38.8,No_Festival,6,No,No
Toned Milk (500ml),North,2023-05-29,5287,29.48,37.8,No_Festival,6,No,No
Toned Milk (500ml),North,2023-06-05,3526,29.65,37.6,No_Festival,4,No,No
Toned Milk (500ml),North,2023-06-12,7031,29.7,38.3,No_Festival,5,No,No
Toned Milk (500ml),North,2023-06-19,6753,29.67,40.6,No_Festival,6,No,No
Toned Milk (500ml),North,2023-06-26,7823,29.71,39.1,No_Festival,6,No,Yes
Toned Milk (500ml),North,2023-07-03,5356,29.64,36.1,No_Festival,5,No,No
Toned Milk (500ml),North,2023-07-10,3557,29.49,35.8,No_Festival,4,No,No
Toned Milk (500ml),North,2023-07-17,6944,29.58,35.4,No_Festival,6,No,No
Toned Milk (500ml),North,2023-07-24,6731,29.81,36.3,No_Festival,5,No,No
Toned Milk (500ml),North,2023-07-31,4937,29.75,35.5,No_Festival,5,No,No
Toned Milk (500ml),North,2023-08-07,4818,29.85,34.3,No_Festival,5,No,No
Toned Milk (500ml),North,2023-08-14,8527,29.97,33.5,Independence Day,7,Yes,Yes
Toned Milk (500ml),North,2023-08-21,6529,29.68,33.6,No_Festival,6,No,No
Toned Milk (500ml),North,2023-08-28,5987,29.57,31.5,No_Festival,5,No,No
Toned Milk (500ml),North,2023-09-04,4964,29.4,30.9,Janmashtami,5,Yes,Yes
Toned Milk (500ml),North,2023-09-11,6080,29.59,30.8,No_Festival,5,No,No
Toned Milk (500ml),North,2023-09-18,4137,29.71,32.0,No_Festival,4,No,No
Toned Milk (500ml),North,2023-09-25,5868,29.68,32.8,No_Festival,5,No,No
Toned Milk (500ml),North,2023-10-02,6435,29.9,25.4,Gandhi Jayanti,5,Yes,Yes
Toned Milk (500ml),North,2023-10-09,6247,29.99,26.7,No_Festival,5,No,No
Toned Milk (500ml),North,2023-10-16,7464,29.7,25.5,No_Festival,7,No,No
Toned Milk (500ml),North,2023-10-23,5519,29.41,27.0,No_Festival,5,No,No
Toned Milk (500ml),North,2023-10-30,6199,29.54,20.5,No_Festival,6,No,No
Toned Milk (500ml),North,2023-11-06,3445,29.36,17.8,No_Festival,3,No,No
Toned Milk (500ml),North,2023-11-13,7035,29.82,18.7,No_Festival,7,No,No
Toned Milk (500ml),North,2023-11-20,7447,29.7,19.7,No_Festival,6,No,No
Toned Milk (500ml),North,2023-11-27,3901,29.37,15.4,No_Festival,4,No,No
Toned Milk (500ml),North,2023-12-04,4408,29.65,14.5,No_Festival,4,No,No
Toned Milk (500ml),North,2023-12-11,7210,29.56,13.9,No_Festival,6,No,No
Toned Milk (500ml),North,2023-12-18,4917,29.89,13.7,No_Festival,5,No,No
Toned Milk (500ml),North,2023-12-25,5917,29.72,13.0,Christmas,6,Yes,Yes
Toned Milk (500ml),South,2020-12-28,1565,26.26,26.2,No_Festival,2,No,No
Toned Milk (500ml),South,2021-01-04,4332,26.61,25.1,No_Festival,5,No,No
Toned Milk (500ml),South,2021-01-11,7572,26.88,25.3,Makar Sankranti,7,Yes,Yes
Toned Milk (500ml),South,2021-01-18,6133,26.78,27.3,No_Festival,5,No,No
Toned Milk (500ml),South,2021-01-25,5565,27.36,25.2,Republic Day,5,Yes,Yes
Toned Milk (500ml),South,2021-02-01,6495,27.12,25.6,No_Festival,6,No,No
Toned Milk (500ml),South,2021-02-08,5650,26.99,26.0,No_Festival,5,No,No
Toned Milk (500ml),South,2021-02-15,5164,26.95,27.4,No_Festival,5,No,No
Toned Milk (500ml),South,2021-02-22,6541,26.64,27.2,No_Festival,6,No,No
Toned Milk (500ml),South,2021-03-01,6530,26.72,30.2,No_Festival,6,No,No
Toned Milk (500ml),South,2021-03-08,4802,26.73,28.7,No_Festival,5,No,No
Toned Milk (500ml),South,2021-03-15,6342,26.9,29.4,No_Festival,6,No,No
Toned Milk (500ml),South,2021-03-22,4307,26.92,30.5,Holi,4,Yes,Yes
Toned Milk (500ml),South,2021-03-29,8112,26.69,32.6,No_Festival,7,No,No
Toned Milk (500ml),South,2021-04-05,5803,27.01,31.3,No_Festival,5,No,No
Toned Milk (500ml),South,2021-04-12,6519,26.92,31.6,Baisakhi,5,Yes,Yes
Toned Milk (500ml),South,2021-04-19,5450,27.17,31.8,No_Festival,5,No,No
Toned Milk (500ml),South,2021-04-26,4975,26.94,33.5,No_Festival,6,No,No
Toned Milk (500ml),South,2021-05-03,7187,26.53,35.7,No_Festival,6,No,No
Toned Milk (500ml),South,2021-05-10,5176,27.12,34.2,No_Festival,5,No,No
Toned Milk (500ml),South,2021-05-17,5503,26.93,31.9,No_Festival,5,No,No
Toned Milk (500ml),South,2021-05-24,5956,27.36,35.5,No_Festival,5,No,No
Toned Milk (500ml),South,2021-05-31,8501,27.07,30.3,No_Festival,7,No,No
Toned Milk (500ml),South,2021-06-07,6433,26.72,29.5,No_Festival,5,No,No
Toned Milk (500ml),South,2021-06-14,5272,26.95,29.1,No_Festival,5,No,No
Toned Milk (500ml),South,2021-06-21,6979,26.73,30.1,No_Festival,7,No,No
Toned Milk (500ml),South,2021-06-28,4879,27.16,30.0,No_Festival,4,No,No
Toned Milk (500ml),South,2021-07-05,4706,27.22,28.1,No_Festival,4,No,No
Toned Milk (500ml),South,2021-07-12,7065,27.23,27.7,No_Festival,5,No,No
Toned Milk (500ml),South,2021-07-19,5290,27.12,27.8,No_Festival,5,No,Yes
Toned Milk (500ml),South,2021-07-26,4932,27.44,28.3,No_Festival,5,No,No
Toned Milk (500ml),South,2021-08-02,6805,26.59,26.9,No_Festival,6,No,No
Toned Milk (500ml),South,2021-08-09,3906,27.19,28.7,Independence Day,4,Yes,Yes
Toned Milk (500ml),South,2021-08-16,5967,26.69,27.1,Raksha Bandhan,5,Yes,Yes
Toned Milk (500ml),South,2021-08-23,7644,27.24,28.6,No_Festival,7,No,No
Toned Milk (500ml),South,2021-08-30,8410,26.8,28.8,Janmashtami,6,Yes,Yes
Toned Milk (500ml),South,2021-09-06,4978,27.07,27.5,No_Festival,5,No,No
Toned Milk (500ml),South,2021-09-13,3702,26.42,27.2,No_Festival,3,No,No
Toned Milk (500ml),South,2021-09-20,5657,26.83,28.1,No_Festival,5,No,No
Toned Milk (500ml),South,2021-09-27,5680,27.32,27.6,No_Festival,5,No,No
Toned Milk (500ml),South,2021-10-04,3519,26.84,30.1,No_Festival,4,No,No
Toned Milk (500ml),South,2021-10-11,8743,27.21,28.3,Navratri,7,Yes,Yes
Toned Milk (500ml),South,2021-10-18,3623,26.88,28.9,No_Festival,4,No,No
Toned Milk (500ml),South,2021-10-25,1847,27.15,26.9,No_Festival,2,No,No
Toned Milk (500ml),South,2021-11-01,5759,27.34,25.6,Diwali,5,Yes,Yes
Toned Milk (500ml),South,2021-11-08,3943,26.9,26.5,No_Festival,4,No,No
Toned Milk (500ml),South,2021-11-15,4242,26.81,25.8,No_Festival,5,No,No
Toned Milk (500ml),South,2021-11-22,7354,27.09,24.5,No_Festival,6,No,No
Toned Milk (500ml),South,2021-11-29,4584,26.68,24.6,No_Festival,5,No,No
Toned Milk (500ml),South,2021-12-06,8368,27.06,24.2,No_Festival,7,No,No
Toned Milk (500ml),South,2021-12-13,5564,26.74,24.3,No_Festival,5,No,No
Toned Milk (500ml),South,2021-12-20,6145,26.77,24.6,No_Festival,5,No,No
Toned Milk (500ml),South,2021-12-27,6205,27.64,25.7,No_Festival,5,No,No
Toned Milk (500ml),South,2022-01-03,7273,28.42,25.6,No_Festival,7,No,No
Toned Milk (500ml),South,2022-01-10,6661,28.34,26.9,No_Festival,5,No,No
Toned Milk (500ml),South,2022-01-17,4920,28.17,24.4,No_Festival,5,No,No
Toned Milk (500ml),South,2022-01-24,6938,28.29,26.0,Republic Day,7,Yes,Yes
Toned Milk (500ml),South,2022-01-31,5426,28.1,28.2,No_Festival,5,No,No
Toned Milk (500ml),South,2022-02-07,7687,28.46,26.0,No_Festival,7,No,No
Toned Milk (500ml),South,2022-02-14,4960,28.19,27.1,No_Festival,5,No,No
Toned Milk (500ml),South,2022-02-21,8164,28.77,26.7,No_Festival,7,No,No
Toned Milk (500ml),South,2022-02-28,4782,28.12,28.8,No_Festival,6,No,No
Toned Milk (500ml),South,2022-03-07,4764,28.51,29.8,No_Festival,4,No,No
Toned Milk (500ml),South,2022-03-14,7309,28.72,28.4,Holi,6,Yes,Yes
Toned Milk (500ml),South,2022-03-21,6691,28.28,28.2,No_Festival,7,No,No
Toned Milk (500ml),South,2022-03-28,3574,28.72,31.7,No_Festival,4,No,No
Toned Milk (500ml),South,2022-04-04,6081,27.96,31.4,No_Festival,6,No,No
Toned Milk (500ml),South,2022-04-11,5072,28.36,32.8,Baisakhi,5,Yes,Yes
Toned Milk (500ml),South,2022-04-18,772,29.09,34.2,No_Festival,1,No,No
Toned Milk (500ml),South,2022-04-25,3563,28.37,30.0,No_Festival,3,No,No
Toned Milk (500ml),South,2022-05-02,7270,28.38,35.3,No_Festival,7,No,Yes
Toned Milk (500ml),South,2022-05-09,8082,28.5,34.8,No_Festival,7,No,No
Toned Milk (500ml),South,2022-05-16,2952,28.79,33.7,No_Festival,3,No,No
Toned Milk (500ml),South,2022-05-23,6558,28.04,34.7,No_Festival,6,No,No
Toned Milk (500ml),South,2022-05-30,5684,28.56,31.1,No_Festival,5,No,No
Toned Milk (500ml),South,2022-06-06,7122,28.37,29.3,No_Festival,6,No,No
Toned Milk (500ml),South,2022-06-13,4722,28.17,29.4,No_Festival,6,No,No
Toned Milk (500ml),South,2022-06-20,3329,28.07,30.6,No_Festival,3,No,No
Toned Milk (500ml),South,2022-06-27,6347,28.57,29.5,No_Festival,6,No,No
Toned Milk (500ml),South,2022-07-04,4834,28.26,26.3,No_Festival,5,No,No
Toned Milk (500ml),South,2022-07-11,6120,28.24,30.2,No_Festival,6,No,No
Toned Milk (500ml),South,2022-07-18,4108,28.29,27.8,No_Festival,5,No,No
Toned Milk (500ml),South,2022-07-25,5879,28.33,28.2,No_Festival,5,No,No
Toned Milk (500ml),South,2022-08-01,6073,28.67,27.6,No_Festival,5,No,No
Toned Milk (500ml),South,2022-08-08,4383,28.63,28.4,No_Festival,4,No,No
Toned Milk (500ml),South,2022-08-15,6442,28.42,25.8,"Independence Day, Janmashtami",6,Yes,Yes
Toned Milk (500ml),South,2022-08-22,4893,28.3,28.1,No_Festival,5,No,No
Toned Milk (500ml),South,2022-08-29,6040,28.59,29.0,No_Festival,6,No,No
Toned Milk (500ml),South,2022-09-05,7771,28.26,30.1,No_Festival,7,No,No
Toned Milk (500ml),South,2022-09-12,7241,27.98,28.6,No_Festival,6,No,No
Toned Milk (500ml),South,2022-09-19,4455,28.54,27.6,No_Festival,4,No,No
Toned Milk (500ml),South,2022-09-26,4853,28.28,27.8,No_Festival,6,No,No
Toned Milk (500ml),South,2022-10-03,5589,28.69,29.9,No_Festival,5,No,No
Toned Milk (500ml),South,2022-10-10,3531,28.49,29.2,No_Festival,4,No,No
Toned Milk (500ml),South,2022-10-17,3400,28.36,28.0,No_Festival,4,No,No
Toned Milk (500ml),South,2022-10-24,5493,28.26,27.6,Diwali,4,Yes,Yes
Toned Milk (500ml),South,2022-10-31,7349,28.32,26.3,No_Festival,7,No,No
Toned Milk (500ml),South,2022-11-07,6980,28.48,26.6,Guru Nanak Jayanti,6,Yes,Yes
Toned Milk (500ml),South,2022-11-14,7598,28.35,25.1,No_Festival,7,No,No
Toned Milk (500ml),South,2022-11-21,6752,28.36,24.0,No_Festival,6,No,No
Toned Milk (500ml),South,2022-11-28,3377,28.36,25.8,No_Festival,4,No,No
Toned Milk (500ml),South,2022-12-05,6634,28.57,24.6,No_Festival,7,No,No
Toned Milk (500ml),South,2022-12-12,4494,28.19,26.0,No_Festival,5,No,No
Toned Milk (500ml),South,2022-12-19,7168,28.56,25.4,Christmas,6,Yes,Yes
Toned Milk (500ml),South,2022-12-26,5052,28.8,25.0,No_Festival,4,No,No
Toned Milk (500ml),South,2023-01-02,7843,29.83,26.8,No_Festival,7,No,No
Toned Milk (500ml),South,2023-01-09,4381,29.6,25.4,Makar Sankranti,5,Yes,Yes
Toned Milk (500ml),South,2023-01-16,6298,29.75,25.4,No_Festival,6,No,No
Toned Milk (500ml),South,2023-01-23,6193,29.46,25.6,Republic Day,6,Yes,Yes
Toned Milk (500ml),South,2023-01-30,4450,29.19,25.5,No_Festival,5,No,No
Toned Milk (500ml),South,2023-02-06,7108,29.44,27.2,No_Festival,7,No,No
Toned Milk (500ml),South,2023-02-13,6589,29.51,27.9,No_Festival,6,No,No
Toned Milk (500ml),South,2023-02-20,6075,29.61,26.5,No_Festival,6,No,No
Toned Milk (500ml),South,2023-02-27,7342,29.75,26.9,No_Festival,7,No,No
Toned Milk (500ml),South,2023-03-06,6432,29.46,28.8,Holi,6,Yes,Yes
Toned Milk (500ml),South,2023-03-13,6551,29.21,29.3,No_Festival,6,No,No
Toned Milk (500ml),South,2023-03-20,5842,29.99,28.3,No_Festival,5,No,No
Toned Milk (500ml),South,2023-03-27,7273,29.81,30.6,No_Festival,6,No,No
Toned Milk (500ml),South,2023-04-03,4234,29.66,32.2,No_Festival,4,No,No
Toned Milk (500ml),South,2023-04-10,6515,29.88,33.8,Baisakhi,5,Yes,Yes
Toned Milk (500ml),South,2023-04-17,7988,29.48,33.4,No_Festival,7,No,Yes
Toned Milk (500ml),South,2023-04-24,4429,29.3,32.6,No_Festival,4,No,No
Toned Milk (500ml),South,2023-05-01,5826,29.21,33.4,No_Festival,6,No,No
Toned Milk (500ml),South,2023-05-08,4858,29.66,34.1,No_Festival,5,No,No
Toned Milk (500ml),South,2023-05-15,5185,29.57,34.6,No_Festival,4,No,No
Toned Milk (500ml),South,2023-05-22,6582,29.93,34.8,No_Festival,5,No,No
Toned Milk (500ml),South,2023-05-29,3957,29.82,31.5,No_Festival,4,No,No
Toned Milk (500ml),South,2023-06-05,2691,29.96,30.9,No_Festival,3,No,No
Toned Milk (500ml),South,2023-06-12,5769,29.72,30.9,No_Festival,6,No,No
Toned Milk (500ml),South,2023-06-19,5450,29.7,29.1,No_Festival,5,No,No
Toned Milk (500ml),South,2023-06-26,2941,29.69,30.4,No_Festival,3,No,No
Toned Milk (500ml),South,2023-07-03,8530,29.71,27.7,No_Festival,7,No,No
Toned Milk (500ml),South,2023-07-10,5616,29.71,27.4,No_Festival,5,No,No
Toned Milk (500ml),South,2023-07-17,4844,30.06,26.7,No_Festival,5,No,No
Toned Milk (500ml),South,2023-07-24,5174,29.4,28.5,No_Festival,4,No,No
Toned Milk (500ml),South,2023-07-31,7279,29.72,27.9,No_Festival,7,No,No
Toned Milk (500ml),South,2023-08-07,6549,29.55,27.4,No_Festival,7,No,No
Toned Milk (500ml),South,2023-08-14,4354,29.94,29.2,Independence Day,4,Yes,Yes
Toned Milk (500ml),South,2023-08-21,5237,29.41,27.9,No_Festival,5,No,No
Toned Milk (500ml),South,2023-08-28,3947,29.2,27.5,Raksha Bandhan,4,Yes,Yes
Toned Milk (500ml),South,2023-09-04,8612,29.88,28.2,Janmashtami,6,Yes,Yes
Toned Milk (500ml),South,2023-09-11,4152,29.67,28.2,No_Festival,5,No,No
Toned Milk (500ml),South,2023-09-18,6944,29.48,29.4,No_Festival,6,No,No
Toned Milk (500ml),South,2023-09-25,4637,29.71,28.2,No_Festival,4,No,No
Toned Milk (500ml),South,2023-10-02,6612,29.41,28.0,Gandhi Jayanti,6,Yes,Yes
Toned Milk (500ml),South,2023-10-09,2503,29.85,28.3,No_Festival,3,No,No
Toned Milk (500ml),South,2023-10-16,6164,29.9,28.8,No_Festival,6,No,No
Toned Milk (500ml),South,2023-10-23,3403,29.69,27.4,No_Festival,3,No,No
Toned Milk (500ml),South,2023-10-30,4265,29.43,27.1,No_Festival,5,No,No
Toned Milk (500ml),South,2023-11-06,4869,29.67,25.2,No_Festival,5,No,No
Toned Milk (500ml),South,2023-11-13,4819,29.57,27.4,No_Festival,5,No,No
Toned Milk (500ml),South,2023-11-20,6760,29.35,27.3,No_Festival,6,No,No
Toned Milk (500ml),South,2023-11-27,6752,29.44,24.1,Guru Nanak Jayanti,5,Yes,Yes
Toned Milk (500ml),South,2023-12-04,7375,29.73,25.8,No_Festival,7,No,No
Toned Milk (500ml),South,2023-12-11,5718,29.48,26.5,No_Festival,5,No,No
Toned Milk (500ml),South,2023-12-18,6543,29.63,24.7,No_Festival,6,No,No
Toned Milk (500ml),South,2023-12-25,8680,29.79,24.2,Christmas,7,Yes,Yes
Toned Milk (500ml),West,2020-12-28,678,26.26,22.4,No_Festival,1,No,No
Toned Milk (500ml),West,2021-01-04,8751,27.05,21.2,No_Festival,7,No,No
Toned Milk (500ml),West,2021-01-11,7041,26.98,22.5,Makar Sankranti,6,Yes,Yes
Toned Milk (500ml),West,2021-01-18,7585,26.98,22.6,No_Festival,6,No,No
Toned Milk (500ml),West,2021-01-25,2604,27.21,19.8,No_Festival,3,No,No
Toned Milk (500ml),West,2021-02-01,4013,27.23,24.5,No_Festival,4,No,No
Toned Milk (500ml),West,2021-02-08,5204,26.81,23.0,No_Festival,4,No,No
Toned Milk (500ml),West,2021-02-15,6250,26.96,23.8,No_Festival,7,No,No
Toned Milk (500ml),West,2021-02-22,7938,26.96,22.2,No_Festival,6,No,No
Toned Milk (500ml),West,2021-03-01,6941,26.96,28.0,No_Festival,6,No,No
Toned Milk (500ml),West,2021-03-08,4566,27.11,28.6,No_Festival,5,No,No
Toned Milk (500ml),West,2021-03-15,4863,27.28,27.7,No_Festival,5,No,No
Toned Milk (500ml),West,2021-03-22,1725,27.1,24.4,No_Festival,2,No,No
Toned Milk (500ml),West,2021-03-29,6820,26.99,30.1,No_Festival,5,No,No
Toned Milk (500ml),West,2021-04-05,7551,27.14,32.8,No_Festival,7,No,No
Toned Milk (500ml),West,2021-04-12,6970,27.24,28.8,Baisakhi,5,Yes,Yes
Toned Milk (500ml),West,2021-04-19,5240,26.67,32.3,No_Festival,5,No,No
Toned Milk (500ml),West,2021-04-26,4463,27.1,33.7,No_Festival,4,No,No
Toned Milk (500ml),West,2021-05-03,4526,27.6,36.3,No_Festival,4,No,No
Toned Milk (500ml),West,2021-05-10,2393,26.92,35.7,No_Festival,2,No,No
Toned Milk (500ml),West,2021-05-17,5896,26.67,35.8,No_Festival,6,No,No
Toned Milk (500ml),West,2021-05-24,9196,26.85,35.8,No_Festival,7,No,No
Toned Milk (500ml),West,2021-05-31,6046,27.17,32.5,No_Festival,5,No,No
Toned Milk (500ml),West,2021-06-07,4789,27.36,31.1,No_Festival,5,No,No
Toned Milk (500ml),West,2021-06-14,3667,26.98,32.4,No_Festival,5,No,No
Toned Milk (500ml),West,2021-06-21,6682,27.34,31.7,No_Festival,6,No,No
Toned Milk (500ml),West,2021-06-28,3655,26.84,28.8,No_Festival,4,No,No
Toned Milk (500ml),West,2021-07-05,4617,27.34,29.6,No_Festival,4,No,No
Toned Milk (500ml),West,2021-07-12,5125,27.03,28.7,No_Festival,6,No,No
Toned Milk (500ml),West,2021-07-19,7732,26.98,28.4,No_Festival,7,No,Yes
Toned Milk (500ml),West,2021-07-26,4930,27.1,29.6,No_Festival,4,No,No
Toned Milk (500ml),West,2021-08-02,2572,26.9,29.9,No_Festival,2,No,No
Toned Milk (500ml),West,2021-08-09,8225,27.23,26.8,Independence Day,6,Yes,Yes
Toned Milk (500ml),West,2021-08-16,4859,27.11,28.1,No_Festival,5,No,No
Toned Milk (500ml),West,2021-08-23,5745,26.84,27.7,No_Festival,6,No,No
Toned Milk (500ml),West,2021-08-30,5843,27.13,29.8,No_Festival,5,No,No
Toned Milk (500ml),West,2021-09-06,6695,27.27,29.4,No_Festival,6,No,No
Toned Milk (500ml),West,2021-09-13,6758,27.07,29.6,No_Festival,6,No,No
Toned Milk (500ml),West,2021-09-20,4934,27.14,28.3,No_Festival,5,No,No
Toned Milk (500ml),West,2021-09-27,6826,26.78,29.8,Gandhi Jayanti,6,Yes,Yes
Toned Milk (500ml),West,2021-10-04,8690,27.06,30.2,No_Festival,7,No,No
Toned Milk (500ml),West,2021-10-11,5080,27.16,29.6,No_Festival,5,No,No
Toned Milk (500ml),West,2021-10-18,7474,26.97,31.4,No_Festival,7,No,No
Toned Milk (500ml),West,2021-10-25,3941,27.25,30.2,No_Festival,4,No,No
Toned Milk (500ml),West,2021-11-01,8362,27.03,25.6,Diwali,7,Yes,Yes
Toned Milk (500ml),West,2021-11-08,7014,26.71,26.5,No_Festival,7,No,No
Toned Milk (500ml),West,2021-11-15,5203,26.44,25.7,Guru Nanak Jayanti,5,Yes,Yes
Toned Milk (500ml),West,2021-11-22,6635,27.05,25.3,No_Festival,6,No,No
Toned Milk (500ml),West,2021-11-29,5641,26.91,22.0,No_Festival,5,No,No
Toned Milk (500ml),West,2021-12-06,4320,27.47,21.1,No_Festival,5,No,No
Toned Milk (500ml),West,2021-12-13,4883,26.97,22.4,No_Festival,5,No,No
Toned Milk (500ml),West,2021-12-20,3958,27.08,22.3,Christmas,5,Yes,Yes
Toned Milk (500ml),West,2021-12-27,6540,27.71,22.2,No_Festival,5,No,No
Toned Milk (500ml),West,2022-01-03,2561,28.49,21.1,No_Festival,3,No,No
Toned Milk (500ml),West,2022-01-10,6458,28.49,21.6,Makar Sankranti,5,Yes,Yes
Toned Milk (500ml),West,2022-01-17,6188,28.46,22.0,No_Festival,5,No,No
Toned Milk (500ml),West,2022-01-24,7814,27.99,22.4,Republic Day,6,Yes,Yes
Toned Milk (500ml),West,2022-01-31,6310,28.29,23.3,No_Festival,5,No,No
Toned Milk (500ml),West,2022-02-07,5615,28.6,24.6,No_Festival,5,No,No
Toned Milk (500ml),West,2022-02-14,7226,28.44,24.6,No_Festival,6,No,No
Toned Milk (500ml),West,2022-02-21,5668,28.5,25.0,No_Festival,6,No,No
Toned Milk (500ml),West,2022-02-28,6791,28.68,27.6,No_Festival,6,No,No
Toned Milk (500ml),West,2022-03-07,6565,28.16,27.8,No_Festival,5,No,No
Toned Milk (500ml),West,2022-03-14,6461,27.99,27.6,Holi,6,Yes,Yes
Toned Milk (500ml),West,2022-03-21,4399,28.42,27.4,No_Festival,3,No,No
Toned Milk (500ml),West,2022-03-28,4556,28.29,30.0,No_Festival,6,No,No
Toned Milk (500ml),West,2022-04-04,4926,28.15,32.2,No_Festival,5,No,No
Toned Milk (500ml),West,2022-04-11,6314,28.42,31.0,Baisakhi,5,Yes,Yes
Toned Milk (500ml),West,2022-04-18,6765,28.27,32.4,No_Festival,6,No,No
Toned Milk (500ml),West,2022-04-25,6147,28.41,31.4,No_Festival,6,No,No
Toned Milk (500ml),West,2022-05-02,1771,28.91,34.6,No_Festival,2,No,No
Toned Milk (500ml),West,2022-05-09,6963,28.28,37.1,No_Festival,6,No,No
Toned Milk (500ml),West,2022-05-16,5846,28.48,36.7,No_Festival,6,No,No
Toned Milk (500ml),West,2022-05-23,6674,27.95,35.5,No_Festival,6,No,No
Toned Milk (500ml),West,2022-05-30,7942,28.4,33.1,No_Festival,7,No,No
Toned Milk (500ml),West,2022-06-06,4624,27.99,32.2,No_Festival,5,No,No
Toned Milk (500ml),West,2022-06-13,4114,28.84,31.7,No_Festival,4,No,No
Toned Milk (500ml),West,2022-06-20,6764,28.42,31.4,No_Festival,6,No,No
Toned Milk (500ml),West,2022-06-27,5224,28.45,30.6,No_Festival,5,No,No
Toned Milk (500ml),West,2022-07-04,7531,28.07,28.0,No_Festival,6,No,Yes
Toned Milk (500ml),West,2022-07-11,3263,28.39,27.3,No_Festival,3,No,No
Toned Milk (500ml),West,2022-07-18,4478,28.45,29.2,No_Festival,3,No,No
Toned Milk (500ml),West,2022-07-25,7996,28.38,28.4,No_Festival,7,No,No
Toned Milk (500ml),West,2022-08-01,7955,28.34,28.0,No_Festival,7,No,No
Toned Milk (500ml),West,2022-08-08,7807,28.18,28.0,No_Festival,6,No,No
Toned Milk (500ml),West,2022-08-15,7187,28.21,27.4,Janmashtami,5,Yes,Yes
Toned Milk (500ml),West,2022-08-22,6513,28.22,27.2,No_Festival,6,No,No
Toned Milk (500ml),West,2022-08-29,6585,28.51,28.2,No_Festival,6,No,No
Toned Milk (500ml),West,2022-09-05,4371,28.34,27.1,No_Festival,5,No,No
Toned Milk (500ml),West,2022-09-12,5035,28.3,29.5,No_Festival,5,No,No
Toned Milk (500ml),West,2022-09-19,4604,28.7,29.4,No_Festival,4,No,No
Toned Milk (500ml),West,2022-09-26,6223,27.92,29.4,Gandhi Jayanti,5,Yes,Yes
Toned Milk (500ml),West,2022-10-03,4218,28.58,31.5,No_Festival,4,No,No
Toned Milk (500ml),West,2022-10-10,5995,28.14,31.2,No_Festival,6,No,No
Toned Milk (500ml),West,2022-10-17,4732,28.37,28.4,No_Festival,5,No,No
Toned Milk (500ml),West,2022-10-24,6181,28.39,30.2,Diwali,5,Yes,Yes
Toned Milk (500ml),West,2022-10-31,6184,28.53,28.0,No_Festival,5,No,No
Toned Milk (500ml),West,2022-11-07,5470,28.46,26.7,No_Festival,5,No,No
Toned Milk (500ml),West,2022-11-14,4190,28.29,27.2,No_Festival,5,No,No
Toned Milk (500ml),West,2022-11-21,7771,28.29,26.7,No_Festival,7,No,No
Toned Milk (500ml),West,2022-11-28,6446,28.57,24.2,No_Festival,5,No,No
Toned Milk (500ml),West,2022-12-05,7237,28.36,22.8,No_Festival,7,No,No
Toned Milk (500ml),West,2022-12-12,7238,28.25,20.6,No_Festival,7,No,No
Toned Milk (500ml),West,2022-12-19,7747,28.3,23.7,No_Festival,6,No,No
Toned Milk (500ml),West,2022-12-26,6156,28.49,22.4,No_Festival,6,No,No
Toned Milk (500ml),West,2023-01-02,6089,30.09,22.4,No_Festival,6,No,No
Toned Milk (500ml),West,2023-01-09,3566,29.08,22.2,No_Festival,4,No,No
Toned Milk (500ml),West,2023-01-16,3847,29.5,22.3,No_Festival,5,No,No
Toned Milk (500ml),West,2023-01-23,6163,29.43,21.9,No_Festival,5,No,No
Toned Milk (500ml),West,2023-01-30,7035,29.73,23.4,No_Festival,6,No,No
Toned Milk (500ml),West,2023-02-06,6822,29.76,22.4,No_Festival,6,No,No
Toned Milk (500ml),West,2023-02-13,5274,29.86,25.5,No_Festival,4,No,No
Toned Milk (500ml),West,2023-02-20,6897,29.77,25.5,No_Festival,6,No,No
Toned Milk (500ml),West,2023-02-27,5932,30.07,25.9,No_Festival,5,No,No
Toned Milk (500ml),West,2023-03-06,5670,30.01,29.3,Holi,4,Yes,Yes
Toned Milk (500ml),West,2023-03-13,5437,29.88,27.6,No_Festival,5,No,No
Toned Milk (500ml),West,2023-03-20,3038,29.7,27.8,No_Festival,3,No,No
Toned Milk (500ml),West,2023-03-27,6046,29.95,27.8,No_Festival,5,No,No
Toned Milk (500ml),West,2023-04-03,6604,29.9,32.0,No_Festival,6,No,No
Toned Milk (500ml),West,2023-04-10,5508,29.57,30.9,No_Festival,5,No,No
Toned Milk (500ml),West,2023-04-17,7216,29.49,31.6,No_Festival,6,No,Yes
Toned Milk (500ml),West,2023-04-24,5323,29.79,31.4,No_Festival,5,No,No
Toned Milk (500ml),West,2023-05-01,8065,29.85,35.7,No_Festival,7,No,No
Toned Milk (500ml),West,2023-05-08,5906,29.95,36.3,No_Festival,5,No,No
Toned Milk (500ml),West,2023-05-15,4907,29.67,36.5,No_Festival,4,No,No
Toned Milk (500ml),West,2023-05-22,7097,29.68,37.0,No_Festival,6,No,No
Toned Milk (500ml),West,2023-05-29,6618,29.07,31.1,No_Festival,6,No,No
Toned Milk (500ml),West,2023-06-05,7590,30.07,31.5,No_Festival,7,No,No
Toned Milk (500ml),West,2023-06-12,4501,29.25,31.8,No_Festival,5,No,No
Toned Milk (500ml),West,2023-06-19,5096,29.65,32.1,No_Festival,6,No,No
Toned Milk (500ml),West,2023-06-26,6677,29.63,30.8,No_Festival,6,No,Yes
Toned Milk (500ml),West,2023-07-03,6946,29.84,29.1,No_Festival,6,No,No
Toned Milk (500ml),West,2023-07-10,5783,29.42,27.8,No_Festival,6,No,No
Toned Milk (500ml),West,2023-07-17,6943,29.83,28.9,No_Festival,6,No,No
Toned Milk (500ml),West,2023-07-24,3819,29.44,29.3,No_Festival,4,No,No
Toned Milk (500ml),West,2023-07-31,5742,29.66,27.2,No_Festival,5,No,No
Toned Milk (500ml),West,2023-08-07,4662,29.92,30.0,No_Festival,5,No,No
Toned Milk (500ml),West,2023-08-14,3189,29.74,27.7,No_Festival,3,No,No
Toned Milk (500ml),West,2023-08-21,7375,29.64,27.9,No_Festival,6,No,No
Toned Milk (500ml),West,2023-08-28,4698,30.16,29.5,No_Festival,4,No,No
Toned Milk (500ml),West,2023-09-04,8355,29.46,27.7,Janmashtami,7,Yes,Yes
Toned Milk (500ml),West,2023-09-11,5933,29.8,28.7,No_Festival,5,No,No
Toned Milk (500ml),West,2023-09-18,9116,29.79,29.2,No_Festival,7,No,No
Toned Milk (500ml),West,2023-09-25,5045,29.81,29.2,No_Festival,5,No,No
Toned Milk (500ml),West,2023-10-02,4577,29.47,32.0,Gandhi Jayanti,4,Yes,Yes
Toned Milk (500ml),West,2023-10-09,4868,29.73,29.3,No_Festival,4,No,No
Toned Milk (500ml),West,2023-10-16,8626,29.53,28.5,No_Festival,7,No,No
Toned Milk (500ml),West,2023-10-23,7212,29.62,30.8,No_Festival,6,No,No
Toned Milk (500ml),West,2023-10-30,4883,29.77,28.3,No_Festival,5,No,No
Toned Milk (500ml),West,2023-11-06,6666,29.65,26.5,Diwali,5,Yes,Yes
Toned Milk (500ml),West,2023-11-13,5812,29.95,26.5,No_Festival,6,No,No
Toned Milk (500ml),West,2023-11-20,5752,30.12,24.9,No_Festival,5,No,No
Toned Milk (500ml),West,2023-11-27,6449,29.94,24.5,Guru Nanak Jayanti,6,Yes,Yes
Toned Milk (500ml),West,2023-12-04,6397,29.44,22.0,No_Festival,6,No,No
Toned Milk (500ml),West,2023-12-11,4467,30.0,22.7,No_Festival,5,No,No
Toned Milk (500ml),West,2023-12-18,4912,29.62,22.2,No_Festival,5,No,No
Toned Milk (500ml),West,2023-12-25,7721,30.13,21.8,Christmas,7,Yes,Yes
